,ad,ae,af,ag,ai,al,am,ao,aq,ar,as,at,au,aw,ax,az,ba,bb,bd,be,bf,bg,bh,bi,bj,bl,bm,bn,bo,bq,br,bs,bt,bv,bw,by,bz,ca,cc,cd,cf,cg,ch,ci,ck,cl,cm,cn,co,cr,cu,cv,cw,cx,cy,cz,de,dj,dk,dm,do,dz,ec,ee,eg,eh,er,es,et,fi,fj,fk,fm,fo,fr,ga,gb-eng,gb-nir,gb-sct,gb-wls,gb,gd,ge,gf,gg,gh,gi,gl,gm,gn,gp,gq,gr,gs,gt,gu,gw,gy,hk,hm,hn,hr,ht,hu,id,ie,il,im,in,io,iq,ir,is,it,je,jm,jo,jp,ke,kg,kh,ki,km,kn,kp,kr,kw,ky,kz,la,lb,lc,li,lk,lr,ls,lt,lu,lv,ly,ma,mc,md,me,mf,mg,mh,mk,ml,mm,mn,mo,mp,mq,mr,ms,mt,mu,mv,mw,mx,my,mz,na,nc,ne,nf,ng,ni,nl,no,np,nr,nu,nz,om,pa,pe,pf,pg,ph,pk,pl,pm,pn,pr,ps,pt,pw,py,qa,re,ro,rs,ru,rw,sa,sb,sc,sd,se,sg,sh,si,sj,sk,sl,sm,sn,so,sr,ss,st,sv,sx,sy,sz,tc,td,tf,tg,th,tj,tk,tl,tm,tn,to,tr,tt,tv,tw,tz,ua,ug,um,us,uy,uz,va,vc,ve,vg,vi,vn,vu,wf,ws,xk,ye,yt,za,zm,zw
ad,0.99999964,0.47240365,0.63558114,0.63654184,0.455493,0.59715897,0.6400534,0.5720417,0.6196698,0.6686192,0.5926281,0.6862102,0.4242425,0.5999837,0.6088261,0.5950847,0.68506175,0.8027252,0.5487914,0.90711945,0.6119479,0.6297766,0.70225674,0.64794105,0.7916676,0.6885159,0.71136653,0.66926974,0.5997626,0.50562215,0.51113826,0.5407229,0.719345,0.6525506,0.6173458,0.63151014,0.6568804,0.72061664,0.33058918,0.4762378,0.58781123,0.7676288,0.6989118,0.5696676,0.46868956,0.7420112,0.72713447,0.7249805,0.64547867,0.6188624,0.52245665,0.5013186,0.44119585,0.4870579,0.71769905,0.73417604,0.55896306,0.54428464,0.727583,0.5319883,0.6460849,0.6419046,0.65758884,0.5005218,0.5681226,0.46585512,0.55670655,0.67856395,0.52559805,0.5991414,0.6318964,0.47235122,0.6593816,0.6794059,0.85295665,0.5699485,0.6890545,0.6985322,0.5594021,0.5940832,0.6387162,0.7319176,0.6949531,0.4880513,0.7069697,0.59100187,0.6465342,0.69537455,0.6289901,0.66771036,0.55984205,0.6887729,0.60175437,0.47361362,0.73922604,0.5144624,0.61905026,0.6040944,0.74793684,0.3764304,0.54240674,0.6079444,0.64323485,0.6686184,0.6858002,0.8253502,0.6223078,0.74154615,0.6262244,0.62165534,0.55718434,0.6388284,0.5673127,0.8203057,0.7203838,0.5258621,0.45214236,0.6712243,0.48217368,0.69658303,0.5812566,0.6741573,0.6598238,0.63047355,0.6474657,0.6826386,0.61793053,0.47310707,0.4751752,0.6560261,0.66602093,0.6377544,0.5674303,0.70980823,0.73277485,0.51283914,0.65824646,0.62888783,0.68206143,0.47646403,0.75100195,0.6923926,0.9690776,0.69252545,0.85295665,0.58279926,0.5057893,0.7165828,0.8824293,0.7020208,0.5301664,0.5561385,0.58346444,0.3783348,0.59302425,0.4429662,0.726356,0.59920007,0.6574156,0.59305006,0.83843696,0.68314785,0.5378289,0.5461367,0.53419363,0.6215453,0.6388403,0.6637549,0.5338261,0.62530994,0.6525506,0.60657114,0.41486079,0.7274393,0.43492502,0.60608894,0.6970002,0.78383154,0.67941415,0.6338282,0.51821995,0.38849455,0.7043172,0.5025295,0.48300537,0.7397422,0.4717601,0.7509465,0.5293394,0.6095269,0.59197074,0.5998878,0.9777745,0.6725818,0.6341722,0.52065414,0.49181196,0.526491,0.7104548,0.5878521,0.5881457,0.7190396,0.45166883,0.6098353,0.6525506,0.65066624,0.55449677,0.66210973,0.90975636,0.59121245,0.65715396,0.5573857,0.5437204,0.5194724,0.5466426,0.48199087,0.64493465,0.46270055,0.9710297,0.5455145,0.5563233,0.6474823,0.60194474,0.6564738,0.77025187,0.39757484,0.7152381,0.65463805,0.7029214,0.66093975,0.4751378,0.68088365,0.3956202,0.5795427,0.6031227,0.73655343,0.73655343,0.61902386,0.59640235,0.6635693,0.75813806,0.6554507,0.4704158,0.70156914,0.6818143,0.57111204,0.722517,0.7444954,0.617832,0.5674407,0.69681674,0.55949867,0.5574741,0.5743485
ae,0.47240365,1.0000006,0.56390965,0.5652037,0.61393774,0.40687683,0.40484822,0.449512,0.6593381,0.76034373,0.7080686,0.81299585,0.52718407,0.6390959,0.5767114,0.6620306,0.5039351,0.44132817,0.56083995,0.48514307,0.525753,0.52973473,0.52839375,0.61747277,0.51491684,0.63236994,0.6328466,0.63664615,0.69721603,0.58910227,0.58789104,0.6592817,0.6660616,0.6347186,0.5456419,0.5608951,0.5992435,0.547935,0.47783965,0.5372055,0.6112049,0.56106776,0.64629525,0.6746223,0.5425437,0.65616083,0.4859458,0.5538151,0.57352966,0.5400985,0.60641676,0.5933083,0.483274,0.6118686,0.6513528,0.6005103,0.3992686,0.6995118,0.691946,0.62175554,0.6922093,0.57550895,0.59689206,0.219458,0.8156318,0.87227744,0.62539345,0.6491894,0.69855845,0.4424522,0.64869285,0.6022373,0.67506945,0.5495977,0.5261406,0.6949535,0.5593816,0.57321656,0.62872016,0.5549429,0.62492925,0.5195047,0.5523631,0.5555699,0.5621945,0.6504806,0.69518954,0.6687322,0.5901655,0.6460245,0.38498884,0.8087243,0.66701895,0.5570536,0.62376577,0.56712455,0.6421467,0.7149615,0.63905203,0.47913828,0.74360037,0.7506275,0.63874614,0.8229045,0.53063595,0.5956143,0.70703226,0.60376513,0.787183,0.6212434,0.804599,0.8406868,0.6479924,0.5452524,0.65177196,0.4789455,0.8490059,0.5890255,0.5185924,0.5122741,0.6365549,0.5618927,0.6237588,0.41520515,0.61121595,0.6236677,0.8469218,0.56165415,0.58569425,0.5689454,0.72061324,0.61843234,0.54755545,0.58083034,0.60432106,0.7571269,0.47751823,0.7388709,0.78010035,0.1734007,0.5916854,0.5562339,0.43119663,0.5161166,0.5261406,0.5451692,0.6170929,0.61974096,0.4802858,0.62981325,0.6178622,0.6659003,0.5570775,0.7005324,0.55242974,0.57507074,0.5767884,0.52809846,0.54331714,0.5364093,0.48461545,0.5263156,0.38192362,0.5753727,0.6288833,0.7415762,0.5188903,0.5590861,0.7826952,0.8192932,0.6347186,0.64366764,0.56880647,0.60563594,0.5299891,0.6046388,0.55135524,0.6298225,0.7340847,0.43560106,0.59172386,0.50342625,0.6936333,0.633333,0.5830799,0.50057214,0.8682578,0.39270714,0.5441577,0.7845903,0.53152525,0.60525566,0.4768072,0.45414132,0.50435996,0.6440538,0.60828614,0.553897,0.6136319,0.80149364,0.61356527,0.5873584,0.5806224,0.5026105,0.6347186,0.55544174,0.80991876,0.6422115,0.47672892,0.6510087,0.52823913,0.51215196,0.6981005,0.7943102,0.538391,0.8607842,0.5739107,0.5859801,0.4638535,0.5696657,0.5896134,0.42790127,0.786228,0.4815389,0.5092672,0.6039586,0.59769374,0.5015948,0.53230435,0.5476528,0.582108,0.42016986,0.43378985,0.550629,0.45835873,0.6191663,0.6191663,0.5965197,0.82396585,0.64491427,0.49607182,0.48241183,0.5642298,0.6162213,0.50593424,0.4057027,0.57073617,0.50279796,0.61693424,0.82675683,0.6264797,0.5521459,0.4640753,0.41063008
af,0.63558114,0.56390965,0.99999994,0.53345305,0.45938486,0.3498197,0.5240287,0.460551,0.69583404,0.64078957,0.6343602,0.6303434,0.4140809,0.57518727,0.60272133,0.55555934,0.6188836,0.75987005,0.7246476,0.71176565,0.5599248,0.5412686,0.44739288,0.7038747,0.612442,0.58492947,0.5896291,0.5977413,0.58030546,0.48633072,0.61479217,0.6103896,0.63951194,0.5186916,0.55848855,0.49841565,0.622903,0.5822572,0.4338236,0.46522117,0.6056123,0.59192103,0.59417814,0.752825,0.46126017,0.65992206,0.66939175,0.55247307,0.56070757,0.5589051,0.57501066,0.50469667,0.43165132,0.54730177,0.6246097,0.6160523,0.4601189,0.5264623,0.6186813,0.59901786,0.6116255,0.6532846,0.5826716,0.41813773,0.55523634,0.5817311,0.6002377,0.60381263,0.49013242,0.50120735,0.61145854,0.47778314,0.6310312,0.58817536,0.68810844,0.5833872,0.5889565,0.60098535,0.562253,0.5469529,0.5721341,0.65975446,0.5887913,0.5473882,0.6044695,0.55482316,0.544136,0.599378,0.5623728,0.79838985,0.581296,0.65269965,0.5787412,0.4485069,0.74517524,0.5034356,0.60955113,0.6630468,0.61183715,0.35817868,0.5699283,0.5673288,0.55998456,0.6482157,0.5888113,0.7205759,0.5787677,0.57609713,0.603701,0.588199,0.53636044,0.6206107,0.57912433,0.69494605,0.62221134,0.49049488,0.54555297,0.5730972,0.46298948,0.51060945,0.50527793,0.5824986,0.6032909,0.43308824,0.54742014,0.5956189,0.68434346,0.4561141,0.53983974,0.61389637,0.5874826,0.60577905,0.47048745,0.6057543,0.64371467,0.5369122,0.55572504,0.6159469,0.62291795,0.37525788,0.573516,0.6039525,0.59733075,0.5222977,0.68810844,0.4081976,0.47429627,0.6083164,0.64555615,0.676415,0.29076943,0.64963394,0.6144765,0.43203408,0.5980609,0.4564584,0.4971691,0.5479262,0.48001105,0.56620526,0.65909195,0.56835306,0.4726204,0.551348,0.5251088,0.60296607,0.74357015,0.802235,0.5595162,0.6178018,0.5186916,0.60067475,0.41256818,0.6373968,0.4248125,0.5581793,0.56377226,0.644074,0.614103,0.44080135,0.39974147,0.27653438,0.6019849,0.5220961,0.47112745,0.5834729,0.5727162,0.5405184,0.5673072,0.5936787,0.36459765,0.55473465,0.6730033,0.5984051,0.51931304,0.5252773,0.6139496,0.46028134,0.6544718,0.62500817,0.5916054,0.6199588,0.444896,0.48211303,0.5186916,0.55506474,0.59406734,0.5967403,0.65242124,0.59160596,0.5788724,0.46601874,0.5592334,0.54216194,0.4180624,0.5231754,0.54075724,0.45536962,0.6796012,0.52917993,0.544813,0.5626679,0.60524565,0.6249505,0.6138618,0.47711745,0.5645844,0.43666127,0.52356106,0.50458544,0.53204715,0.41351107,0.45694312,0.5416726,0.54066366,0.6470108,0.6470108,0.5699553,0.6038287,0.67499995,0.76490265,0.5405014,0.45710564,0.59887165,0.5035977,0.5313011,0.55462885,0.4929284,0.6094305,0.5629369,0.598948,0.54505575,0.3997629,0.41451374
ag,0.63654184,0.5652037,0.53345305,0.9999999,0.37055153,0.62739456,0.6487832,0.36149335,0.5149231,0.6166197,0.5697341,0.71433574,0.37704822,0.56517696,0.4733013,0.5138269,0.41782463,0.50350463,0.41308072,0.64426327,0.42514783,0.5014313,0.5956636,0.6198285,0.54471713,0.6138854,0.6521398,0.55753136,0.5110779,0.42752153,0.43781307,0.4268758,0.71336204,0.6799701,0.53696996,0.5006694,0.59509087,0.6629828,0.30266625,0.4091117,0.5738035,0.6369766,0.7851071,0.66126037,0.394809,0.59618354,0.51209766,0.69517016,0.5480719,0.60462546,0.63173896,0.52779067,0.47493106,0.3684341,0.6317993,0.52169687,0.6572034,0.47807783,0.7079554,0.45515832,0.66794044,0.51549596,0.57417005,0.50827336,0.5070913,0.57892746,0.5749938,0.69072616,0.6925272,0.54262304,0.5822311,0.39166293,0.59522325,0.594607,0.687858,0.5471971,0.57486594,0.590728,0.48620662,0.37895453,0.5808482,0.68596184,0.57387173,0.60431755,0.5833203,0.4978525,0.5471771,0.61424845,0.5756571,0.6152456,0.39337516,0.67197204,0.56534386,0.3933834,0.6104032,0.4891082,0.52302754,0.5939762,0.7699326,0.35487747,0.50251806,0.5572289,0.70901924,0.6328104,0.70056474,0.68170637,0.59523827,0.7344166,0.54243714,0.58228993,0.5147091,0.6989422,0.48222673,0.6732025,0.6606921,0.42209548,0.57552123,0.550033,0.49879017,0.68724585,0.6189799,0.63280374,0.4863352,0.5769551,0.61880153,0.6185191,0.65928286,0.39621598,0.40847573,0.61282516,0.69117296,0.5180819,0.6667026,0.61058617,0.67192346,0.51710725,0.5746068,0.56735915,0.6879207,0.26755702,0.7316832,0.7171836,0.59608436,0.672784,0.687858,0.46713853,0.45563862,0.6869684,0.6182257,0.6752478,0.6842,0.5036599,0.5107561,0.48335692,0.5292281,0.3831163,0.6506647,0.49539754,0.69793034,0.5832533,0.6690081,0.65401006,0.62462527,0.46168453,0.47616702,0.52709997,0.49041623,0.56494236,0.5139307,0.603303,0.6799701,0.62897354,0.38295123,0.6491173,0.36618212,0.47963127,0.5648849,0.7792738,0.6902237,0.37592268,0.6033064,0.4480298,0.5935483,0.5419363,0.39910287,0.6367914,0.5922397,0.5558433,0.38017395,0.56317663,0.5462597,0.52843046,0.6340157,0.6571008,0.5039165,0.47732663,0.42491502,0.39504462,0.57854825,0.45834577,0.43195304,0.7142106,0.37093177,0.51453424,0.6799701,0.53404164,0.5427079,0.5131459,0.6542072,0.5208005,0.6009114,0.46586812,0.5444181,0.51518786,0.5074472,0.47701612,0.6273936,0.36857072,0.6234416,0.4416541,0.6045244,0.61966574,0.57050407,0.5102642,0.6240306,0.43532956,0.75041515,0.568971,0.6750249,0.66821223,0.43079638,0.60708773,0.3718503,0.6198054,0.66954017,0.687453,0.687453,0.5643585,0.5479338,0.6474198,0.5124174,0.57976604,0.39677683,0.6028178,0.66786665,0.3967851,0.64248794,0.67951447,0.49284932,0.51706463,0.61157036,0.47872716,0.45800704,0.5536314
ai,0.455493,0.61393774,0.45938486,0.37055153,0.9999996,0.2911041,0.4241382,0.4840542,0.73251086,0.77080137,0.56140673,0.62102187,0.8709637,0.7336469,0.6080284,0.60229903,0.6179968,0.52272093,0.5810425,0.37098128,0.6095355,0.6149457,0.5655199,0.59704506,0.4611961,0.7010241,0.6773397,0.5649252,0.5958631,0.6831858,0.60232764,0.5935191,0.5297847,0.57406306,0.70350736,0.5589255,0.58345807,0.52108896,0.41795316,0.6509142,0.59643394,0.41694272,0.44233498,0.59356856,0.85235924,0.56086665,0.46761298,0.44705653,0.565554,0.6189721,0.63383424,0.5955435,0.5841726,0.5771949,0.7159086,0.6113675,0.19540107,0.71434206,0.57398766,0.55373037,0.54669166,0.5628799,0.55897254,0.4377104,0.63742507,0.5621341,0.5871038,0.47686097,0.48899072,0.60957575,0.80400443,0.9623847,0.7696293,0.6547677,0.5147638,0.6143098,0.66174006,0.65643513,0.6957949,0.67116404,0.6463915,0.46314466,0.622376,0.41066906,0.6406606,0.5791699,0.66867894,0.6480726,0.6264662,0.5053942,0.3287596,0.57013065,0.7089172,0.9283976,0.7189334,0.63980895,0.549427,0.6413067,0.4777122,0.8484152,0.74421567,0.67534816,0.5075788,0.6984222,0.5145298,0.5906197,0.7397122,0.48062688,0.70127624,0.7401798,0.64188236,0.60966,0.707649,0.5496323,0.67629486,0.41284972,0.5613411,0.7001446,0.43090603,0.32659414,0.5902926,0.552323,0.63628095,0.41373062,0.6022794,0.7091906,0.5263703,0.9315349,0.6906743,0.47281846,0.65415716,0.73622644,0.4476498,0.51522285,0.5939604,0.69245934,0.50850487,0.73061454,0.6032506,0.33120975,0.5102904,0.5448222,0.47179,0.344767,0.5147638,0.636892,0.68178356,0.4886218,0.43530533,0.5197243,0.5690048,0.6390622,0.67625237,0.54145217,0.5002818,0.9325851,0.6268898,0.47632664,0.46987116,0.42029935,0.52525187,0.47580522,0.3784549,0.5540727,0.593059,0.64798915,0.57415986,0.5791198,0.7453447,0.70989066,0.57406306,0.6157003,0.621297,0.5014597,0.8989477,0.57893676,0.6945447,0.5345693,0.6539972,0.43331885,0.5494102,0.56735986,0.6862684,0.6570833,0.92840517,0.5401584,0.56943387,0.28324613,0.6697329,0.7210255,0.6112454,0.63452303,0.4400858,0.56342274,0.6245584,0.57253647,0.65217614,0.6203933,0.56707054,0.60580856,0.6290882,0.5996972,0.9752793,0.58486354,0.57406306,0.6297293,0.70990884,0.79310197,0.4498657,0.7619165,0.5471318,0.5501207,0.50407803,0.73510885,0.6158638,0.597663,0.58401,0.9717668,0.41066065,0.79355127,0.5334083,0.57595307,0.64918536,0.4790748,0.4165372,0.6070506,0.4111593,0.49889752,0.41659796,0.47378004,0.829247,0.274178,0.5402384,0.42679495,0.3540441,0.58114135,0.58114135,0.72507775,0.7257582,0.58144265,0.5174786,0.49786025,0.92940015,0.68571734,0.32254538,0.48809248,0.5143595,0.3753007,0.7213669,0.6377298,0.70954883,0.5893323,0.33621997,0.4203398
al,0.59715897,0.40687683,0.3498197,0.62739456,0.2911041,0.9999996,0.6867655,0.6256365,0.17059666,0.42318806,0.34687033,0.68334055,0.2736799,0.32030275,0.36755288,0.37931007,0.2714551,0.29806072,0.16963573,0.6072845,0.5102165,0.5316293,0.71496904,0.52445227,0.54238874,0.5781174,0.76536906,0.6100872,0.5811727,0.37516734,0.22791329,0.1927332,0.7593561,0.6794119,0.36391997,0.6744888,0.3749681,0.7425022,0.1410329,0.23540844,0.49847054,0.5678656,0.8190062,0.47116482,0.27620926,0.59417444,0.5770996,0.93021995,0.6527591,0.4816604,0.39847705,0.25037536,0.1988804,0.115876354,0.57076555,0.5494917,0.66484165,0.34875816,0.7370793,0.277868,0.49812925,0.39560091,0.66481745,0.31730628,0.5069185,0.34401694,0.5654589,0.78912395,0.59583277,0.45644265,0.399477,0.30318555,0.36804307,0.5409706,0.47428453,0.35090965,0.6006682,0.59537715,0.28351045,0.46490633,0.5441073,0.6466443,0.64459205,0.50023425,0.62681717,0.59749734,0.6449517,0.63764864,0.5466861,0.54715264,0.25099808,0.509197,0.34719363,0.30045432,0.344485,0.20257932,0.57582384,0.46793032,0.8701385,0.25746718,0.1974478,0.54286665,0.48827392,0.55028373,0.6783388,0.49583137,0.42928052,0.9020873,0.5205711,0.45601302,0.50572735,0.53767025,0.29998067,0.45462576,0.6026485,0.38058066,0.3895718,0.5872903,0.41573304,0.93613446,0.4486177,0.6145541,0.45054975,0.5115202,0.58694375,0.54629755,0.43295008,0.30733562,0.047656678,0.5629428,0.6637835,0.32193896,0.6155288,0.7291895,0.61638314,0.28677908,0.67541957,0.44767174,0.67510957,0.47964022,0.9224172,0.64216346,0.5624682,0.9054754,0.47428453,0.52608675,0.24990451,0.8197596,0.5669938,0.65492713,0.705056,0.121323794,0.10320719,0.43450227,0.47701988,0.2617686,0.64059716,0.54252523,0.7637454,0.5143325,0.48663297,0.60583633,0.5498215,0.36213395,0.34948617,0.5054091,0.25035632,0.21789445,0.22587234,0.48193502,0.6794119,0.5842766,0.16190544,0.69182676,0.24981935,0.61191696,0.5225249,0.6978433,0.6606409,0.62290376,0.53188765,0.32191405,0.6449559,0.36502662,0.30444863,0.56050456,0.35038024,0.677618,0.07261644,0.4745102,0.6181938,0.43818194,0.5687437,0.559622,0.53407675,0.27111313,0.052819453,0.22697431,0.5275096,0.42623198,0.28739274,0.65383303,0.28096583,0.5377022,0.6794119,0.5915315,0.2598041,0.44711664,0.5606855,0.22753498,0.53584874,0.22628136,0.4138397,0.24122056,0.52799684,0.27805525,0.5684884,0.291363,0.5779407,0.30280975,0.5228965,0.56692487,0.49183372,0.3181423,0.80809003,0.23087399,0.8731538,0.7813416,0.8991994,0.78500164,0.17942527,0.8075589,0.17102155,0.46236306,0.6384513,0.58029306,0.58029306,0.44719717,0.34775966,0.6193743,0.4257802,0.67182875,0.29919016,0.57055634,0.9330787,0.4949857,0.81165314,0.7798659,0.22859742,0.496707,0.5753354,0.409899,0.37908083,0.5623019
am,0.6400534,0.40484822,0.5240287,0.6487832,0.4241382,0.6867655,0.99999845,0.49612173,0.47112975,0.57659245,0.450954,0.71578795,0.46414605,0.63446873,0.32216996,0.400328,0.44933373,0.5330797,0.4246698,0.6088872,0.6344379,0.67989284,0.6950515,0.6850765,0.5580751,0.7143891,0.69789,0.70648015,0.550862,0.5155723,0.4237687,0.24410698,0.72588736,0.729325,0.5649371,0.60334826,0.57678664,0.6623386,0.34646228,0.4582032,0.6730362,0.6268823,0.7053977,0.62698233,0.4685518,0.60573554,0.6300146,0.7269565,0.6303386,0.4804824,0.51684237,0.41861284,0.47456425,0.30574065,0.7011264,0.59821284,0.623495,0.55798763,0.7061237,0.38738394,0.5695598,0.5674852,0.6649804,0.5508764,0.52392966,0.4325861,0.5257312,0.6465041,0.4767012,0.6858592,0.6273196,0.46160573,0.6270727,0.6951774,0.58952814,0.30910242,0.6831769,0.6764644,0.5589133,0.55030316,0.5662723,0.77202827,0.66621536,0.62593913,0.6734606,0.50754917,0.6272144,0.6267433,0.79299426,0.6312786,0.3423711,0.6195239,0.5531499,0.47013184,0.6175685,0.48130596,0.6003393,0.52752966,0.7395358,0.41527343,0.39035302,0.5606522,0.56222665,0.66926455,0.75702983,0.6556619,0.5725102,0.7398098,0.6229471,0.6267505,0.5318008,0.5841972,0.40356484,0.61377066,0.71270555,0.50441694,0.4462066,0.69476974,0.35573387,0.6750501,0.3529922,0.6671333,0.51958996,0.48638988,0.50178176,0.689396,0.5046156,0.46892697,0.41378066,0.7396669,0.7276956,0.60195273,0.59485203,0.71436155,0.682858,0.4585868,0.7880786,0.5937746,0.68085766,0.65081334,0.7722158,0.7612626,0.63716096,0.7009789,0.58952814,0.63101995,0.42428812,0.72448033,0.64014,0.74087834,0.63766515,0.46743667,0.4239401,0.37216774,0.6741295,0.44573703,0.68746614,0.63866717,0.75387764,0.5002515,0.60560995,0.68710774,0.69100964,0.5719807,0.34625942,0.63526773,0.5194093,0.52362424,0.36571306,0.57292897,0.729325,0.6439271,0.30862215,0.73539567,0.44255552,0.5222493,0.6190065,0.6830927,0.7155999,0.49441844,0.5574067,0.48146152,0.6173393,0.5186117,0.46183842,0.6663946,0.46256146,0.5724463,0.36873627,0.5443594,0.64665043,0.5937757,0.62046033,0.82074845,0.7054739,0.42334387,0.42857945,0.48949754,0.61442506,0.5122265,0.32557103,0.76955867,0.43295646,0.70349807,0.729325,0.6947403,0.39747936,0.6200526,0.64567333,0.530779,0.5598862,0.4049539,0.37666962,0.35669553,0.58940303,0.30568856,0.5769383,0.42338827,0.61395764,0.5243176,0.59803945,0.72346866,0.61063313,0.52875113,0.7142534,0.49515474,0.70027494,0.6113644,0.7081331,0.660785,0.4977114,0.61749774,0.39389497,0.65191495,0.66546905,0.6926714,0.6926714,0.64860415,0.4963311,0.70809954,0.60292006,0.7895117,0.4644266,0.7222918,0.6680274,0.6066818,0.67595094,0.66101027,0.4835875,0.5261796,0.71952033,0.534108,0.45840666,0.59452033
ao,0.5720417,0.449512,0.460551,0.36149335,0.4840542,0.6256365,0.49612173,1.0000014,0.35940948,0.47470072,0.434028,0.6081995,0.47390464,0.35771057,0.43070906,0.3976864,0.46284702,0.41226146,0.37498552,0.58151114,0.8026953,0.53213936,0.5905755,0.5304868,0.5267777,0.49446395,0.63719547,0.56543267,0.70525515,0.5294501,0.29092002,0.34463635,0.6254467,0.5764928,0.40797943,0.7633464,0.47763532,0.6069171,0.27844456,0.35224634,0.48431087,0.45857576,0.67154574,0.49876642,0.48855996,0.55745804,0.5094711,0.7203708,0.6862124,0.50396466,0.4479296,0.19507393,0.2150828,0.2810949,0.5376774,0.5914174,0.2785834,0.4828517,0.62611806,0.34121525,0.5032679,0.4188242,0.64931774,0.11160949,0.66263515,0.386578,0.5026732,0.6606763,0.296927,0.42866927,0.458619,0.4784066,0.4281951,0.5071118,0.5218749,0.35504967,0.53857696,0.5430801,0.3902376,0.6656848,0.52677804,0.58188015,0.56486845,0.2998634,0.5640563,0.7141725,0.59006166,0.635523,0.6462068,0.55359364,0.3697987,0.381508,0.39516905,0.48508823,0.452017,0.33759874,0.7040153,0.51198214,0.71839714,0.44451883,0.3337216,0.6577272,0.29492426,0.63432693,0.528451,0.52078146,0.44917557,0.720403,0.6711242,0.4693251,0.6606719,0.4153487,0.387598,0.50513405,0.54730266,0.4123395,0.41259003,0.5123876,0.4304031,0.7226593,0.50344294,0.5845493,0.59711844,0.2667866,0.5629832,0.49793854,0.32101786,0.47412404,0.23808281,0.5476218,0.56388205,0.37879983,0.22070561,0.5981539,0.5250135,0.3759738,0.577968,0.60680026,0.5980915,0.5629671,0.7104417,0.47606546,0.5319676,0.69551873,0.5218749,0.63029385,0.395488,0.66311216,0.5563032,0.5883715,0.520267,0.2935901,0.3205829,0.3609582,0.4288165,0.4616574,0.56423795,0.51832366,0.5815806,0.4574517,0.50630605,0.42979214,0.26307315,0.45394453,0.44850168,0.6322772,0.3622412,0.38028234,0.3565531,0.59158325,0.5764928,0.48960957,0.23710765,0.54911786,0.48118648,0.6973025,0.5818807,0.63092864,0.5816127,0.70586115,0.2996531,0.32958362,0.6515987,0.39385492,0.5003832,0.5227088,0.3913874,0.5733209,0.2916174,0.62051743,0.5175196,0.38310653,0.57798105,0.42978176,0.530915,0.24935827,0.28022298,0.33304155,0.53803504,0.63400316,0.3686861,0.5291084,0.48697466,0.4927072,0.5764928,0.5693241,0.36839437,0.5895982,0.54532903,0.35973582,0.5227327,0.3267413,0.4464348,0.36097154,0.6026553,0.3801482,0.5341519,0.49859372,0.58234304,0.44735706,0.5368505,0.5028819,0.6198028,0.3124688,0.65955365,0.2782852,0.7113565,0.662929,0.6949072,0.59601337,0.3571482,0.5015545,0.23606655,0.19209194,0.52626014,0.4755451,0.4755451,0.48190194,0.46004158,0.5531686,0.44744885,0.5599625,0.47226086,0.50522053,0.7146474,0.68012905,0.64935964,0.4924006,0.38792217,0.65664315,0.513747,0.5434376,0.2790011,0.46753302
aq,0.6196698,0.6593381,0.69583404,0.5149231,0.73251086,0.17059666,0.47112975,0.35940948,1.0000014,0.9079041,0.7665424,0.6532438,0.68987226,0.8905753,0.7220979,0.77449805,0.7789354,0.75188404,0.8344867,0.5614765,0.6060681,0.6552092,0.5855119,0.7416208,0.6295422,0.78644836,0.5739529,0.60300994,0.60217065,0.7310353,0.78737974,0.7710166,0.60271853,0.5909812,0.8423867,0.53312343,0.7383152,0.55945736,0.5502032,0.7873932,0.66829485,0.6575488,0.46349,0.7488325,0.7266197,0.6816382,0.60519874,0.41808105,0.518727,0.74147224,0.7521414,0.8090083,0.7639326,0.75055784,0.8180769,0.6832939,0.35882574,0.8097066,0.59635186,0.72589254,0.69360656,0.7681034,0.5440389,0.6495565,0.6141797,0.661113,0.6502895,0.50552624,0.568567,0.74387884,0.868796,0.75121605,0.92469686,0.77952933,0.7297534,0.7984841,0.7462418,0.75433946,0.861967,0.6956761,0.72217125,0.5836484,0.69150865,0.58642006,0.73266727,0.5779354,0.6469027,0.69071805,0.63677055,0.6431361,0.5843114,0.7147369,0.8543383,0.73001415,0.92728555,0.77979684,0.5701527,0.7526063,0.5004704,0.641709,0.9175501,0.66566217,0.67907596,0.7549444,0.62230223,0.80616176,0.83461136,0.4735775,0.7084856,0.7792278,0.605839,0.7174801,0.8050782,0.7788002,0.76972985,0.5797092,0.62715536,0.7609208,0.512211,0.2983267,0.6995913,0.6412202,0.7131156,0.5253917,0.67023957,0.7835518,0.6957119,0.7384023,0.90774274,0.5708627,0.67253727,0.894941,0.56176835,0.5787859,0.71654737,0.79540205,0.5209015,0.7937343,0.64952433,0.33588755,0.49301523,0.68297005,0.6372971,0.3362933,0.7297534,0.6404319,0.7884666,0.529669,0.64002,0.6163424,0.5351201,0.9121922,0.9061828,0.56768215,0.6311043,0.7332558,0.67591435,0.61513203,0.45266467,0.5716133,0.72872937,0.63468695,0.5202836,0.72134453,0.72014093,0.68834704,0.8065698,0.8590591,0.8895989,0.76217586,0.5909812,0.6850724,0.75286657,0.59557533,0.71189886,0.5984164,0.7076939,0.6406783,0.68420756,0.3713415,0.6343282,0.6074686,0.69906783,0.770793,0.737371,0.6467417,0.6738831,0.41553015,0.8925115,0.7436294,0.6107989,0.7262219,0.64030004,0.7096286,0.6505345,0.78626025,0.8757443,0.7831431,0.7018603,0.63992,0.75475055,0.7184085,0.73158675,0.59544706,0.5909812,0.65658164,0.86029416,0.84932053,0.65866816,0.934431,0.69864047,0.7072756,0.65665245,0.85845923,0.6156249,0.69371104,0.6708977,0.7295034,0.6091446,0.82293606,0.6256934,0.66907185,0.6868724,0.73976904,0.47177228,0.74065703,0.41990802,0.40513602,0.3967065,0.47976223,0.84507746,0.34427062,0.6692324,0.66334426,0.4416059,0.76002586,0.76002586,0.80013084,0.85711104,0.715514,0.7226019,0.49797904,0.73374754,0.78066933,0.2868744,0.53489774,0.5100455,0.4956806,0.9186455,0.62278247,0.80071324,0.6726201,0.52468556,0.504642
ar,0.6686192,0.76034373,0.64078957,0.6166197,0.77080137,0.42318806,0.57659245,0.47470072,0.9079041,1.0000013,0.77613175,0.81203806,0.74025446,0.91945,0.80826604,0.8474672,0.72274256,0.70582134,0.7896627,0.60609645,0.7092781,0.7293714,0.7605709,0.79159987,0.69969344,0.9252261,0.73310447,0.73088175,0.76348233,0.79546106,0.7785722,0.78118294,0.7548696,0.7312818,0.89254206,0.702227,0.7512612,0.69165474,0.58850724,0.81173205,0.77672905,0.72752243,0.6060724,0.7899617,0.7643488,0.76854074,0.7056009,0.6191842,0.6595081,0.794969,0.7852983,0.82385534,0.7496245,0.75507563,0.940191,0.7586399,0.506153,0.884411,0.7483959,0.7821814,0.7910236,0.80649984,0.6846993,0.6646584,0.76035607,0.7532646,0.7668242,0.6886189,0.74225307,0.7907336,0.92438936,0.78303933,0.9708408,0.8608545,0.7256396,0.88979363,0.86084056,0.85818917,0.85678434,0.79011834,0.82271373,0.67372936,0.8206692,0.6953595,0.84677726,0.7508492,0.8193612,0.8146035,0.7376016,0.7054291,0.51910913,0.801519,0.9091894,0.76648986,0.9267985,0.7779125,0.6883114,0.8279604,0.66538066,0.685675,0.9589646,0.81159306,0.7392055,0.88483775,0.75693595,0.83783126,0.9322429,0.6512341,0.8431556,0.8536761,0.75277555,0.8458928,0.86844254,0.78346896,0.9033148,0.5875299,0.73264855,0.90279526,0.59366643,0.4964014,0.7594609,0.74631226,0.7831305,0.618225,0.7683018,0.9135947,0.7415679,0.77108467,0.88324946,0.63123703,0.83066815,0.9401898,0.6731435,0.7313248,0.81324136,0.88744944,0.62926036,0.8944734,0.80077183,0.4130863,0.6926688,0.8054875,0.69051754,0.5317854,0.7256396,0.7861223,0.8253899,0.70771307,0.6981429,0.7056702,0.7259666,0.86579376,0.82077867,0.6858427,0.7148496,0.76720864,0.8116688,0.7163701,0.6449577,0.6800188,0.74579054,0.7416793,0.61808836,0.76166874,0.8045665,0.83187675,0.7686173,0.79341453,0.9500316,0.88140297,0.7312818,0.80124223,0.7861696,0.73788595,0.75019014,0.72244966,0.7928476,0.728585,0.8353506,0.49483037,0.766256,0.6946328,0.82369375,0.8501979,0.7784914,0.72035193,0.76539606,0.50704044,0.85203075,0.8664142,0.7778628,0.79219866,0.678046,0.77288854,0.715786,0.82231337,0.81972647,0.8011967,0.78385925,0.70877635,0.8217425,0.844899,0.76881963,0.6590487,0.7312818,0.74024415,0.92531455,0.93446684,0.7053732,0.93937683,0.7606853,0.7495444,0.7661011,0.93330824,0.75457215,0.7974358,0.7598693,0.7700791,0.6481181,0.8528884,0.7085154,0.724729,0.80311626,0.6905488,0.6132322,0.78513706,0.58251494,0.5923611,0.5892769,0.66022277,0.8560465,0.5073986,0.7050881,0.7436218,0.5117664,0.8420044,0.8420044,0.87355447,0.9377258,0.83425283,0.7025325,0.5953867,0.76823163,0.90727955,0.48452634,0.6259658,0.67484206,0.64653456,0.90437764,0.7566501,0.92877465,0.72409403,0.60381293,0.6162781
as,0.5926281,0.7080686,0.6343602,0.5697341,0.56140673,0.34687033,0.450954,0.434028,0.7665424,0.77613175,1.0000002,0.7324509,0.4910544,0.69862527,0.5930974,0.64302444,0.6020104,0.5186387,0.62875026,0.6141224,0.5516107,0.5249219,0.5066567,0.70046204,0.61134416,0.6612703,0.6026317,0.48172593,0.628444,0.51142585,0.5876279,0.693836,0.600385,0.57853603,0.6192646,0.5235607,0.6657434,0.5270903,0.3753132,0.59859633,0.58821374,0.62131876,0.6050495,0.5782158,0.56730527,0.6641595,0.6528542,0.5271203,0.49423674,0.67197853,0.69944,0.70208275,0.58874786,0.618995,0.6767064,0.6282923,0.40262163,0.60760283,0.6503382,0.5630803,0.6712432,0.7521924,0.51570916,0.42314577,0.6863974,0.7102685,0.58587146,0.6045459,0.5843038,0.5826232,0.707265,0.5960482,0.7368469,0.653072,0.6633277,0.69080234,0.6224927,0.6353813,0.7335814,0.55467135,0.6574043,0.5423177,0.5957645,0.4224344,0.6337089,0.60778856,0.6121148,0.6321738,0.57967526,0.532273,0.44762832,0.72009385,0.7068503,0.5535292,0.70357615,0.64853954,0.5478075,0.6433724,0.61851066,0.46665335,0.74973524,0.7008573,0.66960955,0.76194966,0.61654437,0.7190454,0.70780104,0.58887994,0.69220746,0.6571472,0.67477196,0.72113776,0.6553,0.666392,0.65608656,0.50606525,0.68548906,0.62303513,0.50753736,0.47091654,0.6986358,0.63852787,0.63993585,0.4596891,0.6436588,0.6415587,0.7571371,0.58107495,0.6429772,0.5994433,0.6872341,0.6802984,0.54243445,0.57056814,0.70485944,0.7202942,0.45495397,0.7470987,0.72836894,0.2611813,0.5758379,0.6494834,0.5627703,0.4644946,0.6633277,0.48629016,0.65702254,0.5875021,0.5561743,0.59516406,0.5767211,0.71199715,0.6849341,0.46798745,0.5570383,0.54822105,0.5438574,0.5699783,0.51941264,0.5529483,0.6164982,0.63031375,0.41153833,0.6081946,0.6179825,0.6554676,0.5624022,0.6216367,0.77578855,0.77051425,0.57853603,0.5843079,0.6282972,0.5812044,0.5112574,0.54811645,0.66176885,0.6242982,0.70390296,0.52895844,0.53306687,0.41041508,0.6414204,0.608449,0.5675613,0.67286325,0.7071781,0.5253862,0.64684397,0.742449,0.47380602,0.6359396,0.60716724,0.5931908,0.5131248,0.64857185,0.6485904,0.6050647,0.6535101,0.7148726,0.62968415,0.66745245,0.5421705,0.49620062,0.57853603,0.5561024,0.7541979,0.671607,0.58818644,0.73458457,0.6128452,0.6050295,0.60351706,0.7716667,0.5225518,0.682527,0.6269004,0.54751915,0.58797,0.63245064,0.57584596,0.57559794,0.71422684,0.6213093,0.55293095,0.5136559,0.571428,0.43488976,0.50831187,0.5304885,0.6263802,0.46332434,0.45739,0.5670779,0.48736414,0.7139166,0.7139166,0.64079666,0.76570237,0.65125966,0.5321909,0.44591483,0.5637866,0.6391511,0.4649279,0.49437594,0.5744066,0.578505,0.7284474,0.6989662,0.66484547,0.5892663,0.4673357,0.43044767
at,0.6862102,0.81299585,0.6303434,0.71433574,0.62102187,0.68334055,0.71578795,0.6081995,0.6532438,0.81203806,0.7324509,1.0,0.5688129,0.6916508,0.59293413,0.5855751,0.5730567,0.5595959,0.5757902,0.6621273,0.6709306,0.6531378,0.7724806,0.75605154,0.6754056,0.76808333,0.8209532,0.71103704,0.82114786,0.6398963,0.56583434,0.5217283,0.8169068,0.83709157,0.6022602,0.70569825,0.7032586,0.6972149,0.41414282,0.5729368,0.7411758,0.7030864,0.83748066,0.6989691,0.58625007,0.73372674,0.69750226,0.80146927,0.717612,0.59994316,0.6381815,0.61235327,0.5231992,0.51560205,0.7809828,0.69679785,0.5460498,0.6945296,0.88046396,0.6176838,0.80931395,0.6483892,0.7446599,0.325334,0.9182718,0.7696129,0.6598513,0.83715016,0.7561779,0.55776006,0.7196834,0.6247333,0.7365961,0.6687343,0.67167646,0.6609769,0.68514687,0.6858502,0.6430875,0.63347316,0.71822035,0.7299417,0.6899066,0.62281704,0.68411005,0.7780659,0.8215314,0.7738419,0.784561,0.6896374,0.39923045,0.8697178,0.7104151,0.6022336,0.70508,0.6050114,0.6748146,0.6828673,0.8487846,0.53287953,0.6902717,0.89891696,0.71340907,0.94920486,0.7608182,0.73605734,0.7766221,0.83635086,0.88738155,0.71429265,0.9138092,0.90376824,0.66959894,0.6924481,0.8090185,0.4756332,0.7622194,0.74068993,0.5291573,0.7566461,0.64357024,0.7415665,0.7061917,0.5810865,0.6935229,0.75507724,0.79861826,0.60395306,0.53768724,0.7628779,0.9076811,0.6798008,0.66942275,0.7648905,0.7724695,0.7721113,0.68947905,0.8504573,0.9460627,0.38986933,0.83643883,0.7694973,0.6667714,0.74453527,0.67167646,0.70123994,0.6341092,0.82160115,0.69275117,0.79411656,0.72758114,0.6229487,0.5715364,0.56940216,0.7118754,0.59679264,0.7763864,0.6687882,0.7663925,0.6119523,0.65579575,0.69017637,0.50721717,0.6325934,0.6007801,0.85047036,0.5649968,0.5978713,0.7516698,0.92520905,0.83709157,0.7484227,0.56065917,0.7544994,0.56700444,0.6167969,0.7175192,0.765297,0.9181591,0.6129454,0.71141475,0.56120706,0.7840712,0.6786299,0.6169926,0.72066647,0.7800431,0.66251355,0.5329991,0.8931358,0.7332643,0.7085295,0.68687475,0.6731557,0.626646,0.6136953,0.5425819,0.57576644,0.73130983,0.83900845,0.61463624,0.79664445,0.6025356,0.6317569,0.83709157,0.68129253,0.77197325,0.72613305,0.68189555,0.6719391,0.5867508,0.5856622,0.6255338,0.7757037,0.72143507,0.79587805,0.6556163,0.6031501,0.6753891,0.64424706,0.6521749,0.60435635,0.892932,0.5746409,0.77038807,0.54317445,0.8107895,0.7222109,0.7984255,0.7374034,0.58378315,0.66800165,0.47290784,0.6378662,0.59763294,0.7710346,0.7710346,0.6927583,0.8127556,0.75646,0.61417174,0.67781156,0.6038889,0.7529088,0.7527349,0.5737842,0.7987201,0.7414074,0.6486737,0.9221715,0.7642097,0.6328627,0.50324273,0.5794689
au,0.4242425,0.52718407,0.4140809,0.37704822,0.8709637,0.2736799,0.46414605,0.47390464,0.68987226,0.74025446,0.4910544,0.5688129,0.9999997,0.7437357,0.57496184,0.5738908,0.5783963,0.54122853,0.5942551,0.30778843,0.600736,0.626674,0.5897752,0.6107232,0.3967263,0.6940616,0.62906575,0.5356906,0.52723575,0.7414909,0.51940525,0.50075406,0.51230115,0.56787854,0.71931916,0.5389553,0.6073316,0.50441164,0.43039683,0.64991677,0.55814916,0.39467937,0.41168714,0.6287041,0.92155135,0.51968503,0.38538992,0.43397814,0.5471419,0.62254804,0.6216736,0.5852047,0.6066829,0.53705215,0.70407754,0.5711118,0.1911395,0.7380191,0.5488778,0.50150305,0.49840042,0.480198,0.53875566,0.50252974,0.55689615,0.470095,0.5895035,0.4166523,0.41664374,0.641308,0.8116845,0.88571644,0.7680198,0.66600025,0.49718097,0.56356114,0.6737564,0.67024565,0.7235466,0.6644925,0.636518,0.49356043,0.6162731,0.44624856,0.6503895,0.51387024,0.615711,0.638072,0.6235164,0.5266833,0.34970963,0.5004974,0.7090757,0.9254751,0.7291031,0.65990365,0.5223744,0.5968655,0.47182846,0.9766894,0.70275587,0.6157717,0.5151085,0.64528584,0.51862305,0.55718267,0.6894914,0.47345045,0.6395144,0.75494385,0.56303126,0.541806,0.6864801,0.53413016,0.65412647,0.45468396,0.471146,0.69247234,0.3675544,0.31493357,0.57215893,0.5491554,0.57592636,0.34010893,0.6024791,0.6795552,0.43952587,0.9087941,0.69415295,0.51823646,0.59792495,0.73456615,0.45355767,0.4840948,0.5740187,0.6176972,0.5264561,0.6933467,0.55678695,0.39696503,0.4958459,0.5504949,0.44782883,0.3365308,0.49718097,0.6716042,0.6392598,0.47844347,0.41431937,0.52227664,0.56478715,0.64176506,0.6965531,0.5554487,0.4865758,0.9231788,0.6619092,0.4742748,0.49215168,0.39058846,0.5087045,0.44799507,0.41971394,0.53221333,0.57032096,0.5862387,0.56960547,0.59417665,0.6913254,0.6522348,0.56787854,0.66513085,0.654946,0.47443533,0.96869934,0.5688932,0.66490406,0.54038745,0.5970335,0.32774532,0.57610756,0.5950648,0.6663851,0.6433155,0.9204622,0.49441743,0.48934808,0.22711301,0.6828189,0.66439295,0.65999794,0.62669945,0.40981334,0.61575204,0.6494186,0.5422427,0.6276661,0.63673514,0.51793575,0.5051317,0.59028757,0.6036506,0.91503286,0.6103606,0.56787854,0.6547353,0.65241563,0.7802015,0.41708407,0.7703818,0.5574665,0.49318781,0.463529,0.67168033,0.63821197,0.5152423,0.5833633,0.89696014,0.3774402,0.8002778,0.52855617,0.6131909,0.5793539,0.43855876,0.40070292,0.63438326,0.40958002,0.50087875,0.41624573,0.44012994,0.8529213,0.24019502,0.5028591,0.423087,0.36665472,0.5553683,0.5553683,0.72813725,0.6716845,0.5752974,0.49192187,0.5228009,0.9088303,0.69183636,0.3111792,0.47289425,0.46878022,0.3396434,0.72701144,0.55987626,0.70858854,0.55136925,0.3087638,0.45137545
aw,0.5999837,0.6390959,0.57518727,0.56517696,0.7336469,0.32030275,0.63446873,0.35771057,0.8905753,0.91945,0.69862527,0.6916508,0.7437357,0.9999989,0.6737808,0.7899928,0.6845847,0.69267833,0.7430928,0.5202803,0.6072291,0.7762436,0.6734359,0.7467062,0.6106433,0.88047385,0.6521702,0.6722497,0.5779166,0.76802623,0.72400886,0.6868768,0.65197337,0.6741444,0.8841819,0.55609655,0.7028664,0.61138844,0.5405265,0.8086846,0.72540104,0.66356295,0.49987984,0.7524847,0.764906,0.7331309,0.6186999,0.4983341,0.55400777,0.74326,0.7664842,0.80761564,0.8370547,0.70968646,0.8844473,0.7346901,0.43558186,0.8619362,0.6491446,0.6772808,0.6918103,0.7681359,0.5884648,0.7462094,0.5939316,0.61122113,0.6721232,0.5426994,0.6275261,0.8376912,0.8996841,0.7662517,0.9591706,0.85334647,0.68633974,0.73566544,0.8229216,0.82253546,0.8665763,0.74058515,0.7390568,0.6346609,0.7618231,0.6529597,0.7986727,0.5519456,0.7479937,0.75615996,0.7009649,0.63706213,0.54142475,0.7146024,0.8850119,0.7632126,0.91493785,0.7915152,0.5876455,0.74784344,0.5545304,0.6948232,0.8864757,0.6464414,0.7257583,0.7560601,0.662153,0.7904738,0.8646352,0.5459551,0.7077861,0.829605,0.59666395,0.7409141,0.78551817,0.7431793,0.83788604,0.5704997,0.6019611,0.85836387,0.45669538,0.3622206,0.66722614,0.6387123,0.6999126,0.5601649,0.6956956,0.8690176,0.66508734,0.76230466,0.8934878,0.6158287,0.7321081,0.94077134,0.681686,0.624588,0.7489178,0.78118914,0.6317215,0.7643298,0.6859301,0.41894966,0.5874447,0.72820264,0.63197273,0.411742,0.68633974,0.7092372,0.7841102,0.59243697,0.6139001,0.6575756,0.67235625,0.8620459,0.84442925,0.63771576,0.6696119,0.7634404,0.74497354,0.66500354,0.60027003,0.5289913,0.7021486,0.6966477,0.64906865,0.73281676,0.6916752,0.6830457,0.75525373,0.7872229,0.84843236,0.73348874,0.6741444,0.74555755,0.74240834,0.6608107,0.7533304,0.6429504,0.7285633,0.66268224,0.7262645,0.3737714,0.7391484,0.6747473,0.7706408,0.80764127,0.7626057,0.65876293,0.63556975,0.38950288,0.8426312,0.70895535,0.71354866,0.78637266,0.6001943,0.7801333,0.7860015,0.8227385,0.8176025,0.81192636,0.6846063,0.58207804,0.7049322,0.7654021,0.7464391,0.7399899,0.6741444,0.7688129,0.8011878,0.8971251,0.63577837,0.94525415,0.7096511,0.6457942,0.6343232,0.817263,0.65200377,0.6470234,0.7392357,0.73638326,0.5651741,0.8380757,0.6737116,0.7372471,0.66626215,0.7010553,0.5051711,0.7834193,0.46930474,0.4955907,0.4725417,0.5651157,0.86722547,0.43519917,0.66820616,0.7640801,0.49840954,0.7989716,0.7989716,0.86256677,0.86426824,0.7709951,0.65614176,0.61188585,0.7602862,0.8752699,0.35272917,0.5447142,0.5683028,0.5781809,0.8999246,0.5997863,0.8936519,0.6681154,0.5438837,0.5789679
ax,0.6088261,0.5767114,0.60272133,0.4733013,0.6080284,0.36755288,0.32216996,0.43070906,0.7220979,0.80826604,0.5930974,0.59293413,0.57496184,0.6737808,1.000001,0.79353964,0.5936602,0.65320593,0.7351528,0.5583115,0.5968977,0.5282628,0.6449614,0.6469858,0.58062875,0.7474265,0.5876907,0.59648335,0.67252356,0.6143367,0.70059866,0.74284047,0.6422846,0.50675607,0.7629765,0.6425736,0.5516983,0.5912572,0.5056615,0.59397423,0.6176058,0.6003683,0.47223464,0.6605731,0.5906132,0.63602185,0.6130382,0.55066234,0.52600324,0.72640324,0.6323539,0.6493849,0.55199605,0.612555,0.7707548,0.61910003,0.50883806,0.7003946,0.5331182,0.76184154,0.60874975,0.6358881,0.5393505,0.57830036,0.55903673,0.59899265,0.71096164,0.6201216,0.6404001,0.58746815,0.7363849,0.60414237,0.7540486,0.70758855,0.59007806,0.85257286,0.74503005,0.75279695,0.63913655,0.67242056,0.7241887,0.5484497,0.7352242,0.6003139,0.75282013,0.6947119,0.6418563,0.66729885,0.51552254,0.6585428,0.5073357,0.5927597,0.7264306,0.5935947,0.7573912,0.56622875,0.5733763,0.7607941,0.56002325,0.5219295,0.79101795,0.61218876,0.58229804,0.6717818,0.6306512,0.67901707,0.7376745,0.5609165,0.6337875,0.6629161,0.549546,0.6399352,0.82701045,0.64085025,0.72022045,0.47914442,0.5897391,0.7469979,0.60662925,0.4616696,0.6982897,0.6263325,0.6422357,0.5217464,0.6955925,0.73304623,0.57164276,0.6009234,0.6771446,0.42873424,0.61156106,0.74060345,0.533925,0.63966656,0.6508913,0.69224334,0.42954937,0.7010788,0.5907737,0.32921836,0.5927565,0.66143495,0.61275995,0.48692477,0.59007806,0.6427262,0.63241935,0.6030373,0.6404092,0.5279726,0.50098723,0.6833014,0.65227705,0.573061,0.5310324,0.58973104,0.64868104,0.6091208,0.4800425,0.6939163,0.6083161,0.59011424,0.5101045,0.5762534,0.8040635,0.6443277,0.64107764,0.6659411,0.773733,0.674777,0.50675607,0.6868265,0.59059006,0.6206759,0.5821077,0.6510168,0.6134439,0.58989686,0.63087916,0.43062836,0.6054231,0.54153806,0.6744834,0.65114814,0.61113983,0.57562625,0.60739905,0.44924128,0.73450434,0.66275907,0.636831,0.5916781,0.6182346,0.5854133,0.4952011,0.6760457,0.6433558,0.59526515,0.6810814,0.52993226,0.84775394,0.6953244,0.6061058,0.41593787,0.50675607,0.54711837,0.7445676,0.7474428,0.6210518,0.71933746,0.6958294,0.6464879,0.7253168,0.75066787,0.59123605,0.6325121,0.6531234,0.6214564,0.6062875,0.7050778,0.606894,0.5661911,0.6023892,0.58722275,0.5354838,0.60167783,0.4955628,0.5006571,0.51297307,0.55800325,0.6596782,0.40096194,0.57102764,0.6083813,0.43562114,0.68186355,0.68186355,0.6569723,0.74933404,0.7348883,0.6532054,0.37186587,0.6004546,0.73155856,0.45284235,0.53055054,0.5873644,0.5054209,0.72146785,0.5544981,0.7464062,0.5767284,0.5121245,0.53488904
az,0.5950847,0.6620306,0.55555934,0.5138269,0.60229903,0.37931007,0.400328,0.3976864,0.77449805,0.8474672,0.64302444,0.5855751,0.5738908,0.7899928,0.79353964,0.99999946,0.5691589,0.59698695,0.7346346,0.56817687,0.5535902,0.6596298,0.66338557,0.6560749,0.62988853,0.7870122,0.6434024,0.6720877,0.5868309,0.6590899,0.7389942,0.7734734,0.68644375,0.5455569,0.7909774,0.6353391,0.57693166,0.64419144,0.56825745,0.6632403,0.7084945,0.70018387,0.50915354,0.71435344,0.60356784,0.7651729,0.6296513,0.5649594,0.51541847,0.7690241,0.6818575,0.70881456,0.64729613,0.6391776,0.81286556,0.72564954,0.62152416,0.81787187,0.6078812,0.73172575,0.63248795,0.69710094,0.5424743,0.66123325,0.52327466,0.6109859,0.6897408,0.6010739,0.70743704,0.6929967,0.7515491,0.61861986,0.8154525,0.77086085,0.648041,0.8253122,0.7925285,0.8042842,0.7265166,0.75561535,0.7365791,0.5512775,0.7659978,0.6934947,0.8018771,0.5946257,0.72705954,0.76292837,0.5130052,0.64511454,0.6003466,0.6495388,0.7607154,0.6090993,0.7852137,0.6213526,0.5791433,0.79267085,0.58568144,0.49841803,0.84565854,0.50899667,0.7097641,0.6572911,0.56842417,0.7483835,0.7754289,0.5809824,0.6155842,0.70479584,0.51429164,0.7256305,0.7656075,0.7018736,0.75652283,0.6029744,0.60920894,0.79126996,0.65460426,0.45730007,0.74035555,0.56348705,0.6264503,0.5878539,0.7435428,0.7777593,0.6499456,0.6123831,0.74580127,0.45405415,0.61158484,0.79892063,0.6853039,0.6623933,0.7104515,0.7463385,0.45592412,0.62326133,0.6243373,0.28403535,0.61175144,0.6220616,0.6058248,0.5081086,0.648041,0.64454144,0.6624326,0.63566655,0.6468162,0.54723763,0.6364992,0.7532083,0.6662826,0.70864606,0.52155477,0.59645325,0.7060651,0.6088699,0.48481098,0.7135135,0.66450346,0.6429975,0.68554837,0.66160166,0.8667123,0.6224817,0.6727909,0.70177996,0.79467994,0.6132637,0.5455569,0.6967873,0.6502896,0.7120773,0.5841602,0.7603857,0.6536083,0.6628083,0.6293076,0.40571168,0.72026193,0.5972947,0.7870843,0.7343514,0.6172631,0.575185,0.63255733,0.47845593,0.72489184,0.57214,0.66006285,0.69257843,0.612502,0.5762561,0.66107976,0.8197067,0.7124875,0.73647493,0.6588071,0.5055433,0.75250673,0.667903,0.6009468,0.6062763,0.5455569,0.68379307,0.7416874,0.78651875,0.6431212,0.78227437,0.79076266,0.6440514,0.7846719,0.7563531,0.53541845,0.6887763,0.7173986,0.61332345,0.5903931,0.6832009,0.6541479,0.62051135,0.5879328,0.64922607,0.538885,0.69500214,0.50218487,0.5628321,0.5264065,0.57921994,0.6655814,0.5227261,0.54305977,0.7809418,0.54502636,0.7265929,0.7265929,0.7370515,0.86528456,0.7597666,0.6215699,0.43585166,0.60853153,0.7760466,0.4491412,0.50464886,0.6097091,0.62162924,0.7600967,0.52729625,0.794902,0.5211246,0.61031824,0.60537356
ba,0.68506175,0.5039351,0.6188836,0.41782463,0.6179968,0.2714551,0.44933373,0.46284702,0.7789354,0.72274256,0.6020104,0.5730567,0.5783963,0.6845847,0.5936602,0.5691589,0.9999995,0.7196137,0.6203037,0.6010451,0.5897318,0.604158,0.5516636,0.6254079,0.6501936,0.67990774,0.5514209,0.56784374,0.5461346,0.6447643,0.58935624,0.6196527,0.5475913,0.5532753,0.6907708,0.531808,0.6563291,0.5367113,0.39253864,0.601842,0.5180646,0.5701373,0.460749,0.59506917,0.6110213,0.62643135,0.5793928,0.45968893,0.5757078,0.5954472,0.57181823,0.5802101,0.535701,0.6466665,0.7067354,0.663701,0.24700192,0.60772437,0.55315006,0.56019574,0.58316773,0.6506929,0.56421983,0.48816538,0.54627806,0.4730086,0.56836003,0.4902151,0.42075425,0.64471304,0.7156469,0.6343774,0.7438642,0.672487,0.6728379,0.61587715,0.6577785,0.6645335,0.67043805,0.61787176,0.6012194,0.5854739,0.62410897,0.37118974,0.6593568,0.5319897,0.58409834,0.6196384,0.58912593,0.5992415,0.42277053,0.5892843,0.68178713,0.62914145,0.77794164,0.63049984,0.6072148,0.6274542,0.5086336,0.5418878,0.6812765,0.6068291,0.52287364,0.64305615,0.5659118,0.7034828,0.66633576,0.4977723,0.6355789,0.6592705,0.54141897,0.5592273,0.6257827,0.67979777,0.6745951,0.48118612,0.45484486,0.66185915,0.37232536,0.38016707,0.5525687,0.60733753,0.69753224,0.4541761,0.560982,0.66826,0.53221047,0.63338035,0.6965211,0.56209874,0.5790426,0.7013219,0.4074008,0.5552406,0.63719904,0.56134236,0.57008183,0.68777144,0.5701722,0.42646244,0.5150389,0.5917702,0.68280303,0.39980182,0.6728379,0.5938865,0.59317875,0.51799655,0.6217344,0.601646,0.4331894,0.68418646,0.70667577,0.4219603,0.5612209,0.6164472,0.6015209,0.5324006,0.4795548,0.45714515,0.6598389,0.563105,0.3567696,0.54986584,0.49861875,0.5976614,0.6752189,0.6986473,0.66037184,0.6502938,0.5532753,0.5633435,0.55799276,0.53827935,0.59794676,0.56907254,0.6709438,0.5926386,0.5950304,0.5124671,0.42835116,0.46706393,0.63896203,0.6371211,0.64599764,0.63994366,0.47748646,0.44151938,0.6593101,0.66081274,0.5321483,0.5671821,0.6812637,0.6048201,0.610459,0.54313654,0.6529417,0.57356244,0.642269,0.57462376,0.58105636,0.62834644,0.6197452,0.55962694,0.5532753,0.59593105,0.6735865,0.74072146,0.6465194,0.7331542,0.5880815,0.5453888,0.49882695,0.6350093,0.56285083,0.520027,0.58812135,0.6251849,0.6609942,0.69812053,0.51080924,0.59597975,0.5723416,0.6539234,0.4999777,0.54662097,0.4493681,0.44235158,0.43819478,0.46830937,0.6554801,0.38552892,0.54621565,0.43763223,0.39018068,0.6591916,0.6591916,0.6657707,0.6346572,0.59047997,0.73621136,0.5632851,0.63243085,0.6758825,0.3697432,0.53738606,0.5245477,0.49156362,0.7329476,0.5507029,0.68292433,0.6320392,0.44370055,0.4367889
bb,0.8027252,0.44132817,0.75987005,0.50350463,0.52272093,0.29806072,0.5330797,0.41226146,0.75188404,0.70582134,0.5186387,0.5595959,0.54122853,0.69267833,0.65320593,0.59698695,0.7196137,1.0000004,0.7016038,0.7204184,0.5444143,0.6215438,0.5595499,0.6267782,0.6082501,0.6757575,0.56237465,0.59543145,0.4953884,0.60276145,0.57960397,0.56146467,0.572451,0.5213156,0.68576264,0.49411613,0.6957928,0.57395715,0.40205052,0.57048786,0.56927705,0.5943816,0.46897018,0.69262123,0.56919384,0.65033215,0.5391216,0.4884495,0.53225964,0.5921863,0.5659593,0.5786144,0.5482303,0.54180145,0.7126901,0.6466936,0.38708127,0.6154146,0.5840758,0.5976403,0.60819066,0.6184426,0.5523746,0.5792601,0.477812,0.442466,0.56500417,0.4836228,0.38953334,0.6196922,0.6844085,0.5425021,0.73668647,0.6740138,0.7366584,0.5871253,0.66224337,0.66499996,0.6134441,0.60014546,0.60236704,0.65410596,0.6391555,0.5323246,0.6612505,0.48468593,0.5835304,0.62186587,0.57008445,0.781162,0.62776494,0.5974074,0.6582218,0.5462529,0.86642426,0.59578454,0.5465595,0.6368499,0.5202042,0.49835017,0.63909405,0.53244436,0.60798526,0.60178727,0.5834723,0.723556,0.6513239,0.507048,0.5697488,0.64394844,0.46492827,0.57203907,0.6440991,0.73828787,0.69327223,0.45003122,0.41971335,0.66630846,0.39133137,0.4190215,0.51409763,0.5794032,0.601236,0.49398822,0.5511633,0.6882853,0.5447632,0.53990114,0.66730666,0.57077414,0.5795102,0.75215745,0.5000371,0.56473756,0.6501726,0.55419284,0.5709159,0.61369956,0.56078327,0.4131357,0.53734094,0.6179885,0.81361663,0.43667454,0.7366584,0.5388195,0.5477007,0.53460217,0.7466667,0.5961449,0.30004105,0.6864869,0.74944466,0.43327188,0.59430456,0.55017895,0.6222145,0.54002404,0.49544927,0.504341,0.73921335,0.5719898,0.513044,0.54672,0.5503933,0.57011455,0.769227,0.8161906,0.6116765,0.5800093,0.5213156,0.60894823,0.5177524,0.5729803,0.55869275,0.54810894,0.60780966,0.64155555,0.59055465,0.37611163,0.50460976,0.42910582,0.6294022,0.58632046,0.5567083,0.6077197,0.45059535,0.45897588,0.72552526,0.570423,0.5208216,0.63615113,0.8098228,0.6646379,0.6262399,0.57170016,0.6315597,0.56456614,0.6550085,0.49413714,0.6573188,0.6458875,0.535814,0.58454233,0.5213156,0.63158447,0.6042159,0.70552087,0.75934696,0.70542645,0.5999715,0.52441376,0.51105756,0.58526385,0.5079445,0.4711426,0.5696075,0.5267121,0.8090492,0.64675444,0.51893264,0.6207246,0.53144217,0.65973777,0.5406725,0.533061,0.46584013,0.45364508,0.4620005,0.49877962,0.63681334,0.38998967,0.54583496,0.5665052,0.43795553,0.66423774,0.66423774,0.6658065,0.62416327,0.64836264,0.79117084,0.55822015,0.5405492,0.6995553,0.40096408,0.50981265,0.527578,0.4994542,0.74683744,0.47580606,0.6979802,0.5546908,0.4246207,0.47173342
bd,0.5487914,0.56083995,0.7246476,0.41308072,0.5810425,0.16963573,0.4246698,0.37498552,0.8344867,0.7896627,0.62875026,0.5757902,0.5942551,0.7430928,0.7351528,0.7346346,0.6203037,0.7016038,0.9999993,0.52173215,0.58486664,0.5687388,0.59213346,0.6855019,0.59175146,0.7123425,0.5510571,0.61148715,0.58821934,0.65116006,0.77206004,0.6843701,0.60013163,0.48911574,0.7266988,0.5605199,0.601934,0.5309065,0.57215244,0.6814073,0.6529117,0.61659545,0.40059114,0.7200476,0.61611426,0.6178643,0.6291428,0.4514137,0.5052865,0.6726506,0.6474638,0.6730828,0.6157234,0.6793128,0.75300467,0.60619634,0.43889907,0.7305446,0.5442525,0.7388589,0.6055952,0.6575264,0.5292395,0.56759584,0.54187,0.57748926,0.6923085,0.5187093,0.4988521,0.62273234,0.7358224,0.5983789,0.78418565,0.6978793,0.60510033,0.74848366,0.7017447,0.6996618,0.73314464,0.6981129,0.6705289,0.56706506,0.6727372,0.63460785,0.69666284,0.56621754,0.6071415,0.6351479,0.558445,0.6804161,0.568304,0.64701724,0.7159765,0.598703,0.8142609,0.61450946,0.54758644,0.75264704,0.46988338,0.52862495,0.7835216,0.57844037,0.5560891,0.6695602,0.5872479,0.70777345,0.71473646,0.4597756,0.6380436,0.68414706,0.5251657,0.64932805,0.73961085,0.6745299,0.71174645,0.5757525,0.56278884,0.72631925,0.5466054,0.32907286,0.6100975,0.5825311,0.6505908,0.4653439,0.6553979,0.7057513,0.6080067,0.59538066,0.772962,0.48088306,0.5606597,0.7800651,0.49776226,0.60085624,0.65045756,0.6839051,0.48981428,0.68854463,0.58623916,0.32579762,0.48154584,0.6285201,0.5650546,0.38221377,0.60510033,0.6129105,0.6470441,0.54923356,0.63059604,0.5922866,0.38339525,0.8102901,0.7536325,0.5504867,0.52920896,0.60677963,0.62951654,0.5852063,0.33800864,0.62256414,0.619164,0.56281006,0.5236674,0.68905973,0.70067424,0.6596294,0.71460265,0.79020333,0.7437979,0.65769506,0.48911574,0.67072725,0.6098178,0.6145725,0.6035405,0.5818662,0.6063529,0.54823536,0.59993386,0.3321757,0.56596786,0.5411119,0.6408605,0.6675913,0.6118232,0.5160361,0.59000295,0.4332886,0.8368195,0.6383412,0.58879584,0.62969863,0.58872384,0.64455175,0.5579205,0.6942352,0.7660054,0.6662002,0.6923702,0.56028754,0.72481805,0.66240174,0.5942734,0.49531585,0.48911574,0.5906693,0.7523899,0.74973196,0.60113287,0.7743514,0.68780583,0.65029913,0.6761895,0.7102575,0.56668365,0.62279993,0.6079397,0.59449786,0.57302696,0.70891243,0.62741894,0.5756668,0.6157054,0.63447344,0.49829316,0.65575975,0.3938531,0.43423533,0.418586,0.42472938,0.7019268,0.32940143,0.6344311,0.61330575,0.4611616,0.6627164,0.6627164,0.7010142,0.7492588,0.69704837,0.6785827,0.46530685,0.60066825,0.7220385,0.32384735,0.5153507,0.50597256,0.4423121,0.78272223,0.54490054,0.7253907,0.561312,0.47223228,0.564274
be,0.90711945,0.48514307,0.71176565,0.64426327,0.37098128,0.6072845,0.6088872,0.58151114,0.5614765,0.60609645,0.6141224,0.6621273,0.30778843,0.5202803,0.5583115,0.56817687,0.6010451,0.7204184,0.52173215,0.9999994,0.6119035,0.5945409,0.55381876,0.6431875,0.8097163,0.6175777,0.67989826,0.66785043,0.6241668,0.43221775,0.49689895,0.60691124,0.7594127,0.6091208,0.5494298,0.59570163,0.5953122,0.7231476,0.3949679,0.41817516,0.5656145,0.7819217,0.72388643,0.62092066,0.37484953,0.75870895,0.74975514,0.7289456,0.6551595,0.573346,0.52337104,0.427261,0.35579568,0.4639538,0.66675127,0.72088337,0.58996946,0.4511667,0.7141912,0.5223541,0.62501955,0.7254934,0.66978633,0.4394824,0.54689205,0.4995368,0.56111443,0.7306265,0.54557025,0.5504324,0.57749784,0.3904907,0.58336616,0.63042104,0.87099665,0.5705046,0.6323696,0.65185565,0.49452573,0.5607922,0.5937598,0.7308864,0.64940244,0.5054436,0.6582153,0.6150955,0.5906979,0.660673,0.58725935,0.69094133,0.5738547,0.667551,0.5353353,0.3672145,0.6817756,0.43122053,0.6579946,0.62939996,0.7606202,0.2520366,0.47902387,0.5698086,0.59471583,0.64093703,0.66377896,0.85302633,0.55557346,0.7429029,0.60105246,0.5714316,0.5339508,0.61600304,0.47857577,0.84794086,0.67355824,0.567009,0.48738188,0.60417414,0.4948433,0.7337979,0.5466927,0.6575171,0.6704467,0.62373465,0.6111114,0.6217056,0.6670762,0.37875086,0.4121391,0.639262,0.623793,0.5484814,0.5215671,0.72100437,0.70247144,0.45880952,0.65878326,0.5847452,0.65895927,0.47181416,0.7439593,0.66010594,0.8636947,0.73257655,0.87099665,0.4225852,0.43103597,0.73893327,0.89258564,0.7305438,0.53048325,0.5295312,0.48242182,0.36270797,0.5914863,0.34128255,0.5930395,0.59947705,0.6421619,0.60054374,0.8555118,0.6757692,0.5188046,0.50643337,0.5322396,0.60627335,0.6429284,0.68158394,0.46417823,0.5865621,0.6091208,0.5298849,0.31452993,0.75322115,0.3182908,0.63508666,0.6570462,0.81425595,0.63781536,0.6695798,0.39676714,0.22905378,0.6683238,0.4760005,0.38406956,0.67062134,0.4928556,0.8063654,0.45474118,0.5662697,0.4037189,0.5143286,0.93940705,0.62090284,0.5716944,0.4922879,0.47485873,0.41326436,0.69562465,0.6226697,0.539414,0.6766542,0.34944192,0.5313786,0.6091208,0.59937555,0.51292944,0.59519994,0.92640364,0.50378186,0.6381352,0.4620143,0.57235146,0.44894496,0.4201529,0.46040875,0.63138735,0.36799294,0.95274985,0.4242368,0.55949926,0.5985581,0.58586806,0.6186002,0.79170394,0.3763351,0.73547935,0.5831645,0.68780386,0.6413696,0.4034049,0.6391008,0.41777027,0.5664878,0.6427935,0.71379036,0.71379036,0.5539449,0.5486238,0.73552436,0.71464443,0.63301253,0.3706807,0.65114534,0.7189071,0.60626566,0.6860538,0.7001408,0.52903736,0.5484065,0.6337089,0.56351,0.6190981,0.5020508
bf,0.6119479,0.525753,0.5599248,0.42514783,0.6095355,0.5102165,0.6344379,0.8026953,0.6060681,0.7092781,0.5516107,0.6709306,0.600736,0.6072291,0.5968977,0.5535902,0.5897318,0.5444143,0.58486664,0.6119035,1.0,0.5815747,0.67987174,0.6828767,0.599788,0.73414224,0.6167708,0.69707495,0.855232,0.67275274,0.5917114,0.55571944,0.7234758,0.62515986,0.6462419,0.84564567,0.55060977,0.651882,0.56644344,0.56125504,0.6205648,0.5755199,0.6194437,0.6733578,0.6112699,0.5377447,0.6544231,0.6533156,0.72635204,0.62164396,0.57195103,0.43100217,0.41976362,0.521163,0.7563347,0.57507825,0.4183837,0.695843,0.66443825,0.59097576,0.60469514,0.6234513,0.7099567,0.3985287,0.7098768,0.58298343,0.6488732,0.6943963,0.43030748,0.636873,0.72741157,0.60911196,0.69057596,0.69799715,0.6068644,0.61042064,0.71303976,0.71632236,0.61478454,0.76176894,0.64423937,0.66840994,0.70256805,0.53819954,0.7259086,0.83875215,0.6180895,0.64859456,0.7851076,0.6615123,0.399407,0.50955355,0.6305715,0.613995,0.6782904,0.5089724,0.8177307,0.6825494,0.666515,0.5260095,0.61617273,0.7570377,0.3296913,0.79609334,0.7817308,0.6997046,0.66477257,0.66435045,0.81827533,0.67481816,0.7100983,0.5124163,0.58079135,0.65291804,0.72806174,0.5682535,0.5874562,0.72247505,0.54528475,0.5974645,0.5665239,0.78903323,0.6973384,0.36417735,0.6264058,0.7273886,0.41638735,0.61576205,0.57212996,0.57958615,0.67646366,0.6379805,0.23092777,0.70425856,0.6461895,0.6087474,0.6474886,0.832063,0.671028,0.71427596,0.6917741,0.7533849,0.6097729,0.6268728,0.6068644,0.81047815,0.56515545,0.71243685,0.67278004,0.67227197,0.61929154,0.5990351,0.5071745,0.42972076,0.6026237,0.58999443,0.6868347,0.719833,0.6242314,0.65465456,0.6245225,0.57843494,0.44711664,0.6300046,0.62702614,0.8299489,0.5965988,0.60682464,0.5900013,0.7573091,0.62515986,0.6220354,0.46431786,0.70507854,0.6004469,0.71298695,0.72735953,0.66696286,0.68921846,0.64019924,0.38765284,0.530379,0.61730397,0.61085844,0.63540506,0.5896673,0.6088862,0.55543506,0.54876506,0.77505517,0.6408331,0.46524686,0.6304412,0.69726473,0.5586009,0.4291216,0.59234196,0.5461631,0.70935005,0.6871302,0.58897597,0.78772235,0.61411524,0.4647816,0.62515986,0.5853617,0.63195777,0.786137,0.65161073,0.6276424,0.662786,0.57130605,0.6289749,0.57113516,0.7686047,0.4813668,0.6393409,0.63474685,0.6211265,0.6429735,0.67513853,0.63113266,0.756524,0.4719891,0.64495784,0.5998081,0.61495644,0.559537,0.6269543,0.6078772,0.65459263,0.39234674,0.5245592,0.40828207,0.5628122,0.6370312,0.6370312,0.6877767,0.6415475,0.74728256,0.63176423,0.58602726,0.6128021,0.7381399,0.5925667,0.85181034,0.60059434,0.45174596,0.58446896,0.7067167,0.7330037,0.6853549,0.51323867,0.58954537
bg,0.6297766,0.52973473,0.5412686,0.5014313,0.6149457,0.5316293,0.67989284,0.53213936,0.6552092,0.7293714,0.5249219,0.6531378,0.626674,0.7762436,0.5282628,0.6596298,0.604158,0.6215438,0.5687388,0.5945409,0.5815747,0.99999875,0.70063734,0.7502917,0.7008987,0.7972703,0.7411636,0.7742917,0.5368632,0.74032056,0.572544,0.48169965,0.7486253,0.6857049,0.7528604,0.5272898,0.62610394,0.66141856,0.503866,0.6169247,0.68275785,0.70338905,0.59578943,0.7061735,0.65683377,0.83246636,0.65639836,0.64113796,0.75425833,0.6283808,0.6237818,0.51374257,0.5701923,0.5994172,0.8123696,0.87308383,0.31748414,0.7635364,0.6598072,0.5149096,0.59700835,0.6762874,0.7725482,0.5813909,0.5405687,0.3252763,0.55946356,0.63274825,0.63087523,0.80708575,0.7140378,0.6512339,0.7862287,0.8052024,0.64358556,0.53283465,0.78764933,0.7890358,0.7039607,0.7768335,0.6491082,0.74121755,0.7487279,0.61901027,0.7802006,0.5145752,0.8617161,0.8479627,0.64624107,0.6606668,0.56206805,0.65407276,0.7039134,0.65661424,0.76856524,0.6102414,0.67267764,0.6460252,0.6494789,0.55866224,0.5969029,0.52597755,0.65560675,0.62445325,0.51541173,0.74072605,0.7014947,0.6492342,0.63619596,0.7083107,0.54679394,0.6890518,0.5639137,0.6920016,0.76807624,0.5739267,0.33666128,0.7967595,0.28217626,0.5472295,0.46562707,0.5291878,0.68884933,0.60046804,0.5799592,0.79087186,0.57506394,0.6408655,0.649267,0.67624044,0.71130353,0.776289,0.6620653,0.713781,0.70755833,0.49572682,0.8853907,0.5517462,0.63977826,0.4605451,0.7011984,0.5524743,0.65002716,0.58520037,0.64358556,0.6820632,0.5696832,0.69011784,0.66445243,0.815962,0.6511272,0.6384267,0.5955407,0.6397835,0.7237412,0.648777,0.7198856,0.5776152,0.7186736,0.2671545,0.67452645,0.6293107,0.63331336,0.62430096,0.49444526,0.56838566,0.67294806,0.66524416,0.55203074,0.549769,0.6857049,0.6768555,0.47811905,0.7222179,0.6404945,0.7455617,0.6784899,0.6829413,0.69770473,0.5255646,0.67270017,0.56007844,0.88895744,0.6596727,0.6539613,0.66420496,0.3436943,0.5015125,0.60515046,0.5465884,0.68467844,0.7739712,0.6326902,0.6501597,0.97885233,0.6993589,0.6317894,0.69964457,0.6009318,0.554742,0.5390103,0.61893845,0.63011646,0.91755337,0.6857049,0.95343304,0.5317728,0.83188367,0.675019,0.71644723,0.65319717,0.36158764,0.5118677,0.52366346,0.55915004,0.49118966,0.6619494,0.62784064,0.6147192,0.69098634,0.6231446,0.7825728,0.54413915,0.544638,0.6393032,0.67068833,0.5866921,0.6654253,0.60026646,0.6236438,0.6433933,0.5720723,0.5074805,0.6694339,0.57570606,0.7195704,0.7195704,0.7704147,0.68649524,0.7774675,0.67054296,0.84480655,0.64558536,0.8047738,0.5384386,0.5410296,0.6687814,0.64446557,0.6800209,0.5387673,0.8250935,0.64745724,0.56627256,0.5818686
bh,0.70225674,0.52839375,0.44739288,0.5956636,0.5655199,0.71496904,0.6950515,0.5905755,0.5855119,0.7605709,0.5066567,0.7724806,0.5897752,0.6734359,0.6449614,0.66338557,0.5516636,0.5595499,0.59213346,0.55381876,0.67987174,0.70063734,1.0000013,0.74202853,0.71369004,0.8381086,0.8018346,0.75101054,0.7154376,0.6853249,0.5709178,0.420258,0.8180295,0.74150217,0.685889,0.78937095,0.5852819,0.71847236,0.45419204,0.5678587,0.72502714,0.7495403,0.7066475,0.61136264,0.5766619,0.67110497,0.72912216,0.8269341,0.7249493,0.70260423,0.55338866,0.5689948,0.5264858,0.47229826,0.83668625,0.6830851,0.63099176,0.7363074,0.7688328,0.58514345,0.6446418,0.52345353,0.74387854,0.5573111,0.65053034,0.4763357,0.67287916,0.7888779,0.67748433,0.69846237,0.69599,0.57669127,0.72792196,0.774393,0.58307564,0.6649661,0.82353485,0.81179726,0.6432319,0.7209857,0.74100655,0.72912574,0.821635,0.6895121,0.8384838,0.71133256,0.8061841,0.7803778,0.6924401,0.6161203,0.41190878,0.6912502,0.67322356,0.6023046,0.6831753,0.5226737,0.60672706,0.6511553,0.78381133,0.53284967,0.6171962,0.70019734,0.6260565,0.7531075,0.77078855,0.6905596,0.7289296,0.8065055,0.7236733,0.7005737,0.64619774,0.7277422,0.62070537,0.6462115,0.81181455,0.5431405,0.49588692,0.84404516,0.5485186,0.73967814,0.6051881,0.72926986,0.66618055,0.64353406,0.73541296,0.7995349,0.51691246,0.5922506,0.53120756,0.62997735,0.7903797,0.7073864,0.67008644,0.80526006,0.7695179,0.6161644,0.730708,0.7095767,0.77146447,0.49832335,0.8490313,0.77707714,0.7495052,0.75383735,0.58307564,0.8914468,0.5753407,0.8259527,0.7576429,0.7420276,0.6947963,0.54751843,0.49629855,0.5612286,0.6510354,0.56974876,0.92910576,0.6787663,0.72158414,0.64246446,0.63287014,0.684616,0.63318765,0.62462777,0.6275841,0.72524506,0.5186217,0.5243745,0.6103368,0.70686495,0.74150217,0.7731364,0.5203123,0.78715503,0.57643414,0.643999,0.7179933,0.67484444,0.8021864,0.56376064,0.78809327,0.748503,0.79041326,0.65237755,0.6049782,0.6962543,0.51111776,0.6780528,0.5402929,0.6962466,0.96555257,0.6779597,0.70142275,0.74042326,0.69458824,0.592276,0.49658817,0.6370823,0.69120044,0.54876125,0.59714425,0.8203702,0.58225423,0.6502147,0.74150217,0.7281935,0.6273035,0.76993567,0.7038645,0.63685614,0.7211699,0.63805175,0.63091576,0.60174906,0.81608593,0.54608923,0.6880635,0.58913904,0.6785747,0.67324674,0.666603,0.71673524,0.68531334,0.55167294,0.7678148,0.56021607,0.7313765,0.8297353,0.8170968,0.74202967,0.5452165,0.7324446,0.45018306,0.65180117,0.63758814,0.74726653,0.74726653,0.73040277,0.67907953,0.7332458,0.61865276,0.7070445,0.59421813,0.81826067,0.734533,0.58249533,0.8215609,0.776521,0.62116784,0.64182585,0.83337724,0.58496,0.5693729,0.7689204
bi,0.64794105,0.61747277,0.7038747,0.6198285,0.59704506,0.52445227,0.6850765,0.5304868,0.7416208,0.79159987,0.70046204,0.75605154,0.6107232,0.7467062,0.6469858,0.6560749,0.6254079,0.6267782,0.6855019,0.6431875,0.6828767,0.7502917,0.74202853,0.9999995,0.705572,0.7970526,0.740681,0.7373601,0.69644177,0.6783792,0.66031593,0.60296893,0.8160478,0.69062424,0.7472236,0.6417805,0.7257881,0.6307598,0.55210996,0.5861008,0.7272536,0.7630179,0.70178705,0.7646017,0.62153846,0.73222375,0.73661035,0.69170254,0.71865064,0.70137554,0.6880438,0.616583,0.5917345,0.60910434,0.8118118,0.73111284,0.52121687,0.74125147,0.71500915,0.6097476,0.6623855,0.6958745,0.74664414,0.5956383,0.6344508,0.5743678,0.6390488,0.7506226,0.67570966,0.74683017,0.7694849,0.6321378,0.79975206,0.7955527,0.6890155,0.6983546,0.7942694,0.80520254,0.8251549,0.682938,0.7689148,0.7800115,0.75416744,0.68863934,0.8019202,0.67188424,0.7188936,0.7561422,0.7094813,0.7131598,0.53725797,0.7298382,0.73024845,0.62164956,0.79071534,0.64077204,0.6799387,0.70353764,0.74926597,0.5423818,0.68709743,0.6809964,0.6961402,0.76452935,0.727556,0.7930178,0.7491398,0.720336,0.71843773,0.7413075,0.62915725,0.7347452,0.64876944,0.74577993,0.70655465,0.697133,0.5624227,0.75129235,0.49374723,0.6242835,0.5929721,0.71213424,0.7171444,0.5664735,0.63912463,0.7467595,0.6883996,0.62715536,0.66427314,0.7495895,0.77465403,0.75655085,0.62482345,0.75589323,0.7753469,0.6331357,0.750483,0.73682696,0.731568,0.49994045,0.73538107,0.7509562,0.65385437,0.6387015,0.6890155,0.70703995,0.6192638,0.76868546,0.7222563,0.8236424,0.64377904,0.74083644,0.6508308,0.5452232,0.7847923,0.6156196,0.7557532,0.6787966,0.7094137,0.5586554,0.6971166,0.70254284,0.60240805,0.6537394,0.61296344,0.6958568,0.6838447,0.7311172,0.666553,0.7248077,0.69062424,0.74234796,0.5650992,0.7717672,0.6013596,0.6508378,0.7015799,0.7209482,0.7829167,0.5300822,0.6475958,0.6089785,0.7680921,0.6610527,0.63238376,0.7416108,0.58923465,0.61002165,0.6316188,0.7041764,0.707432,0.7068018,0.67374724,0.7649441,0.7168174,0.6611977,0.70958567,0.66895837,0.689199,0.6803552,0.64270025,0.7858448,0.6027299,0.64486486,0.69062424,0.73513985,0.6859927,0.77661455,0.7083918,0.7421509,0.69581777,0.58939755,0.6151698,0.6441376,0.66152817,0.5752572,0.6720402,0.61277974,0.6581773,0.6931232,0.6703758,0.7687682,0.7039699,0.6405855,0.73648006,0.6736925,0.7048028,0.617836,0.6694388,0.6464676,0.6688431,0.57329434,0.49906075,0.68128586,0.6569299,0.7811838,0.7811838,0.7590808,0.7167559,0.80815965,0.695565,0.70481193,0.623474,0.7770717,0.61022556,0.6249614,0.7039633,0.651135,0.71053576,0.6421505,0.8086225,0.66145074,0.5840499,0.56202114
bj,0.7916676,0.51491684,0.612442,0.54471713,0.4611961,0.54238874,0.5580751,0.5267777,0.6295422,0.69969344,0.61134416,0.6754056,0.3967263,0.6106433,0.58062875,0.62988853,0.6501936,0.6082501,0.59175146,0.8097163,0.599788,0.7008987,0.71369004,0.705572,0.9999997,0.73025006,0.70324606,0.75051016,0.6517519,0.55415773,0.6192217,0.60576034,0.7869443,0.66615695,0.6411373,0.6012952,0.54756457,0.66501653,0.51444,0.5024947,0.6559586,0.8660493,0.626987,0.55629146,0.4462015,0.7982731,0.87599057,0.68530846,0.7627837,0.6252909,0.51291806,0.46989956,0.4163624,0.62433565,0.7524594,0.8174889,0.49248284,0.5731708,0.67294455,0.62422925,0.6160505,0.7517933,0.7673883,0.46960348,0.5869201,0.45170718,0.57195514,0.7314382,0.6504508,0.6652412,0.64411217,0.47390825,0.68023163,0.6994511,0.74915886,0.6682248,0.7230694,0.7265028,0.58781064,0.68022025,0.66009414,0.709096,0.7218821,0.5356561,0.73809725,0.62996906,0.72067004,0.7419933,0.59102917,0.5582351,0.46649396,0.7372108,0.62728965,0.4499812,0.69570905,0.48711592,0.6388463,0.61648196,0.6837584,0.32338968,0.5952994,0.6114783,0.5533578,0.67307514,0.6090856,0.84345907,0.64975685,0.6772152,0.67139614,0.63004357,0.58037853,0.7001873,0.51655334,0.79673004,0.7306961,0.56030685,0.43099132,0.7309425,0.46903056,0.623713,0.51210093,0.62271523,0.8043648,0.71554744,0.63113415,0.7159947,0.6557474,0.45640323,0.54725415,0.59383166,0.6747767,0.6610989,0.53298724,0.7486769,0.7223539,0.5300274,0.7400715,0.62908036,0.6727952,0.4193032,0.709292,0.6185269,0.8134572,0.6509117,0.74915886,0.59521735,0.54911655,0.73543507,0.86266994,0.77721024,0.55112636,0.6006076,0.49406365,0.45824966,0.6399439,0.43048638,0.70465696,0.5614224,0.626073,0.53403604,0.7781467,0.68789434,0.48866412,0.5370005,0.53605145,0.66162425,0.61952126,0.6458919,0.56420475,0.6322621,0.66615695,0.5929847,0.42168194,0.787586,0.4018444,0.62487173,0.6711826,0.66854525,0.69096833,0.6854828,0.52899003,0.4313838,0.7717808,0.5677571,0.47159204,0.70998156,0.45363033,0.8279776,0.5211166,0.6261866,0.60960954,0.61602354,0.8344545,0.6092065,0.67073095,0.5816298,0.5854504,0.5656099,0.672763,0.6258441,0.53797174,0.6614442,0.4424216,0.6154963,0.66615695,0.6796449,0.6330988,0.72476935,0.859066,0.604014,0.6651621,0.5668026,0.61729467,0.54523546,0.54478586,0.56453323,0.64382756,0.46539423,0.8257135,0.5234442,0.57639605,0.6408118,0.61298394,0.57518744,0.75271255,0.48676872,0.6297159,0.622649,0.65225327,0.6159169,0.48686552,0.6493679,0.46203825,0.55657357,0.61052924,0.75590795,0.75590795,0.63319063,0.62716633,0.73734444,0.67765,0.7097181,0.4562288,0.7361548,0.6159601,0.54561424,0.6898735,0.72312194,0.5847131,0.58372813,0.737461,0.6320374,0.71793467,0.6090582
bl,0.6885159,0.63236994,0.58492947,0.6138854,0.7010241,0.5781174,0.7143891,0.49446395,0.78644836,0.9252261,0.6612703,0.76808333,0.6940616,0.88047385,0.7474265,0.7870122,0.67990774,0.6757575,0.7123425,0.6175777,0.73414224,0.7972703,0.8381086,0.7970526,0.73025006,1.0000001,0.7769186,0.80417144,0.7329472,0.76539046,0.7344048,0.66201276,0.81053895,0.74512297,0.8828817,0.74077994,0.6673994,0.7441314,0.5773604,0.7580321,0.7825518,0.74988496,0.62134176,0.75180686,0.71228015,0.7645665,0.766751,0.7170514,0.7382552,0.7791194,0.7294006,0.72715735,0.6928531,0.68450713,0.96800447,0.769621,0.59002286,0.842165,0.74744856,0.7153296,0.71041304,0.80193466,0.7644889,0.74638796,0.6542598,0.6140639,0.7928518,0.72159207,0.7322488,0.8707731,0.8939825,0.7267613,0.9292614,0.9197741,0.6589132,0.80365056,0.92810273,0.9157358,0.81033075,0.8174844,0.8130952,0.74087226,0.8905782,0.7471404,0.9181744,0.71849656,0.86057144,0.836157,0.7509627,0.71933246,0.4763465,0.75264,0.847994,0.7182091,0.86861175,0.689126,0.7275057,0.79832745,0.70476186,0.6318465,0.82699126,0.7349987,0.6757562,0.8122185,0.8138824,0.8024306,0.8814391,0.7186981,0.7892487,0.84329045,0.65316564,0.77764547,0.77138793,0.7275624,0.928395,0.6129214,0.6234751,0.96521294,0.54084116,0.58407915,0.6583479,0.7660413,0.76617455,0.6541957,0.7463624,0.951729,0.64891464,0.7225736,0.79120153,0.6338902,0.8281472,0.9048381,0.69492364,0.8079983,0.819618,0.74923456,0.7680986,0.8168243,0.7691977,0.54556537,0.7834341,0.8490063,0.72351336,0.6362108,0.6589132,0.8324777,0.7348486,0.7813397,0.7212096,0.76911014,0.750394,0.75852513,0.69281006,0.6759744,0.73538846,0.70846176,0.8375456,0.74180186,0.72808874,0.6513993,0.7038046,0.7883593,0.72046953,0.7380122,0.70766705,0.7931558,0.7009566,0.6975685,0.7886918,0.77862495,0.74512297,0.816845,0.6741861,0.8060899,0.69443345,0.74710435,0.79860604,0.70942837,0.8305965,0.5324959,0.76095736,0.70655787,0.83589256,0.8118714,0.7243192,0.7293649,0.6359465,0.5486274,0.74999714,0.7710149,0.83782953,0.77112424,0.6821953,0.8521128,0.7937543,0.74462855,0.72319424,0.74873513,0.7808402,0.6016979,0.73532426,0.8870866,0.70464486,0.728046,0.74512297,0.80994505,0.7947272,0.9371464,0.7136578,0.8587097,0.7921449,0.667755,0.71423316,0.76339126,0.7731075,0.62766635,0.76852596,0.7092881,0.6597534,0.8169424,0.7228198,0.8056397,0.71768034,0.651861,0.6899904,0.7663017,0.6224063,0.6662102,0.66912484,0.7150501,0.7945475,0.59061414,0.68950415,0.75447994,0.59145874,0.8442365,0.8442365,0.88380396,0.8144587,0.88219047,0.71760523,0.7332118,0.7183027,0.96019876,0.57571006,0.6672673,0.7311292,0.7038001,0.8074591,0.6463952,0.97588015,0.7065944,0.6438916,0.69810134
bm,0.71136653,0.6328466,0.5896291,0.6521398,0.6773397,0.76536906,0.69789,0.63719547,0.5739529,0.73310447,0.6026317,0.8209532,0.62906575,0.6521702,0.5876907,0.6434024,0.5514209,0.56237465,0.5510571,0.67989826,0.6167708,0.7411636,0.8018346,0.740681,0.70324606,0.7769186,1.0000014,0.7610981,0.6899709,0.6135917,0.50590354,0.5056219,0.81842804,0.78884405,0.6516993,0.72484076,0.6258844,0.790591,0.34856707,0.5672743,0.7305964,0.7162316,0.7887375,0.6695648,0.6353256,0.8063562,0.7180358,0.8668941,0.7312762,0.68764436,0.6367787,0.53231925,0.48943177,0.46328068,0.7888825,0.76827425,0.59024346,0.6537409,0.8211981,0.5371361,0.6996148,0.6298809,0.74703896,0.47743055,0.6922345,0.55158496,0.68788105,0.8115454,0.6950141,0.65705013,0.686154,0.6969867,0.6951476,0.73805505,0.6632378,0.6014776,0.78066504,0.7744838,0.62187666,0.6776933,0.74227375,0.7567207,0.7860357,0.6073768,0.78651077,0.68096876,0.8358666,0.81223476,0.69960725,0.68443155,0.44763684,0.7264067,0.6493827,0.67045903,0.68120074,0.52857095,0.6799061,0.6898724,0.84687567,0.591847,0.5713611,0.7115226,0.71888536,0.7572331,0.6984558,0.71977794,0.7028399,0.8633855,0.72018987,0.72089136,0.6854368,0.7659746,0.5999835,0.6737235,0.7833057,0.53932047,0.572116,0.7856605,0.5289254,0.80049574,0.6186711,0.6727239,0.6794895,0.62959254,0.7364451,0.75555927,0.66038865,0.6588679,0.46852425,0.68791574,0.80815107,0.66040146,0.7426406,0.7874899,0.78061,0.5963979,0.74505126,0.67693096,0.79923844,0.438346,0.88491446,0.70584774,0.69501764,0.7859846,0.6632378,0.6923903,0.56405854,0.83099526,0.69542027,0.7661454,0.7212858,0.5054637,0.50514257,0.5910249,0.6403743,0.66305697,0.7915322,0.6306174,0.7744186,0.5836321,0.67200303,0.72226214,0.60156125,0.6300519,0.5844153,0.6925397,0.5471037,0.55062544,0.58880967,0.70785284,0.78884405,0.74974084,0.4618166,0.8172764,0.6305606,0.7293237,0.7360314,0.772816,0.8215373,0.6478051,0.69194156,0.5191746,0.8574241,0.61636555,0.6761085,0.71440685,0.5574303,0.68096024,0.4855619,0.69220006,0.745142,0.7065089,0.7016095,0.6783444,0.7408431,0.59227455,0.4584152,0.56336856,0.70624787,0.6531769,0.55046463,0.7497739,0.6595227,0.7261944,0.78884405,0.7743126,0.5870993,0.73444104,0.68848103,0.60848296,0.685753,0.48921055,0.58875644,0.5890468,0.6500555,0.57438517,0.7033904,0.65978837,0.69291484,0.5978075,0.64041,0.71641004,0.69417226,0.56489444,0.8014419,0.4951828,0.810329,0.8278055,0.8260431,0.786586,0.5412739,0.7998506,0.4316162,0.6458441,0.66221505,0.76956916,0.76956916,0.6931321,0.6792421,0.747135,0.6131165,0.73991853,0.660985,0.7670706,0.7955217,0.58092475,0.86419666,0.84278226,0.6084812,0.6873665,0.7884853,0.61545193,0.4683718,0.6271551
bn,0.66926974,0.63664615,0.5977413,0.55753136,0.5649252,0.6100872,0.70648015,0.56543267,0.60300994,0.73088175,0.48172593,0.71103704,0.5356906,0.6722497,0.59648335,0.6720877,0.56784374,0.59543145,0.61148715,0.66785043,0.69707495,0.7742917,0.75101054,0.7373601,0.75051016,0.80417144,0.7610981,0.99999917,0.7080533,0.6458899,0.65142566,0.56153035,0.83448064,0.69386464,0.68840635,0.7018166,0.5621754,0.71543205,0.5865695,0.5701325,0.7306685,0.75072,0.6653445,0.72909623,0.5418976,0.7715589,0.73227745,0.7314128,0.7831071,0.6126598,0.54890186,0.47041157,0.46228236,0.57625675,0.8076297,0.7568877,0.5591738,0.71427596,0.7172165,0.63039863,0.6510862,0.67342365,0.7978231,0.5162085,0.62270635,0.57312673,0.6815878,0.7400817,0.6665022,0.70169383,0.693352,0.5587327,0.7276052,0.75345474,0.6340104,0.6300793,0.78654313,0.7851436,0.62309736,0.7384237,0.6793689,0.75300616,0.7737835,0.7121243,0.78643554,0.6775339,0.7830839,0.7452421,0.7104016,0.727553,0.43159282,0.7360326,0.6691574,0.5436894,0.7165055,0.500644,0.7765043,0.72612816,0.72128725,0.43903616,0.60942733,0.63083494,0.57746047,0.7270532,0.67067385,0.7540381,0.69789,0.7211603,0.7417729,0.68484914,0.62470585,0.71626043,0.57599664,0.6958132,0.78905,0.59987223,0.5855655,0.79827917,0.50619173,0.65031075,0.47150856,0.64585733,0.74919826,0.6151018,0.6179553,0.78474027,0.64245415,0.5356117,0.57502234,0.6285543,0.74298376,0.7107866,0.57548773,0.80749655,0.7278592,0.58977586,0.8086983,0.66706437,0.7043638,0.5400616,0.76800555,0.6804869,0.6816331,0.70396113,0.6340104,0.7353912,0.56081516,0.77944934,0.74687773,0.80278575,0.65298223,0.6000805,0.47532776,0.6123487,0.68895406,0.5420316,0.7412501,0.6545783,0.68523806,0.5729417,0.6715421,0.70059514,0.61425006,0.6423046,0.5744269,0.73933893,0.65325296,0.6448428,0.56347895,0.6549597,0.69386464,0.7165386,0.42369172,0.83949465,0.5218516,0.7219926,0.68690276,0.70769536,0.74184245,0.5881993,0.58366674,0.5492552,0.803546,0.6306064,0.5667958,0.624201,0.58520424,0.6057796,0.5207239,0.6458325,0.6996619,0.6443283,0.6803131,0.683403,0.7575905,0.61217797,0.6368729,0.5985152,0.72478735,0.6565021,0.5650023,0.730747,0.5505316,0.69598943,0.69386464,0.7544342,0.627395,0.77894235,0.73125607,0.62871325,0.6993369,0.5162974,0.66212606,0.5438053,0.6357148,0.5593285,0.666642,0.56554925,0.6734649,0.5989017,0.6828331,0.703985,0.6755408,0.5299452,0.71777844,0.66102135,0.66197264,0.6761447,0.6909542,0.67444855,0.5716228,0.62673944,0.55777615,0.65267736,0.6414441,0.72944957,0.72944957,0.7028345,0.6746444,0.8189455,0.7078582,0.78011864,0.5408799,0.8001449,0.6421916,0.63665354,0.7369359,0.6710546,0.5750487,0.6192397,0.8136162,0.66171664,0.654775,0.6436047
bo,0.5997626,0.69721603,0.58030546,0.5110779,0.5958631,0.5811727,0.550862,0.70525515,0.60217065,0.76348233,0.628444,0.82114786,0.52723575,0.5779166,0.67252356,0.5868309,0.5461346,0.4953884,0.58821934,0.6241668,0.855232,0.5368632,0.7154376,0.69644177,0.6517519,0.7329472,0.6899709,0.7080533,1.0000001,0.6382034,0.661046,0.6030105,0.7923125,0.6762755,0.59328014,0.8554253,0.51445913,0.6599842,0.6021046,0.51965386,0.64697504,0.6195736,0.69661564,0.6766932,0.54322845,0.60246444,0.6954659,0.7074449,0.69755113,0.61585516,0.5877923,0.5199261,0.41640896,0.52992725,0.75356144,0.58512944,0.47357154,0.70088744,0.7423207,0.67847157,0.6957435,0.6304196,0.70213306,0.25955653,0.8799306,0.73833627,0.6729185,0.8270132,0.6262274,0.51849556,0.69223505,0.586467,0.67087007,0.6327131,0.5837761,0.7365986,0.67068106,0.67230463,0.55907696,0.7207582,0.6800663,0.653732,0.680116,0.606029,0.6804156,0.9815229,0.7062626,0.67910975,0.7705379,0.6731183,0.36029845,0.65302014,0.6466852,0.5656459,0.63962245,0.4432017,0.78081757,0.7203501,0.72407097,0.44341564,0.6814922,0.8798194,0.4411353,0.9094302,0.7469779,0.69995916,0.7218125,0.71202385,0.9259828,0.6625419,0.8756598,0.6888871,0.6273152,0.64120793,0.7525959,0.5065734,0.7313649,0.71260566,0.62850565,0.6668509,0.6068872,0.7485384,0.746717,0.48009282,0.6702722,0.72053266,0.5632417,0.5694016,0.52980804,0.52945143,0.7871292,0.61697847,0.37418738,0.7489625,0.67320275,0.75293773,0.60608953,0.8923133,0.7935241,0.5462308,0.74239546,0.7288572,0.6048405,0.680711,0.5837761,0.7650433,0.5651582,0.77715313,0.6948726,0.6936769,0.65787125,0.588482,0.4546613,0.53329456,0.6412022,0.55618036,0.7048438,0.77959245,0.6353696,0.71285945,0.60710573,0.5886657,0.41669023,0.60835826,0.7011886,0.9315918,0.57570297,0.5736046,0.7019645,0.88447094,0.6762755,0.6422223,0.4934935,0.7693268,0.5250309,0.69113183,0.70010775,0.6732035,0.7974413,0.66986096,0.5114256,0.5411141,0.6756699,0.6467711,0.600301,0.59620434,0.7552864,0.61856955,0.51453304,0.8906963,0.66632426,0.48551154,0.62767357,0.6053816,0.46991664,0.56981325,0.58172166,0.5176286,0.7494514,0.8042508,0.6655475,0.76247495,0.5764227,0.38373423,0.6762755,0.5321661,0.751495,0.7404544,0.6730329,0.5796747,0.6128766,0.624416,0.76163334,0.71132344,0.7493048,0.6999687,0.63358575,0.6049636,0.6215152,0.59343183,0.7153724,0.53731215,0.8888586,0.46849698,0.6881507,0.6031551,0.67832917,0.6319903,0.6875847,0.6559633,0.58201283,0.4861829,0.5373945,0.50584406,0.4955421,0.6542633,0.6542633,0.63654524,0.7484937,0.7670856,0.63062906,0.524037,0.57583183,0.7214751,0.6563103,0.76450086,0.67050797,0.54412174,0.5458912,0.8735815,0.7298456,0.676906,0.583765,0.60715425
bq,0.50562215,0.58910227,0.48633072,0.42752153,0.6831858,0.37516734,0.5155723,0.5294501,0.7310353,0.79546106,0.51142585,0.6398963,0.7414909,0.76802623,0.6143367,0.6590899,0.6447643,0.60276145,0.65116006,0.43221775,0.67275274,0.74032056,0.6853249,0.6783792,0.55415773,0.76539046,0.6135917,0.6458899,0.6382034,0.999999,0.62017715,0.49323002,0.68572485,0.61649334,0.7620179,0.6632263,0.6457513,0.60520977,0.5132146,0.6678036,0.564741,0.55812734,0.5208808,0.7572869,0.74303645,0.6637861,0.47865677,0.54378885,0.6745398,0.6552917,0.649217,0.62425303,0.59859973,0.6064577,0.7825688,0.67633134,0.26212946,0.849353,0.6245871,0.60597867,0.6293698,0.57559323,0.66817856,0.5082419,0.6294776,0.4726289,0.6512209,0.5437169,0.5404492,0.73007315,0.7889994,0.7028385,0.8163875,0.76167417,0.5903341,0.6574835,0.7424365,0.74566483,0.7217223,0.7353798,0.6662185,0.60823625,0.7008297,0.57816046,0.72912204,0.6180012,0.70907456,0.72348815,0.66941214,0.643353,0.40494728,0.55629843,0.7434544,0.7319065,0.7923472,0.6753886,0.66831887,0.654057,0.57490814,0.7031862,0.7418195,0.6741831,0.5572177,0.71565926,0.59066504,0.6715127,0.7519623,0.5696395,0.73566896,0.7418581,0.6334535,0.6383508,0.677394,0.6514576,0.74802047,0.52258503,0.47045884,0.7650958,0.42470312,0.4310407,0.57697326,0.6373381,0.7121675,0.43605092,0.6174859,0.77818125,0.4448999,0.71535075,0.73995054,0.5874302,0.67495817,0.77321625,0.48679787,0.6103446,0.66673875,0.6298204,0.6783921,0.74043703,0.6385358,0.46891618,0.60316306,0.617523,0.5261225,0.4717139,0.5903341,0.7685726,0.57262206,0.60333467,0.5686705,0.6745919,0.6511307,0.7060389,0.6843854,0.7049976,0.61339813,0.72713464,0.74373734,0.61013,0.5880267,0.4601957,0.61288214,0.52761483,0.48095012,0.6134362,0.5896654,0.6821982,0.68321836,0.6931945,0.7105651,0.7046997,0.61649334,0.69294524,0.62132436,0.57273203,0.7520038,0.74083304,0.63229895,0.65599406,0.6775526,0.43441352,0.6671971,0.67652863,0.7626706,0.7091538,0.7215317,0.5499083,0.50687695,0.36402395,0.69319,0.7193784,0.72676104,0.66381776,0.50931907,0.664394,0.7454637,0.63359797,0.69398755,0.67456275,0.5977302,0.5623979,0.6252591,0.6696816,0.71877486,0.6893533,0.61649334,0.75204784,0.72215813,0.8396909,0.5581392,0.78460336,0.6565921,0.50206214,0.5820649,0.6866276,0.7565702,0.5961002,0.62993413,0.70878786,0.4837592,0.7517312,0.61658823,0.67912626,0.6507343,0.43217212,0.4879241,0.7019383,0.50948304,0.5318952,0.51863605,0.5598916,0.7614011,0.34597442,0.56688887,0.504007,0.43252102,0.6657513,0.6657513,0.7821912,0.72627556,0.72964513,0.58891046,0.6659685,0.7130996,0.77440876,0.4229128,0.58043337,0.53555685,0.45789438,0.73992276,0.63102347,0.7908906,0.6485467,0.46321565,0.58157605
br,0.51113826,0.58789104,0.61479217,0.43781307,0.60232764,0.22791329,0.4237687,0.29092002,0.78737974,0.7785722,0.5876279,0.56583434,0.51940525,0.72400886,0.70059866,0.7389942,0.58935624,0.57960397,0.77206004,0.49689895,0.5917114,0.572544,0.5709178,0.66031593,0.6192217,0.7344048,0.50590354,0.65142566,0.661046,0.62017715,0.99999964,0.6716036,0.6561664,0.47253868,0.6973185,0.54777944,0.4350688,0.5105521,0.6922046,0.59239167,0.6513933,0.6252599,0.40813303,0.7020869,0.54018605,0.58921593,0.63137835,0.4140203,0.546992,0.6379282,0.6095703,0.62280446,0.56441915,0.6664026,0.7419864,0.58324534,0.4575593,0.741024,0.52792174,0.74158466,0.5979977,0.6708632,0.5701583,0.5373341,0.5466373,0.6052025,0.6400974,0.55200183,0.6597452,0.6102142,0.7370363,0.5971064,0.7692688,0.6752448,0.5667835,0.7806726,0.6753941,0.681476,0.6605547,0.68182456,0.63264143,0.5319396,0.64305437,0.6868463,0.6715943,0.6335762,0.6108952,0.6093918,0.53469193,0.6101957,0.4587798,0.6598972,0.7035067,0.57162374,0.7461362,0.48875326,0.5888777,0.72789264,0.44974434,0.4199979,0.79126143,0.54839253,0.48372415,0.6784179,0.56694674,0.7195661,0.7206021,0.42309928,0.68603134,0.6630658,0.5461348,0.6661267,0.68977326,0.6639695,0.700545,0.53982186,0.5811611,0.71198124,0.55282235,0.29499647,0.54568493,0.55626905,0.6653212,0.5557946,0.6052807,0.7383621,0.6008701,0.59192014,0.73176163,0.36766094,0.60609347,0.75402856,0.44256663,0.62613827,0.61760354,0.7147239,0.52220154,0.68274534,0.58155787,0.3274569,0.4777189,0.6067298,0.54671544,0.3699243,0.5667835,0.6256662,0.61158043,0.5598788,0.6276933,0.6029322,0.5003699,0.7666973,0.6364273,0.5834491,0.5520709,0.5685095,0.6140997,0.60324687,0.36020288,0.6200646,0.61029327,0.56045204,0.55502367,0.6092851,0.7019689,0.6933274,0.71832836,0.7322815,0.73121756,0.65224504,0.47253868,0.631416,0.592446,0.6775891,0.5251167,0.56839734,0.61201185,0.5385409,0.6077314,0.35249352,0.54753387,0.564369,0.62180316,0.68361264,0.5931357,0.52045757,0.62760705,0.4410441,0.68361396,0.6341054,0.5686538,0.5714252,0.5284785,0.6021336,0.53274614,0.7131017,0.8091148,0.64220554,0.68685687,0.54265666,0.7213381,0.6425771,0.5831355,0.4535537,0.47253868,0.56138676,0.7753679,0.740929,0.62066424,0.713582,0.65683633,0.6367169,0.7270497,0.70171994,0.54521817,0.649888,0.6285993,0.6199825,0.508442,0.65209514,0.64361763,0.55464584,0.6319707,0.5891157,0.45590594,0.75823414,0.366218,0.41041687,0.38426742,0.44667464,0.6778283,0.30424288,0.6475077,0.6397047,0.48019645,0.63746506,0.63746506,0.6888091,0.7518988,0.72899055,0.71598554,0.46939415,0.59623164,0.72359556,0.28980437,0.5314658,0.46704754,0.41751748,0.6416795,0.5508663,0.7327302,0.56457585,0.64520615,0.5940225
bs,0.5407229,0.6592817,0.6103896,0.4268758,0.5935191,0.1927332,0.24410698,0.34463635,0.7710166,0.78118294,0.693836,0.5217283,0.50075406,0.6868768,0.74284047,0.7734734,0.6196527,0.56146467,0.6843701,0.60691124,0.55571944,0.48169965,0.420258,0.60296893,0.60576034,0.66201276,0.5056219,0.56153035,0.6030105,0.49323002,0.6716036,1.0000005,0.5525883,0.47175765,0.71828437,0.51196116,0.5478157,0.5454331,0.53429747,0.64894325,0.547509,0.61632234,0.40310693,0.6354723,0.541223,0.63531816,0.61032903,0.3988377,0.44512698,0.64765537,0.64537233,0.6573928,0.5541727,0.7357151,0.7099001,0.6308176,0.4148562,0.6135813,0.5104035,0.6749636,0.5745704,0.7529287,0.46297747,0.54881895,0.5113599,0.68815994,0.6400641,0.53527707,0.5729262,0.56589085,0.73080885,0.5877818,0.7414161,0.63633376,0.65323764,0.8395417,0.6521297,0.6705069,0.69122314,0.6050861,0.6360394,0.46397972,0.61991215,0.4722255,0.6573748,0.6098979,0.52913094,0.5933962,0.45459464,0.57934356,0.5249365,0.59072614,0.71587443,0.54247403,0.7407535,0.59990776,0.5870627,0.78912526,0.45652372,0.4384309,0.81077665,0.55590004,0.5546024,0.6309723,0.545617,0.7317338,0.7021855,0.44008228,0.5838502,0.6429456,0.49935624,0.5923833,0.71798474,0.6817458,0.6392328,0.58863145,0.68850243,0.6484493,0.5384473,0.327946,0.6901138,0.55978334,0.65878004,0.47360814,0.6305916,0.6550976,0.6896033,0.562932,0.7448812,0.40836468,0.50535476,0.7042895,0.4553888,0.5501333,0.6040696,0.678568,0.35982564,0.67266536,0.53786623,0.28754446,0.45004135,0.5869722,0.52512354,0.3635796,0.65323764,0.4587147,0.6813978,0.5273189,0.57423717,0.49527985,0.49193612,0.7615696,0.6669291,0.51424915,0.49288163,0.54914886,0.49469388,0.5607418,0.39388877,0.610079,0.6376551,0.6033048,0.41261512,0.60955775,0.75007355,0.5944057,0.6639548,0.7080494,0.78130317,0.64196724,0.47175765,0.5369125,0.615268,0.5965578,0.507483,0.6220701,0.60488474,0.5856383,0.5271104,0.44221163,0.37412235,0.38072994,0.5986099,0.66236615,0.5784775,0.49014834,0.6737381,0.4002477,0.72273177,0.62184876,0.39315492,0.5113089,0.58610255,0.5097543,0.44060174,0.6944692,0.717574,0.61023414,0.64805704,0.5917251,0.7397601,0.6103499,0.5640718,0.34271327,0.47175765,0.45456254,0.7596099,0.70544845,0.5974943,0.745381,0.6363507,0.595448,0.73610675,0.7484977,0.35781175,0.6271847,0.63944644,0.59252006,0.5701539,0.6083784,0.5412654,0.47602227,0.5615889,0.63587826,0.45787796,0.6183678,0.3928504,0.32126507,0.35756353,0.417839,0.6708096,0.33166796,0.5733714,0.57971597,0.3727281,0.6552185,0.6552185,0.6243658,0.75082874,0.6677018,0.5833757,0.29779336,0.5623567,0.6689881,0.3200111,0.52824175,0.45179045,0.44666132,0.73774207,0.5160852,0.6651335,0.58904076,0.5481552,0.32334644
bt,0.719345,0.6660616,0.63951194,0.71336204,0.5297847,0.7593561,0.72588736,0.6254467,0.60271853,0.7548696,0.600385,0.8169068,0.51230115,0.65197337,0.6422846,0.68644375,0.5475913,0.572451,0.60013163,0.7594127,0.7234758,0.7486253,0.8180295,0.8160478,0.7869443,0.81053895,0.81842804,0.83448064,0.7923125,0.68572485,0.6561664,0.5525883,1.0000006,0.75923324,0.67097515,0.7651992,0.5980877,0.81633186,0.60232896,0.5043648,0.7384026,0.8335837,0.8280977,0.7971499,0.53039765,0.7767578,0.7615595,0.86749744,0.83748037,0.69459915,0.64332867,0.52319485,0.46210378,0.5397977,0.82612646,0.7522565,0.6811733,0.70514286,0.8240067,0.63414645,0.6875428,0.68035024,0.8582483,0.5103768,0.68888533,0.6023315,0.7379928,0.8884465,0.7928893,0.6870096,0.7091104,0.55146635,0.71904874,0.7701403,0.71110266,0.7185746,0.8085563,0.8179879,0.6341536,0.70383584,0.7338882,0.8246491,0.81201553,0.7832104,0.8259218,0.7727312,0.79078025,0.8276926,0.7133982,0.77588654,0.48390946,0.7711392,0.6623147,0.5387905,0.7097063,0.48815593,0.7797683,0.7571155,0.87577295,0.4343945,0.6113622,0.71189624,0.6453995,0.7946128,0.7824219,0.8129502,0.7149043,0.86171067,0.77808553,0.7109654,0.68295485,0.79707557,0.5916191,0.76917535,0.80963075,0.66159743,0.60753894,0.79415023,0.58905977,0.821394,0.6079294,0.75869775,0.7660782,0.6906304,0.7170969,0.7827711,0.691211,0.54021,0.52029175,0.6999683,0.8151321,0.6700842,0.6576688,0.8763003,0.7910336,0.60032827,0.83741236,0.7211483,0.8091296,0.51993704,0.89143836,0.78095144,0.71125805,0.84427994,0.71110266,0.7326495,0.5124366,0.8992654,0.8312806,0.89605075,0.77156854,0.6133221,0.459882,0.6602712,0.7320162,0.5179183,0.8115977,0.7183484,0.7867639,0.6710331,0.7398924,0.7298825,0.6804757,0.60798305,0.64049816,0.76885396,0.6543433,0.65744317,0.58634025,0.7309962,0.75923324,0.7650077,0.44101983,0.8812454,0.49810687,0.7589953,0.7031865,0.8319036,0.8216205,0.6392694,0.6715233,0.5772544,0.82876474,0.6541689,0.5482536,0.6948659,0.6218864,0.74457437,0.49265397,0.7136822,0.7462416,0.63484645,0.742086,0.73754025,0.7123027,0.6187781,0.58710223,0.5373233,0.7322061,0.66568404,0.6142559,0.8151103,0.5214653,0.6527979,0.75923324,0.7628376,0.6681087,0.75557613,0.80694115,0.6055498,0.7622477,0.53091556,0.72967553,0.5732751,0.6877959,0.60760045,0.73068446,0.53878146,0.74105257,0.59734124,0.73905355,0.74118406,0.7377535,0.54923475,0.8362534,0.6416723,0.8288938,0.76098883,0.8311511,0.7683785,0.547623,0.68097377,0.50597084,0.6852118,0.7616672,0.7799187,0.7799187,0.7274203,0.6887275,0.897752,0.71023583,0.7983203,0.5389252,0.81088656,0.81099117,0.65830076,0.81563765,0.7381042,0.5659378,0.68982863,0.81503886,0.65481246,0.71379244,0.7181221
bv,0.6525506,0.6347186,0.5186916,0.6799701,0.57406306,0.6794119,0.729325,0.5764928,0.5909812,0.7312818,0.57853603,0.83709157,0.56787854,0.6741444,0.50675607,0.5455569,0.5532753,0.5213156,0.48911574,0.6091208,0.62515986,0.6857049,0.74150217,0.69062424,0.66615695,0.74512297,0.78884405,0.69386464,0.6762755,0.61649334,0.47253868,0.47175765,0.75923324,0.9999999,0.68210095,0.6555757,0.6401752,0.7510096,0.35452604,0.5742417,0.6627858,0.6748554,0.75924945,0.6529732,0.5724667,0.6934472,0.63311625,0.76862603,0.684172,0.6004025,0.64172655,0.53291595,0.5265813,0.4655732,0.76376593,0.6961905,0.5162414,0.6260493,0.76622546,0.5999321,0.6905383,0.59813285,0.7037288,0.4524488,0.71542567,0.58559674,0.6230665,0.74066275,0.6566947,0.6172713,0.6869991,0.58340913,0.7037405,0.64524424,0.6503978,0.56339324,0.7173338,0.719025,0.6229799,0.6197945,0.71379834,0.71520096,0.7085264,0.56763196,0.6846911,0.65799385,0.75141513,0.7415297,0.76075655,0.6191881,0.38322905,0.7186659,0.71139425,0.5845601,0.67315674,0.5805778,0.6341433,0.63092667,0.7942364,0.5393431,0.5892032,0.7446509,0.6551169,0.78712404,0.7279587,0.70097387,0.7002039,0.7936158,0.73873496,0.6560911,0.7243772,0.74147844,0.63395715,0.6648045,0.77630943,0.50032246,0.6010973,0.7418611,0.4211975,0.7102915,0.5848564,0.6921537,0.6520024,0.5773416,0.6627546,0.73401356,0.6510655,0.57613605,0.5063626,0.71559644,0.79309934,0.65672874,0.65811473,0.71760976,0.67506963,0.59836996,0.7156968,0.72420067,0.78251433,0.45869127,0.8066969,0.73721886,0.64257723,0.70458406,0.6503978,0.6852125,0.5814528,0.7412371,0.6466857,0.74508756,0.7315308,0.5453264,0.54052854,0.52332747,0.6557204,0.5717987,0.78318846,0.6218067,0.751696,0.530199,0.6492715,0.69169396,0.5475439,0.60583985,0.51209897,0.70207554,0.5311818,0.5514997,0.6158502,0.7526638,0.9999999,0.7162246,0.40540314,0.7077149,0.55948156,0.61752117,0.6926117,0.7466362,0.79336846,0.58147275,0.64415175,0.50489175,0.7522256,0.65722674,0.59017205,0.6847095,0.59328204,0.6254662,0.48111522,0.7363247,0.7203408,0.6448327,0.64621496,0.69052714,0.68311524,0.5482133,0.48091525,0.5432774,0.67336404,0.66082585,0.43984854,0.7641109,0.57543933,0.6744317,0.9999999,0.70378184,0.6198628,0.71307,0.65315306,0.6375904,0.61187994,0.46364892,0.5399876,0.62207735,0.646419,0.5888552,0.6621516,0.5668617,0.6297444,0.6180386,0.6324027,0.66147083,0.70320547,0.54041535,0.71722025,0.52206343,0.7524179,0.69379616,0.764278,0.71380943,0.5551086,0.68381506,0.44539496,0.6010572,0.5887462,0.7887042,0.7887042,0.6364289,0.680596,0.69884473,0.5808027,0.70847255,0.581965,0.74185574,0.7060083,0.5388826,0.7438658,0.7421996,0.6195869,0.71498376,0.75056016,0.6529964,0.46379852,0.58203804
bw,0.6173458,0.5456419,0.55848855,0.53696996,0.70350736,0.36391997,0.5649371,0.40797943,0.8423867,0.89254206,0.6192646,0.6022602,0.71931916,0.8841819,0.7629765,0.7909774,0.6907708,0.68576264,0.7266988,0.5494298,0.6462419,0.7528604,0.685889,0.7472236,0.6411373,0.8828817,0.6516993,0.68840635,0.59328014,0.7620179,0.6973185,0.71828437,0.67097515,0.68210095,0.99999976,0.614747,0.674382,0.6620639,0.5412005,0.7755908,0.6809485,0.6718185,0.45412672,0.7456295,0.7404039,0.7146725,0.6368757,0.53917,0.6083163,0.7758678,0.78497124,0.7018676,0.74755317,0.70336163,0.8981732,0.7324046,0.44801325,0.8178714,0.5473507,0.7069534,0.57748634,0.765702,0.6288078,0.7969451,0.51085424,0.5398538,0.7170944,0.55567455,0.6095886,0.8797327,0.8862406,0.726025,0.9239598,0.8963605,0.6873776,0.7808392,0.9125827,0.9165753,0.8436499,0.7579554,0.8190584,0.64181155,0.8600917,0.6416561,0.87093735,0.59917545,0.70961857,0.75331485,0.736346,0.6475017,0.51155925,0.6290343,0.8845289,0.7333837,0.8952607,0.73885846,0.6380259,0.75428474,0.56745166,0.6679779,0.8421266,0.6059602,0.66129243,0.6850829,0.69263667,0.79060084,0.8350565,0.56507945,0.6581568,0.79705244,0.51972955,0.6538988,0.7807766,0.7425313,0.8243132,0.6134064,0.53272474,0.8727784,0.5141813,0.4050215,0.66863394,0.64909786,0.7100795,0.5723542,0.6936927,0.8654259,0.5717515,0.7307939,0.8521684,0.57170254,0.68493146,0.9026505,0.6227983,0.6617368,0.71632916,0.68950707,0.643389,0.7375828,0.53289306,0.47386074,0.617388,0.74416834,0.6473605,0.45513654,0.6873776,0.726963,0.739564,0.59192955,0.6383296,0.6430776,0.66714203,0.7992941,0.79093033,0.6203107,0.65970504,0.7216253,0.7480564,0.6519435,0.60006523,0.5658376,0.71675974,0.7171728,0.6492425,0.7101392,0.6996008,0.6502348,0.7487025,0.767681,0.788368,0.6703032,0.68210095,0.75124574,0.6421705,0.6709659,0.7281849,0.7038272,0.7338625,0.67416984,0.68158555,0.42324293,0.6774461,0.6549275,0.761726,0.77590895,0.732363,0.6971186,0.55367786,0.4130867,0.81405956,0.66980165,0.71469563,0.7269732,0.62138265,0.78815377,0.75667274,0.7476416,0.77724683,0.75934076,0.6903198,0.5148213,0.7020677,0.784842,0.7237782,0.68006754,0.68210095,0.75157535,0.75230217,0.9020797,0.66154385,0.8950706,0.75537306,0.6441859,0.6593206,0.74810827,0.6557851,0.56419194,0.7241931,0.7179827,0.590074,0.81580794,0.6815305,0.77487606,0.59328955,0.64476717,0.52686894,0.75973856,0.48259372,0.50916386,0.49302024,0.5868387,0.8344021,0.44925126,0.6688803,0.6953066,0.49011514,0.78193986,0.78193986,0.80544335,0.7709788,0.7857294,0.6752253,0.60362214,0.7302861,0.87600845,0.3910215,0.60459423,0.5874313,0.57906675,0.85789955,0.50608265,0.8947545,0.739449,0.55684865,0.59482974
by,0.63151014,0.5608951,0.49841565,0.5006694,0.5589255,0.6744888,0.60334826,0.7633464,0.53312343,0.702227,0.5235607,0.70569825,0.5389553,0.55609655,0.6425736,0.6353391,0.531808,0.49411613,0.5605199,0.59570163,0.84564567,0.5272898,0.78937095,0.6417805,0.6012952,0.74077994,0.72484076,0.7018166,0.8554253,0.6632263,0.54777944,0.51196116,0.7651992,0.6555757,0.614747,0.99999946,0.51832217,0.71728843,0.43866277,0.5407277,0.59765947,0.58267,0.69134355,0.64363736,0.5506032,0.6027239,0.64879245,0.7927139,0.66664755,0.6741722,0.5695006,0.492882,0.40453964,0.41759908,0.75825655,0.573925,0.57384485,0.68617964,0.7226118,0.590791,0.6378022,0.55654275,0.65964204,0.38431162,0.7184875,0.6092933,0.72468746,0.759814,0.5051738,0.6023578,0.671872,0.558623,0.6411655,0.7006602,0.5730905,0.63387555,0.74393964,0.73940444,0.55878216,0.751381,0.7009786,0.6424119,0.75998396,0.563027,0.7606163,0.861172,0.6705609,0.69827557,0.7471256,0.6616238,0.37086713,0.51146895,0.5997283,0.5633366,0.6148482,0.44817743,0.7593998,0.70151764,0.76824826,0.48566288,0.5902363,0.76324016,0.44850144,0.7893513,0.78209907,0.650489,0.65721065,0.7832471,0.80261135,0.65244275,0.71046877,0.5616526,0.5893129,0.60392195,0.7452354,0.54045784,0.633617,0.74848163,0.6458308,0.73545754,0.65028054,0.766342,0.68448836,0.4234429,0.7243447,0.7285934,0.39061713,0.5633055,0.46251625,0.53908664,0.6892365,0.5893595,0.43559927,0.7492724,0.6877669,0.6133099,0.59274983,0.79663557,0.7196026,0.64852184,0.80673647,0.7573506,0.6246432,0.75186694,0.5730905,0.811391,0.51106405,0.7855794,0.6633479,0.63174075,0.6795699,0.49839792,0.432984,0.5283059,0.52895445,0.53511214,0.7550855,0.7602749,0.6301152,0.78075004,0.59130675,0.6174633,0.48737848,0.6218204,0.67923445,0.8208402,0.49385595,0.5034315,0.5818533,0.74903435,0.6555757,0.64260095,0.43556696,0.73970306,0.53841585,0.78524023,0.6958342,0.70225054,0.7122619,0.6645774,0.5402157,0.5845454,0.69026846,0.60939926,0.5779341,0.5944139,0.6371351,0.6077085,0.4700735,0.7609755,0.74231714,0.46955886,0.6327946,0.65715057,0.53180856,0.48338452,0.44502047,0.50676745,0.7212411,0.6402217,0.5776923,0.78739464,0.56111705,0.4705073,0.6555757,0.5787377,0.6146175,0.7272049,0.63353026,0.55489707,0.7202229,0.6147174,0.69137484,0.5720112,0.8039353,0.52466863,0.6792097,0.5763426,0.62448955,0.5762551,0.67683524,0.6142334,0.7477127,0.44378206,0.70125115,0.4923744,0.727594,0.7203406,0.75219697,0.7181649,0.5331657,0.5871356,0.45784923,0.4846345,0.5560863,0.6670604,0.6670604,0.65287673,0.6469368,0.7323043,0.5643769,0.5668957,0.55840266,0.7376355,0.7283117,0.77812636,0.7162852,0.6276243,0.544904,0.7106749,0.7442146,0.60466486,0.47561458,0.6961599
bz,0.6568804,0.5992435,0.622903,0.59509087,0.58345807,0.3749681,0.57678664,0.47763532,0.7383152,0.7512612,0.6657434,0.7032586,0.6073316,0.7028664,0.5516983,0.57693166,0.6563291,0.6957928,0.601934,0.5953122,0.55060977,0.62610394,0.5852819,0.7257881,0.54756457,0.6673994,0.6258844,0.5621754,0.51445913,0.6457513,0.4350688,0.5478157,0.5980877,0.6401752,0.674382,0.51832217,1.0000006,0.5607315,0.28283155,0.6055716,0.5820542,0.60378593,0.62638676,0.6734434,0.6300929,0.6555103,0.509558,0.5514708,0.54860735,0.57963234,0.60795337,0.6548309,0.58066314,0.5287214,0.70698416,0.66112936,0.3515587,0.6435275,0.67807466,0.508665,0.6741375,0.60116893,0.5698371,0.52063084,0.6073625,0.5528526,0.5272532,0.52399105,0.46405748,0.63998204,0.7169585,0.600567,0.76982456,0.6832813,0.7259808,0.5708353,0.6546999,0.66479295,0.7294227,0.54324114,0.63978815,0.63262933,0.61768335,0.45677555,0.6542752,0.49267024,0.6014561,0.67074186,0.63058233,0.6255215,0.51085484,0.6671123,0.66023606,0.60177016,0.7981812,0.82370484,0.5312957,0.5886702,0.6451926,0.6003033,0.6801177,0.6719251,0.7243702,0.7072495,0.6274107,0.7129846,0.7510092,0.6231735,0.6312015,0.6756673,0.5910692,0.65958875,0.65961933,0.7141288,0.68658566,0.47930568,0.5255135,0.62345785,0.38676092,0.499824,0.59868383,0.6342423,0.6025128,0.42544472,0.5014515,0.66238505,0.645519,0.5942898,0.6617165,0.76626277,0.6849599,0.70808816,0.57945085,0.6019274,0.7033028,0.61380345,0.5574509,0.7041051,0.6893017,0.3996849,0.6013076,0.663086,0.63550836,0.4976516,0.7259808,0.5648702,0.62856734,0.57331866,0.5973146,0.64105785,0.55261415,0.7239089,0.7670243,0.43469658,0.6877301,0.6094056,0.66585565,0.53393656,0.61927474,0.45222747,0.69150203,0.59692484,0.4447677,0.5899759,0.5181994,0.58421415,0.6331949,0.71106887,0.6967563,0.706494,0.6401752,0.61856663,0.6126307,0.5242854,0.6221761,0.5523325,0.6448431,0.70595664,0.6973683,0.42126086,0.586186,0.4898648,0.67241704,0.5948883,0.59762776,0.7172802,0.5609761,0.45636004,0.68061674,0.68570054,0.5824768,0.7178701,0.6614969,0.6800842,0.6457798,0.5613352,0.60122734,0.6169678,0.58998066,0.6324916,0.58498216,0.6893819,0.5976075,0.64142793,0.6401752,0.6552423,0.6599536,0.70215356,0.6186982,0.7745183,0.57704026,0.544101,0.43576166,0.68413204,0.5876231,0.56099504,0.51616174,0.57785505,0.6402358,0.6829493,0.45774394,0.6712466,0.6387492,0.5771559,0.57619613,0.5156147,0.61537397,0.4975857,0.54519844,0.54747707,0.6529678,0.46430743,0.44964692,0.5523782,0.42681786,0.71706057,0.71706057,0.74290234,0.692176,0.6211164,0.5727805,0.5699707,0.58727366,0.6756816,0.483382,0.48707485,0.5896759,0.57788986,0.78968966,0.6191282,0.6900065,0.5904195,0.33405194,0.3205447
ca,0.72061664,0.547935,0.5822572,0.6629828,0.52108896,0.7425022,0.6623386,0.6069171,0.55945736,0.69165474,0.5270903,0.6972149,0.50441164,0.61138844,0.5912572,0.64419144,0.5367113,0.57395715,0.5309065,0.7231476,0.651882,0.66141856,0.71847236,0.6307598,0.66501653,0.7441314,0.790591,0.71543205,0.6599842,0.60520977,0.5105521,0.5454331,0.81633186,0.7510096,0.6620639,0.71728843,0.5607315,0.9999993,0.36716628,0.55483913,0.6390802,0.70126915,0.74104327,0.73416865,0.518824,0.72705173,0.6425387,0.83445364,0.69391364,0.6928552,0.6317903,0.49910095,0.44938996,0.42777154,0.7654908,0.6993384,0.6515074,0.58922106,0.7918777,0.5552683,0.6318663,0.61980397,0.70484793,0.5683401,0.5596031,0.50651133,0.7483463,0.753522,0.6397152,0.63100857,0.660984,0.53879887,0.6656702,0.7086955,0.736257,0.6207862,0.7799464,0.7744386,0.5656519,0.6255433,0.70413697,0.73927927,0.7978359,0.6264838,0.7816696,0.6707746,0.7212429,0.7509843,0.642909,0.70546013,0.46464804,0.60839856,0.61017245,0.528056,0.68890256,0.47363716,0.69904494,0.7151297,0.7943116,0.4643494,0.5375023,0.6305114,0.6330081,0.67047673,0.75443256,0.7586289,0.6577462,0.82219523,0.6399064,0.66257054,0.55126286,0.63878435,0.57758224,0.73478967,0.78861284,0.60699195,0.51338613,0.7663363,0.543568,0.77102304,0.62909645,0.7078476,0.6307037,0.6270937,0.7556051,0.74619246,0.58558494,0.5379145,0.45688567,0.5962703,0.69857895,0.62443024,0.65355027,0.77528584,0.74364525,0.5182344,0.70051444,0.6365665,0.7008433,0.52529895,0.8529906,0.7530838,0.68898976,0.7721197,0.736257,0.63870555,0.49369353,0.79770136,0.71393186,0.7117383,0.7539665,0.48176277,0.4761072,0.57983404,0.5742139,0.5060232,0.7564454,0.648737,0.72154987,0.6520108,0.7566701,0.7058655,0.6617572,0.5987078,0.588296,0.64425427,0.6589744,0.6090389,0.5236584,0.6211751,0.7510096,0.7183617,0.43665344,0.7610719,0.49440968,0.76480806,0.67524743,0.85150254,0.71390074,0.61836565,0.5890036,0.39796472,0.76047254,0.63196063,0.538379,0.62691677,0.508188,0.6403008,0.46385264,0.6141922,0.66212356,0.5664809,0.7135527,0.72093785,0.66509384,0.52760625,0.45591062,0.50614005,0.7086555,0.519366,0.54673475,0.77485883,0.5176332,0.6238338,0.7510096,0.70615053,0.5373698,0.7102744,0.7291266,0.5691935,0.718413,0.4466496,0.6185058,0.5096705,0.59631765,0.4374888,0.7175676,0.5243029,0.7051045,0.5770129,0.6449987,0.6924015,0.5896553,0.54719007,0.77686673,0.49921,0.7595874,0.7352461,0.8047104,0.7424708,0.50188065,0.70692575,0.46667498,0.609748,0.6380783,0.72982895,0.72982895,0.6799784,0.5948587,0.7637747,0.6557162,0.68535024,0.52978015,0.7511412,0.760658,0.6284647,0.7715697,0.7500233,0.5742503,0.55082905,0.7554383,0.5873785,0.5119266,0.60322523
cc,0.33058918,0.47783965,0.4338236,0.30266625,0.41795316,0.1410329,0.34646228,0.27844456,0.5502032,0.58850724,0.3753132,0.41414282,0.43039683,0.5405265,0.5056615,0.56825745,0.39253864,0.40205052,0.57215244,0.3949679,0.56644344,0.503866,0.45419204,0.55210996,0.51444,0.5773604,0.34856707,0.5865695,0.6021046,0.5132146,0.6922046,0.53429747,0.60232896,0.35452604,0.5412005,0.43866277,0.28283155,0.36716628,1.0000004,0.4427331,0.5624702,0.5437703,0.30033684,0.612374,0.43097454,0.39070937,0.49075642,0.28608567,0.5503509,0.44588628,0.42470095,0.36796415,0.39474678,0.6432101,0.5971841,0.41158795,0.35543677,0.65126884,0.35884282,0.6102881,0.39742136,0.49966645,0.5788319,0.3805196,0.43188894,0.473026,0.47762015,0.51312906,0.5290872,0.5045246,0.55192447,0.4305271,0.57487327,0.5232054,0.37703755,0.6582986,0.51897347,0.536863,0.51110476,0.57527775,0.44741523,0.5003891,0.4860837,0.7177148,0.5276658,0.56642187,0.4705543,0.47044,0.44943655,0.5709892,0.4158314,0.51199394,0.5376382,0.43539515,0.5495564,0.32008514,0.5664197,0.6267812,0.3223833,0.2868537,0.6011326,0.4128975,0.24421144,0.53705114,0.4186662,0.5576431,0.51127154,0.27738467,0.5730004,0.5061466,0.4289773,0.52925587,0.4373843,0.4985737,0.5386028,0.557444,0.4577967,0.544227,0.41299397,0.23640037,0.3052245,0.43221942,0.54403734,0.4214675,0.39199466,0.5446141,0.42159805,0.43510747,0.6186124,0.3098165,0.46161956,0.57858664,0.23261084,0.49645233,0.4161219,0.53454673,0.5215097,0.52541214,0.41102123,0.31590283,0.33102646,0.43936485,0.37142578,0.31273243,0.37703755,0.5456608,0.44523427,0.47255084,0.5616113,0.58444583,0.38111654,0.654181,0.35576507,0.551189,0.5575,0.4332041,0.47760546,0.4999017,0.35131228,0.43394423,0.43552136,0.3700484,0.49743307,0.4911886,0.56776613,0.61545646,0.5686719,0.58783996,0.5176925,0.48867267,0.35452604,0.48100847,0.341294,0.6276937,0.42762792,0.44380966,0.47820473,0.39262256,0.45531246,0.20904176,0.38699272,0.5712925,0.47637102,0.60435987,0.46808133,0.32410306,0.5089891,0.30026302,0.533494,0.47812122,0.44607466,0.36875242,0.4042436,0.46516743,0.41595745,0.5700838,0.7198176,0.51044923,0.46146074,0.40353566,0.53205675,0.48344934,0.42219687,0.29107276,0.35452604,0.43979263,0.61886734,0.6062009,0.5238945,0.5169869,0.50277513,0.48793313,0.7064666,0.4842149,0.4212784,0.5226278,0.43911767,0.45513278,0.39742032,0.47402698,0.5947205,0.42555082,0.52877885,0.43504742,0.33292302,0.76872414,0.23821713,0.3122865,0.2521448,0.29419297,0.5498516,0.116515115,0.57409924,0.50775176,0.46255744,0.42779344,0.42779344,0.52391744,0.57636106,0.6594376,0.5558185,0.42260927,0.4499082,0.57830703,0.2231428,0.47622073,0.3022625,0.18084988,0.44595218,0.430995,0.5678188,0.44504517,0.70572984,0.52724266
cd,0.4762378,0.5372055,0.46522117,0.4091117,0.6509142,0.23540844,0.4582032,0.35224634,0.7873932,0.81173205,0.59859633,0.5729368,0.64991677,0.8086846,0.59397423,0.6632403,0.601842,0.57048786,0.6814073,0.41817516,0.56125504,0.6169247,0.5678587,0.5861008,0.5024947,0.7580321,0.5672743,0.5701325,0.51965386,0.6678036,0.59239167,0.64894325,0.5043648,0.5742417,0.7755908,0.5407277,0.6055716,0.55483913,0.4427331,0.9999994,0.5807272,0.5588641,0.39892387,0.6470587,0.66920304,0.60490423,0.4970005,0.430164,0.49569637,0.6645781,0.6791336,0.6970503,0.6775894,0.65048736,0.78040427,0.5729214,0.3149059,0.7149707,0.5524636,0.5881529,0.67955387,0.65985984,0.5118667,0.62555337,0.52766454,0.53422856,0.6774902,0.44700876,0.4886776,0.71391267,0.77755785,0.6508778,0.8290113,0.7322959,0.58010083,0.68274736,0.7041569,0.6962064,0.7775552,0.6677976,0.6538697,0.48140237,0.6561173,0.5260521,0.6802138,0.5104997,0.6315239,0.6172304,0.58579695,0.53234017,0.44456336,0.57162225,0.77106833,0.6504926,0.78965366,0.67589253,0.5655392,0.6946629,0.45033073,0.62073255,0.7867943,0.6193174,0.56900626,0.65281695,0.5886692,0.6621389,0.75078017,0.45159343,0.6205739,0.7046609,0.52052945,0.6042601,0.6972164,0.6263453,0.75262284,0.5586223,0.54822254,0.7538663,0.39147115,0.29706615,0.60730964,0.58459085,0.60787576,0.41778028,0.62901133,0.75373644,0.5122295,0.66149276,0.79607654,0.4940437,0.6007311,0.79856396,0.5373713,0.5271758,0.6418311,0.67048377,0.5082785,0.70326984,0.57690114,0.3562367,0.4857411,0.6372105,0.49626955,0.331322,0.58010083,0.654549,0.8005342,0.49938977,0.49556994,0.5408851,0.588761,0.74019545,0.7448919,0.54281956,0.5310925,0.6453357,0.6346271,0.5393471,0.44418573,0.46448243,0.5989847,0.606058,0.48189616,0.8161507,0.61640286,0.61566675,0.6378226,0.6670621,0.76235116,0.66065776,0.5742417,0.63342667,0.66758376,0.54221916,0.6650094,0.59760916,0.66968644,0.5684881,0.6138791,0.3300851,0.5646478,0.5745335,0.6481982,0.7606741,0.66868174,0.5076529,0.54361916,0.29843625,0.7804033,0.6587827,0.61355627,0.6363443,0.48526812,0.6701075,0.6279732,0.6704779,0.68927366,0.7446512,0.6724297,0.501539,0.6210734,0.6728891,0.66782266,0.5723553,0.5742417,0.61682653,0.7253174,0.7982982,0.5060624,0.83238995,0.622714,0.5743556,0.5615783,0.7354425,0.6311871,0.55771744,0.63996124,0.6569843,0.45442143,0.7272078,0.5435589,0.61144817,0.56963724,0.58036387,0.41746178,0.66935307,0.37564883,0.45104653,0.38981512,0.50383866,0.7320258,0.40916398,0.7141885,0.5618565,0.37528923,0.6836438,0.6836438,0.7478756,0.7275148,0.65449685,0.5124963,0.4926123,0.65324163,0.76693285,0.2866722,0.54167855,0.49573788,0.5275893,0.8139493,0.5235734,0.76482815,0.63728476,0.40096682,0.47220594
cf,0.58781123,0.6112049,0.6056123,0.5738035,0.59643394,0.49847054,0.6730362,0.48431087,0.66829485,0.77672905,0.58821374,0.7411758,0.55814916,0.72540104,0.6176058,0.7084945,0.5180646,0.56927705,0.6529117,0.5656145,0.6205648,0.68275785,0.72502714,0.7272536,0.6559586,0.7825518,0.7305964,0.7306685,0.64697504,0.564741,0.6513933,0.547509,0.7384026,0.6627858,0.6809485,0.59765947,0.5820542,0.6390802,0.5624702,0.5807272,1.0000008,0.6878084,0.58775234,0.6772196,0.5726331,0.7364924,0.7003502,0.6485964,0.6540664,0.6519682,0.61791444,0.5029483,0.509628,0.53185755,0.78461087,0.6976487,0.63301665,0.7490387,0.69628775,0.617777,0.62895286,0.6663104,0.68429,0.5729822,0.62464905,0.60213685,0.6052973,0.7113277,0.70361686,0.65916544,0.6930467,0.60869974,0.7483337,0.7173389,0.57403404,0.6584476,0.75614613,0.740551,0.6584649,0.6873656,0.6981479,0.6894901,0.7460484,0.73931587,0.75138843,0.62573797,0.7590793,0.72552866,0.6524679,0.6566048,0.43055567,0.7358316,0.696665,0.5883137,0.7207937,0.53720653,0.60345876,0.68503475,0.6510895,0.47716886,0.6836535,0.610828,0.68678606,0.7364954,0.61461836,0.7021537,0.7405921,0.64443016,0.6826308,0.6671535,0.6209854,0.7846943,0.6202066,0.642298,0.7737409,0.51793224,0.5891416,0.77706844,0.5620687,0.55617154,0.5114193,0.5606883,0.6177075,0.60318756,0.6203321,0.76580715,0.6654705,0.5730329,0.6291334,0.5868826,0.7873056,0.74615526,0.65226454,0.7123629,0.7177142,0.7283372,0.6189462,0.6553735,0.72154474,0.33081195,0.6864973,0.6470112,0.6112304,0.5833229,0.57403404,0.6886985,0.6407689,0.7033693,0.6629037,0.6713477,0.59588146,0.6320674,0.5586103,0.56590354,0.6799289,0.5869882,0.7135104,0.52023154,0.6278929,0.6211486,0.6126654,0.6683768,0.6923338,0.647251,0.6499775,0.70914614,0.6228628,0.6273456,0.6708907,0.6733752,0.6627858,0.7259593,0.51755995,0.7630076,0.55646056,0.59730214,0.6527947,0.6183462,0.7932443,0.44286078,0.7123234,0.58138293,0.7721007,0.68719804,0.5982703,0.65599656,0.61946344,0.5589656,0.60166824,0.63049424,0.6996814,0.70868766,0.6031662,0.6775872,0.6561513,0.6485463,0.66737264,0.64709556,0.64066315,0.5809023,0.6123398,0.6913905,0.5783578,0.6205227,0.6627858,0.6779897,0.64967203,0.75407916,0.63949853,0.6804402,0.6515208,0.617581,0.64501995,0.66252947,0.59791964,0.62580466,0.6016554,0.59122026,0.59083,0.64329237,0.63201255,0.6705758,0.68950766,0.6200945,0.6486727,0.63569885,0.5884949,0.6472817,0.6259209,0.6119192,0.603453,0.5712539,0.51397353,0.75081265,0.6574884,0.71985227,0.71985227,0.7057769,0.7582733,0.7583798,0.6342423,0.576306,0.5864755,0.76248026,0.54553604,0.5329331,0.6841794,0.6382544,0.6406203,0.6182854,0.79222506,0.5335598,0.56345034,0.60735047
cg,0.7676288,0.56106776,0.59192103,0.6369766,0.41694272,0.5678656,0.6268823,0.45857576,0.6575488,0.72752243,0.62131876,0.7030864,0.39467937,0.66356295,0.6003683,0.70018387,0.5701373,0.5943816,0.61659545,0.7819217,0.5755199,0.70338905,0.7495403,0.7630179,0.8660493,0.74988496,0.7162316,0.75072,0.6195736,0.55812734,0.6252599,0.61632234,0.8335837,0.6748554,0.6718185,0.58267,0.60378593,0.70126915,0.5437703,0.5588641,0.6878084,1.0000002,0.6864095,0.64313626,0.41908002,0.7870437,0.7954573,0.7096877,0.6971819,0.65099037,0.55251384,0.54522526,0.4900215,0.58489037,0.77292764,0.7733778,0.6395561,0.63008225,0.7111084,0.5983473,0.66375744,0.70754075,0.72985923,0.57857835,0.55108523,0.49699765,0.5935739,0.745378,0.7128238,0.67014664,0.6666933,0.43711025,0.71189135,0.72838604,0.7545454,0.7012,0.7525577,0.76701915,0.67483854,0.63602215,0.6728079,0.7502077,0.7402729,0.68390465,0.77195024,0.5998429,0.7050556,0.76239264,0.5891733,0.6117108,0.55328953,0.78336245,0.6572304,0.4180223,0.7148657,0.5234638,0.6159017,0.67208004,0.7359418,0.31749004,0.6240489,0.57222486,0.67225957,0.6799329,0.6751914,0.84325254,0.6704831,0.71931773,0.630019,0.65286636,0.53898245,0.7482401,0.5729697,0.81164366,0.7403699,0.68887556,0.48033974,0.73169684,0.5075655,0.66587245,0.572326,0.650078,0.7115858,0.7231995,0.66404134,0.71266156,0.7275318,0.42302042,0.5746069,0.6556675,0.6894638,0.6837504,0.65474904,0.79230034,0.75305784,0.5620456,0.71903163,0.61342686,0.70043486,0.39786863,0.7394041,0.69834334,0.7788178,0.69027007,0.7545454,0.6318244,0.57764024,0.77246654,0.8690791,0.795359,0.6394979,0.6622534,0.5267508,0.48978162,0.6792841,0.3959588,0.7656907,0.6100841,0.6584604,0.5877158,0.7804676,0.74507326,0.62813157,0.63765466,0.6099363,0.634545,0.644254,0.66944003,0.5896333,0.6245153,0.6748554,0.67104465,0.47900164,0.83043313,0.37499723,0.635736,0.6176326,0.731234,0.70123416,0.5849423,0.6269934,0.5029392,0.75471014,0.607978,0.42997664,0.69261736,0.50869656,0.7793835,0.5650035,0.59071213,0.6713294,0.6568529,0.8085078,0.6822224,0.6705843,0.65660703,0.6187786,0.64695966,0.6822665,0.5966513,0.5934297,0.72808945,0.4035484,0.6182602,0.6748554,0.6875609,0.63705444,0.6996097,0.85296583,0.63944453,0.70410854,0.5868036,0.64785445,0.5657444,0.53666985,0.56932044,0.67950916,0.42498928,0.7995526,0.5110074,0.60888845,0.6687438,0.6071807,0.677327,0.7932833,0.57594013,0.6822705,0.6312706,0.68357193,0.66013706,0.48832345,0.7001708,0.44374657,0.7164765,0.6883739,0.7879966,0.7879966,0.6639974,0.6702098,0.7885071,0.6920014,0.6868375,0.41716814,0.7577933,0.65610886,0.5382198,0.7092036,0.778543,0.626642,0.5544764,0.7508287,0.6076442,0.736725,0.622648
ch,0.6989118,0.64629525,0.59417814,0.7851071,0.44233498,0.8190062,0.7053977,0.67154574,0.46349,0.6060724,0.6050495,0.83748066,0.41168714,0.49987984,0.47223464,0.50915354,0.460749,0.46897018,0.40059114,0.72388643,0.6194437,0.59578943,0.7066475,0.70178705,0.626987,0.62134176,0.7887375,0.6653445,0.69661564,0.5208808,0.40813303,0.40310693,0.8280977,0.75924945,0.45412672,0.69134355,0.62638676,0.74104327,0.30033684,0.39892387,0.58775234,0.6864095,1.0000006,0.67641544,0.42266205,0.69495773,0.6210349,0.8812074,0.7047027,0.59071696,0.5489821,0.44910136,0.3486293,0.33540705,0.6466758,0.6431262,0.62274754,0.51034075,0.8481009,0.43150023,0.73217833,0.5117424,0.7164924,0.32456273,0.69867504,0.5797481,0.6030646,0.8335062,0.67932916,0.5037534,0.5561568,0.44825146,0.5561433,0.5984777,0.6967083,0.5132955,0.59078205,0.61081487,0.48369527,0.5221252,0.59463847,0.7410791,0.60917044,0.56513345,0.6267048,0.68099946,0.6638136,0.71212846,0.6416285,0.6763202,0.42582443,0.69513136,0.5157476,0.44427738,0.5636989,0.4500129,0.66991925,0.6093051,0.9342722,0.38210705,0.44025096,0.7111289,0.64736986,0.75066924,0.72888833,0.6960117,0.581045,0.9114429,0.69015515,0.58639425,0.69051087,0.71219105,0.48461658,0.6785761,0.69343,0.50370663,0.5930999,0.58338624,0.48967266,0.8958573,0.60090464,0.7170466,0.5968703,0.52197,0.65129894,0.6092547,0.66668284,0.4430006,0.29553324,0.75339186,0.7553422,0.46356896,0.6333617,0.7538056,0.711696,0.49237913,0.69245917,0.65089524,0.8453084,0.45776302,0.8893473,0.71185535,0.638005,0.863528,0.6967083,0.58216673,0.44224378,0.8377508,0.68813455,0.7959885,0.7388745,0.44137985,0.40014353,0.50567085,0.60749847,0.42212307,0.7165257,0.60977674,0.7910607,0.5978147,0.6630237,0.6469827,0.53234255,0.5329328,0.5011716,0.6506149,0.46571103,0.5141708,0.47601232,0.7009409,0.75924945,0.6507943,0.35272193,0.7363139,0.4012328,0.6499182,0.63158745,0.84436584,0.76506484,0.63368946,0.58348405,0.4189626,0.72283727,0.49425986,0.45401028,0.6663886,0.5911461,0.71738946,0.29502308,0.67384946,0.6219255,0.54702914,0.69570786,0.6352502,0.5849133,0.44076774,0.3555146,0.40301841,0.63913864,0.6668507,0.45680997,0.7285478,0.430446,0.5855042,0.75924945,0.63815165,0.5150902,0.5550879,0.690452,0.46314284,0.624819,0.4039503,0.53604335,0.48584312,0.60567534,0.50106204,0.65588045,0.4364759,0.6943838,0.4628244,0.60803354,0.6283416,0.6935743,0.4843005,0.8112728,0.39399624,0.92755604,0.74044126,0.8709652,0.78034234,0.37793714,0.73805916,0.28960854,0.5477527,0.71037215,0.70226616,0.70226616,0.58510274,0.57981044,0.7045244,0.5607661,0.69364876,0.4418367,0.621184,0.8867345,0.55953634,0.8108197,0.76337785,0.45705697,0.7079319,0.62508047,0.5395588,0.45428467,0.57086766
ci,0.5696676,0.6746223,0.752825,0.66126037,0.59356856,0.47116482,0.62698233,0.49876642,0.7488325,0.7899617,0.5782158,0.6989691,0.6287041,0.7524847,0.6605731,0.71435344,0.59506917,0.69262123,0.7200476,0.62092066,0.6733578,0.7061735,0.61136264,0.7646017,0.55629146,0.75180686,0.6695648,0.72909623,0.6766932,0.7572869,0.7020869,0.6354723,0.7971499,0.6529732,0.7456295,0.64363736,0.6734434,0.73416865,0.612374,0.6470587,0.6772196,0.64313626,0.67641544,1.0000005,0.6427484,0.70088583,0.51932985,0.6429399,0.678269,0.6723266,0.7179041,0.61556655,0.5749008,0.60769576,0.79526246,0.6567295,0.5412202,0.763217,0.7288158,0.6683904,0.7121526,0.6297865,0.70280236,0.6011327,0.59680235,0.6336499,0.76213527,0.6871412,0.670282,0.6848942,0.7810504,0.61300826,0.7981036,0.74471486,0.74966913,0.7253187,0.7412159,0.76135826,0.6947429,0.67900944,0.6824367,0.72850037,0.7208377,0.78108287,0.7386664,0.6554822,0.6542587,0.73509705,0.6673362,0.88456655,0.5851291,0.65872246,0.7270683,0.627156,0.85126734,0.6234551,0.75224984,0.81560576,0.711959,0.5580352,0.71610695,0.6389911,0.65879256,0.73863274,0.7045533,0.79645205,0.73357964,0.6773226,0.70267916,0.74426407,0.5911763,0.704906,0.6785314,0.7879207,0.7834345,0.6403304,0.637272,0.72972274,0.5253304,0.5759566,0.63469946,0.692604,0.66474915,0.49013975,0.66342425,0.76998556,0.646273,0.61710894,0.69685566,0.6729234,0.68748474,0.7370503,0.6045094,0.7194992,0.7141265,0.6294706,0.6964655,0.7207029,0.69656795,0.49524495,0.69121486,0.73072964,0.53822523,0.6147569,0.74966913,0.63602924,0.58538795,0.7158664,0.658947,0.786885,0.67765635,0.76865655,0.67492306,0.71494174,0.68426555,0.62886184,0.7121836,0.6699152,0.6461507,0.6229136,0.74905145,0.6350138,0.6726849,0.6690089,0.6649734,0.687489,0.8360242,0.8822865,0.6768812,0.6983144,0.6529732,0.74964565,0.5491643,0.73539335,0.6301768,0.747489,0.65323794,0.8581575,0.6951597,0.38569826,0.61422753,0.58130866,0.7426262,0.7457642,0.6380855,0.56998515,0.65657234,0.43251717,0.6492909,0.6767101,0.6024503,0.6306052,0.5965342,0.7443955,0.6824548,0.6674882,0.72485906,0.61480194,0.6893054,0.58457124,0.6727489,0.75775856,0.61430615,0.6159609,0.6529732,0.71318024,0.709186,0.7655777,0.6655436,0.7420043,0.71237445,0.4877324,0.6982677,0.6468037,0.6105466,0.5889219,0.7107723,0.62006384,0.5848409,0.6587799,0.7127364,0.6933923,0.66424096,0.5923517,0.6058411,0.7649642,0.6565225,0.5611623,0.60283566,0.6253132,0.70787126,0.4336119,0.6196364,0.679817,0.621902,0.7189507,0.7189507,0.7674675,0.73090065,0.8425317,0.7348618,0.6586821,0.6272685,0.782202,0.56293863,0.6232103,0.6092978,0.5305783,0.7062886,0.60674936,0.7782324,0.64193237,0.5336015,0.5694812
ck,0.46868956,0.5425437,0.46126017,0.394809,0.85235924,0.27620926,0.4685518,0.48855996,0.7266197,0.7643488,0.56730527,0.58625007,0.92155135,0.764906,0.5906132,0.60356784,0.6110213,0.56919384,0.61611426,0.37484953,0.6112699,0.65683377,0.5766619,0.62153846,0.4462015,0.71228015,0.6353256,0.5418976,0.54322845,0.74303645,0.54018605,0.541223,0.53039765,0.5724667,0.7404039,0.5506032,0.6300929,0.518824,0.43097454,0.66920304,0.5726331,0.41908002,0.42266205,0.6427484,1.0000005,0.5559286,0.43766385,0.44575557,0.5661537,0.647458,0.65157616,0.6061976,0.6172488,0.5755164,0.72325987,0.60898566,0.19257034,0.73429966,0.56250834,0.520228,0.5111503,0.55501753,0.5606471,0.51006514,0.5763524,0.48593226,0.5974319,0.43759555,0.43616655,0.67198974,0.82661325,0.88050926,0.79074097,0.696242,0.54901963,0.58794254,0.6963599,0.6949761,0.7385593,0.68440557,0.6466807,0.5196463,0.6413284,0.4448129,0.67186415,0.53078824,0.6387773,0.65179735,0.63650864,0.54284257,0.40036765,0.52724034,0.73497,0.9206303,0.75803924,0.68089324,0.5380475,0.6138503,0.49032575,0.90055317,0.72921675,0.6282197,0.5335078,0.6647945,0.5271007,0.6088842,0.70364636,0.48846298,0.6597615,0.78141284,0.5833957,0.56737036,0.69326097,0.582116,0.6807448,0.46373296,0.48335338,0.7077014,0.37337646,0.32584396,0.5892213,0.5580101,0.6124072,0.36457646,0.61663675,0.7136485,0.47137448,0.90683067,0.7215028,0.5420435,0.6130865,0.7590388,0.4691935,0.48821494,0.59857696,0.63521206,0.54948485,0.7095299,0.5746966,0.4083748,0.5091885,0.5612134,0.48470217,0.34831247,0.54901963,0.6465822,0.64044315,0.49088353,0.45305604,0.5495777,0.56704247,0.6760734,0.71612966,0.553824,0.5117121,0.90856224,0.6450467,0.4931954,0.5104801,0.3973094,0.55463094,0.4851808,0.42813998,0.5520473,0.57251596,0.6025658,0.60718143,0.6328439,0.7144631,0.6704071,0.5724667,0.63325876,0.6137998,0.49752077,0.9464993,0.5907734,0.71535003,0.5679655,0.612738,0.36194453,0.576132,0.5812501,0.692467,0.66114867,0.9141015,0.5413594,0.50277317,0.27032527,0.70481765,0.68243766,0.6311183,0.6493321,0.45776585,0.6249723,0.6774194,0.5742743,0.6563422,0.64269614,0.5476655,0.5358701,0.6072156,0.6161621,0.9013018,0.63667864,0.5724667,0.67930585,0.67752534,0.8054873,0.4666967,0.7928386,0.58049405,0.51014453,0.48920873,0.6932089,0.62940776,0.54582834,0.60925007,0.88044184,0.4270459,0.8073561,0.5436121,0.6366888,0.5976238,0.47303382,0.41162583,0.62659293,0.42545548,0.5068742,0.4199377,0.44190502,0.8616262,0.2632357,0.54021484,0.44523722,0.39123207,0.5828948,0.5828948,0.74126804,0.6989989,0.6155181,0.51001775,0.5432787,0.9069731,0.7033734,0.32026765,0.49393293,0.4790895,0.36881062,0.7560094,0.5804772,0.7270766,0.57833827,0.3510043,0.46886134
cl,0.7420112,0.65616083,0.65992206,0.59618354,0.56086665,0.59417444,0.60573554,0.55745804,0.6816382,0.76854074,0.6641595,0.73372674,0.51968503,0.7331309,0.63602185,0.7651729,0.62643135,0.65033215,0.6178643,0.75870895,0.5377447,0.83246636,0.67110497,0.73222375,0.7982731,0.7645665,0.8063562,0.7715589,0.60246444,0.6637861,0.58921593,0.63531816,0.7767578,0.6934472,0.7146725,0.6027239,0.6555103,0.72705173,0.39070937,0.60490423,0.7364924,0.7870437,0.69495773,0.70088583,0.5559286,0.999999,0.7441187,0.73659116,0.68277854,0.6941155,0.66240877,0.57709986,0.5425808,0.5939949,0.7886661,0.92620265,0.511047,0.7214027,0.7436102,0.5669985,0.71116763,0.7565465,0.6962272,0.5399617,0.6210743,0.51146615,0.63470197,0.7161099,0.70169884,0.71052045,0.6997654,0.58468765,0.75990385,0.77312475,0.75640726,0.6417167,0.77392036,0.7793587,0.6728364,0.7413498,0.7131182,0.7104842,0.7614017,0.5802145,0.7785225,0.59011126,0.8279925,0.85139555,0.62020904,0.69259745,0.5499232,0.73629355,0.7088615,0.55427366,0.7709541,0.5992131,0.7049929,0.71048164,0.75469023,0.46746272,0.65638673,0.6002577,0.7925514,0.69640875,0.5379205,0.8096317,0.7239942,0.7510411,0.66501737,0.6960566,0.6184618,0.77064264,0.63421595,0.7639507,0.77688366,0.5687362,0.5173202,0.7741882,0.4792616,0.6612926,0.6109405,0.5574656,0.75806624,0.63297045,0.6945309,0.7657409,0.72243774,0.54829186,0.590715,0.665337,0.73340595,0.7343517,0.75984514,0.73288804,0.79056215,0.6084151,0.724702,0.61039513,0.73039556,0.37172258,0.7711249,0.5741593,0.7218556,0.67473507,0.75640726,0.5928326,0.6111733,0.748492,0.7232484,0.75191927,0.66668856,0.61875725,0.60933506,0.659895,0.64214617,0.5553432,0.6953864,0.5992051,0.6848878,0.5137325,0.74827087,0.7214805,0.6080671,0.66372335,0.62334424,0.6219894,0.66736156,0.6837968,0.6441485,0.63888556,0.6934472,0.69997215,0.5235936,0.776912,0.5222794,0.8165293,0.6243725,0.7720447,0.7394305,0.6331349,0.6759539,0.44135228,0.9266012,0.6423593,0.5599568,0.7055258,0.51239294,0.63829374,0.59216106,0.6139581,0.6047911,0.75915396,0.74933237,0.6146367,0.82635623,0.7471274,0.60860896,0.6538784,0.6866021,0.6496367,0.61491233,0.6265586,0.54407865,0.80135024,0.6934472,0.83465683,0.617108,0.7730055,0.74775654,0.6976869,0.7133269,0.46718517,0.61545885,0.6286051,0.5051762,0.6195058,0.7128238,0.55059636,0.73931426,0.5956243,0.6286314,0.71151334,0.62381333,0.60418946,0.7299163,0.56196094,0.7026491,0.66369975,0.6906444,0.70154804,0.5594469,0.71296483,0.441904,0.72525465,0.61577994,0.8039865,0.8039865,0.70299095,0.752575,0.7807591,0.67312837,0.71493655,0.5497489,0.77061975,0.65453666,0.5408963,0.7555428,0.7937926,0.6895528,0.62081915,0.79704726,0.62796885,0.55599004,0.5637598
cm,0.72713447,0.4859458,0.66939175,0.51209766,0.46761298,0.5770996,0.6300146,0.5094711,0.60519874,0.7056009,0.6528542,0.69750226,0.38538992,0.6186999,0.6130382,0.6296513,0.5793928,0.5391216,0.6291428,0.74975514,0.6544231,0.65639836,0.72912216,0.73661035,0.87599057,0.766751,0.7180358,0.73227745,0.6954659,0.47865677,0.63137835,0.61032903,0.7615595,0.63311625,0.6368757,0.64879245,0.509558,0.6425387,0.49075642,0.4970005,0.7003502,0.7954573,0.6210349,0.51932985,0.43766385,0.7441187,1.0000002,0.7103303,0.6885656,0.63025755,0.5159644,0.50731885,0.4493069,0.59381217,0.7735489,0.74906015,0.5900192,0.579302,0.667405,0.62357426,0.59057933,0.7812585,0.7126318,0.5099455,0.59657,0.5006193,0.59165245,0.75532097,0.6516741,0.66406775,0.6561812,0.48694232,0.6785314,0.7354951,0.6642262,0.65889037,0.7523303,0.74505657,0.59751964,0.6878857,0.6677931,0.6935281,0.7483063,0.55616534,0.7672191,0.6733567,0.725989,0.70723444,0.6303685,0.5453009,0.4258023,0.7265129,0.6254843,0.45817587,0.66407335,0.46307838,0.61840284,0.6270939,0.6829373,0.3058664,0.5917753,0.6241379,0.5311705,0.70252216,0.6970189,0.81018114,0.6655978,0.6960838,0.68204224,0.64073324,0.58930355,0.68270385,0.55457157,0.7175158,0.7442183,0.5422812,0.49297404,0.7758209,0.5170613,0.6299901,0.50970846,0.6548618,0.72656083,0.65926313,0.6350128,0.73580885,0.6459177,0.47535715,0.52135265,0.57610464,0.70137954,0.66169655,0.548513,0.7717737,0.73957115,0.573317,0.696793,0.6574776,0.69666237,0.47102717,0.73580545,0.7048508,0.75807667,0.66650796,0.6642262,0.61982006,0.5440484,0.7647726,0.78176314,0.7341535,0.51808256,0.5814856,0.45572308,0.39327034,0.64639527,0.42990345,0.67487293,0.6499823,0.6218159,0.61482185,0.6925753,0.7236174,0.54575133,0.59370404,0.5670933,0.6985726,0.579782,0.5953449,0.56649894,0.65063906,0.63311625,0.62564164,0.4259147,0.8210447,0.38630956,0.59694934,0.7135573,0.5923551,0.7194826,0.6728092,0.53185654,0.42333588,0.7144018,0.5499326,0.481864,0.718497,0.5074904,0.7879767,0.5088492,0.63432044,0.61903423,0.6111457,0.76526076,0.66305894,0.6255557,0.5919338,0.5501246,0.57153916,0.710805,0.63325703,0.5726513,0.7359963,0.44185495,0.56616545,0.63311625,0.64627445,0.6120868,0.7140257,0.7741811,0.59481,0.67161524,0.6049614,0.62087524,0.55011,0.5592523,0.5281521,0.6308942,0.46952778,0.75247926,0.55784047,0.598973,0.647564,0.64454883,0.60334176,0.77441657,0.4692326,0.6251063,0.62524855,0.6757446,0.63226736,0.49785703,0.6661928,0.46346718,0.6332949,0.6114607,0.7578171,0.7578171,0.6375923,0.63979465,0.7384752,0.67494345,0.6520885,0.47377533,0.7611232,0.6318939,0.6162787,0.7181598,0.7289657,0.5690134,0.59223264,0.76353896,0.5963105,0.6494898,0.6186908
cn,0.7249805,0.5538151,0.55247307,0.69517016,0.44705653,0.93021995,0.7269565,0.7203708,0.41808105,0.6191842,0.5271203,0.80146927,0.43397814,0.4983341,0.55066234,0.5649594,0.45968893,0.4884495,0.4514137,0.7289456,0.6533156,0.64113796,0.8269341,0.69170254,0.68530846,0.7170514,0.8668941,0.7314128,0.7074449,0.54378885,0.4140203,0.3988377,0.86749744,0.76862603,0.53917,0.7927139,0.5514708,0.83445364,0.28608567,0.430164,0.6485964,0.7096877,0.8812074,0.6429399,0.44575557,0.73659116,0.7103303,1.0000005,0.75820816,0.65437007,0.55615145,0.41653785,0.34810564,0.3071801,0.7321623,0.68802583,0.71684086,0.52910787,0.84382224,0.47156596,0.6402464,0.55174506,0.76606774,0.42677662,0.6424047,0.49874938,0.7162185,0.8800558,0.6721807,0.587301,0.57524693,0.4608224,0.5616084,0.6900233,0.63711685,0.5444699,0.7465944,0.7432616,0.4888619,0.62519455,0.6992913,0.7674481,0.7798722,0.6107218,0.7718253,0.7146727,0.7591286,0.77043754,0.6649171,0.69986135,0.40262493,0.65591997,0.5297123,0.4610217,0.56103384,0.387743,0.69047046,0.6495707,0.94552726,0.40805337,0.41492724,0.6849053,0.630785,0.7093005,0.785087,0.67200273,0.5961857,0.9689893,0.66851985,0.612174,0.6340323,0.685611,0.4917338,0.6347453,0.7502217,0.5330547,0.53294075,0.73069715,0.55276185,0.9633781,0.61333346,0.7380456,0.61848134,0.5959699,0.74161375,0.6902381,0.58277476,0.46329865,0.2760964,0.6812513,0.7610952,0.5112651,0.6956628,0.83210593,0.75611544,0.46230385,0.7466674,0.6233491,0.7962984,0.5193789,0.9805566,0.7606056,0.68916106,0.9397843,0.63711685,0.66497165,0.4229479,0.9069273,0.7222043,0.7771415,0.74322957,0.3568795,0.34118927,0.5331417,0.58291954,0.42634848,0.7757726,0.6432032,0.78961414,0.6618122,0.64321184,0.70865726,0.61254543,0.5499696,0.53365463,0.6589293,0.44486737,0.44740275,0.43497938,0.649354,0.76862603,0.72077036,0.33075336,0.79282475,0.41861704,0.7390207,0.67167646,0.81218725,0.7815286,0.69718903,0.63595414,0.4503965,0.78530866,0.5339955,0.46640244,0.671338,0.50561196,0.76920706,0.3199825,0.6368257,0.73301494,0.5781466,0.71685356,0.68216616,0.64318854,0.43264255,0.28095913,0.39989477,0.68411106,0.5874089,0.47549507,0.7859448,0.4420438,0.6281327,0.76862603,0.70424914,0.46907634,0.6250868,0.7009702,0.44266853,0.69839686,0.42181057,0.57715976,0.43901852,0.6617036,0.45528686,0.6995655,0.4510614,0.7217263,0.4918263,0.6526574,0.68335843,0.64224756,0.4844148,0.89877605,0.37603638,0.93092275,0.84993416,0.95199347,0.8374126,0.3627613,0.8403829,0.3349774,0.5685496,0.7354423,0.72504836,0.72504836,0.60726833,0.54441977,0.76069546,0.5752201,0.7445384,0.4570498,0.714987,0.9577989,0.6158736,0.90494657,0.8460809,0.4546062,0.63588417,0.71958745,0.5471777,0.472578,0.6656314
co,0.64547867,0.57352966,0.56070757,0.5480719,0.565554,0.6527591,0.6303386,0.6862124,0.518727,0.6595081,0.49423674,0.717612,0.5471419,0.55400777,0.52600324,0.51541847,0.5757078,0.53225964,0.5052865,0.6551595,0.72635204,0.75425833,0.7249493,0.71865064,0.7627837,0.7382552,0.7312762,0.7831071,0.69755113,0.6745398,0.546992,0.44512698,0.83748037,0.684172,0.6083163,0.66664755,0.54860735,0.69391364,0.5503509,0.49569637,0.6540664,0.6971819,0.7047027,0.678269,0.5661537,0.68277854,0.6885656,0.75820816,0.99999964,0.5684641,0.5291012,0.29163396,0.26701203,0.5663246,0.75114155,0.73154217,0.4044382,0.6108892,0.7133079,0.5474286,0.60613686,0.6079129,0.978223,0.3830688,0.64023846,0.44356835,0.6573769,0.753492,0.6486911,0.64741755,0.64405805,0.5637214,0.65030485,0.7025067,0.6070308,0.5907319,0.71995133,0.7228757,0.5664365,0.6983565,0.63195914,0.75730217,0.7182115,0.59981143,0.7302062,0.6694613,0.7630816,0.76201284,0.65726036,0.68906957,0.33255607,0.68632156,0.5923171,0.5669373,0.6408365,0.4541208,0.82029,0.6425358,0.7498246,0.48943448,0.51351064,0.6736151,0.4496719,0.6996524,0.64977473,0.70164055,0.6177035,0.74388915,0.73473054,0.63949114,0.644613,0.68944955,0.5054562,0.6507112,0.7366856,0.56210995,0.45459864,0.7260107,0.38707092,0.70259994,0.42739105,0.6747774,0.719795,0.5765252,0.57062125,0.7327981,0.57268363,0.56086344,0.47964072,0.6806953,0.73871076,0.603638,0.41751376,0.76592594,0.6757435,0.45526826,0.87057644,0.6570738,0.7027613,0.4926305,0.78015953,0.6279695,0.64339226,0.7274627,0.6070308,0.71780676,0.49951392,0.77925795,0.70768595,0.86408687,0.6412713,0.5139614,0.41375834,0.5939575,0.690751,0.5444205,0.70874697,0.42499992,0.73949695,0.44152793,0.6328807,0.59720916,0.5129069,0.54456407,0.43900406,0.6922992,0.5789434,0.56882215,0.48968077,0.6592209,0.684172,0.6840668,0.35818237,0.7181815,0.5529247,0.70189476,0.693482,0.7034308,0.74489975,0.6322024,0.48927164,0.50542057,0.7923171,0.579283,0.5862068,0.6480272,0.45369565,0.61957854,0.43888316,0.67608523,0.66431856,0.5905281,0.65670854,0.6452805,0.7282409,0.35547084,0.53511775,0.49201038,0.6296714,0.6119848,0.51020473,0.68161416,0.56792855,0.67684484,0.684172,0.765862,0.59843343,0.7583014,0.6927286,0.5513692,0.62408644,0.40274534,0.5707137,0.4796539,0.6772295,0.52530414,0.6177755,0.5822609,0.65303355,0.5893345,0.5938589,0.6793028,0.62879413,0.40761632,0.73320204,0.5749949,0.7041578,0.70351446,0.717924,0.67250395,0.53499365,0.5291391,0.5022196,0.36550966,0.6862504,0.658431,0.658431,0.6752395,0.5595322,0.7761053,0.65593356,0.84895676,0.5637833,0.73875666,0.6956134,0.6112252,0.71011084,0.58299434,0.48822075,0.63645774,0.73341584,0.6406881,0.596258,0.6121533
cr,0.6188624,0.5400985,0.5589051,0.60462546,0.6189721,0.4816604,0.4804824,0.50396466,0.74147224,0.794969,0.67197853,0.59994316,0.62254804,0.74326,0.72640324,0.7690241,0.5954472,0.5921863,0.6726506,0.573346,0.62164396,0.6283808,0.70260423,0.70137554,0.6252909,0.7791194,0.68764436,0.6126598,0.61585516,0.6552917,0.6379282,0.64765537,0.69459915,0.6004025,0.7758678,0.6741722,0.57963234,0.6928552,0.44588628,0.6645781,0.6519682,0.65099037,0.59071696,0.6723266,0.647458,0.6941155,0.63025755,0.65437007,0.5684641,0.99999905,0.8269516,0.72197336,0.6745118,0.56772786,0.79675925,0.6516518,0.5424006,0.72828674,0.64388907,0.61059654,0.60641897,0.66010565,0.5771942,0.6737807,0.51039565,0.5329005,0.7305943,0.6857646,0.6095364,0.7338605,0.7580344,0.6565689,0.7827583,0.78694147,0.6459744,0.75899315,0.8100656,0.8097621,0.713156,0.66038835,0.7520694,0.6454917,0.77784616,0.59177464,0.8212092,0.63839346,0.67242134,0.72278297,0.5805068,0.62264615,0.5272016,0.5713489,0.7418779,0.6405941,0.7606958,0.57387745,0.60878974,0.74371123,0.6532442,0.5839908,0.7263722,0.60664886,0.6478842,0.64778244,0.68949264,0.7194297,0.7268629,0.657861,0.6116165,0.71775806,0.5031837,0.63960236,0.69049144,0.6786244,0.76272607,0.543984,0.5324637,0.77431333,0.6551254,0.55480003,0.75512666,0.6744501,0.6673695,0.56935596,0.83108974,0.7352992,0.529041,0.6604786,0.6652749,0.46472746,0.70628476,0.748889,0.63279593,0.62010103,0.7339299,0.65714216,0.5540001,0.6783922,0.62169504,0.33404672,0.69005775,0.7167956,0.6252292,0.54492944,0.6459744,0.6804752,0.67186654,0.65267485,0.63198906,0.6071012,0.6683611,0.65495217,0.6854718,0.6050522,0.51873976,0.621682,0.7318418,0.6341021,0.5606618,0.6631871,0.66699797,0.6849868,0.61121124,0.6632262,0.7437035,0.61133367,0.5993407,0.6354408,0.6970173,0.633571,0.6004025,0.74269354,0.6251212,0.6678171,0.6136551,0.7245316,0.67129105,0.6846052,0.72424424,0.50076663,0.6863887,0.5819736,0.7358389,0.6956384,0.64894813,0.7056646,0.5472117,0.51364446,0.6748273,0.6297104,0.69737035,0.6319606,0.6256546,0.6900109,0.6310744,0.68612,0.6267904,0.6324654,0.7039476,0.4868333,0.6744466,0.7518568,0.6246753,0.5561341,0.6004025,0.6520147,0.664313,0.779153,0.63459307,0.734252,0.90246594,0.66452736,0.70635533,0.66786504,0.68257934,0.5106757,0.7522047,0.63234377,0.6048089,0.7039485,0.75229037,0.8638912,0.6107308,0.62388206,0.59798497,0.6027073,0.59662414,0.5859698,0.6213964,0.6394193,0.6585724,0.56790006,0.5321566,0.6232358,0.69693995,0.7361787,0.7361787,0.7242349,0.69728637,0.73209214,0.5880976,0.5235775,0.6479076,0.75264597,0.54101986,0.56489605,0.6463916,0.6428798,0.75083053,0.5053783,0.7943693,0.6014123,0.5002875,0.7302877
cu,0.52245665,0.60641676,0.57501066,0.63173896,0.63383424,0.39847705,0.51684237,0.4479296,0.7521414,0.7852983,0.69944,0.6381815,0.6216736,0.7664842,0.6323539,0.6818575,0.57181823,0.5659593,0.6474638,0.52337104,0.57195103,0.6237818,0.55338866,0.6880438,0.51291806,0.7294006,0.6367787,0.54890186,0.5877923,0.649217,0.6095703,0.64537233,0.64332867,0.64172655,0.78497124,0.5695006,0.60795337,0.6317903,0.42470095,0.6791336,0.61791444,0.55251384,0.5489821,0.7179041,0.65157616,0.66240877,0.5159644,0.55615145,0.5291012,0.8269516,1.0000011,0.70124227,0.71233153,0.5694799,0.75730634,0.6151031,0.4343137,0.6980796,0.6051571,0.56895036,0.5965478,0.6824489,0.54297787,0.59324044,0.5624269,0.6110435,0.70002854,0.6142507,0.585879,0.70109665,0.7574618,0.6773162,0.7822609,0.7389447,0.6198047,0.67894167,0.749004,0.7552366,0.72717535,0.5947938,0.73573816,0.6027084,0.70756257,0.5699162,0.7251203,0.5874841,0.6392293,0.68299204,0.68529105,0.63759273,0.44546688,0.5738547,0.7333103,0.6415118,0.7591065,0.6197783,0.61093915,0.7376252,0.6102055,0.59603965,0.7316703,0.62799716,0.6557155,0.67991745,0.63925505,0.68028,0.75973934,0.5964123,0.64456743,0.696647,0.57147884,0.6711308,0.6575434,0.6411161,0.711912,0.5246511,0.63554645,0.70327127,0.59466267,0.47135177,0.71967393,0.6187538,0.64071375,0.5025914,0.70955706,0.7044215,0.5868172,0.66217685,0.6861352,0.49018043,0.719693,0.73820037,0.5964115,0.5522454,0.67998314,0.68578166,0.5494079,0.69534945,0.5844397,0.27810514,0.6185989,0.6748914,0.5037918,0.4724543,0.6198047,0.57540625,0.66870403,0.5852292,0.516207,0.59762764,0.6613986,0.6792706,0.71838266,0.655176,0.52155906,0.64579505,0.6194664,0.59123933,0.5403866,0.5596983,0.6160673,0.6397005,0.6208245,0.63462675,0.64936423,0.6212692,0.6112623,0.6550746,0.71725965,0.67120886,0.64172655,0.6923881,0.5822188,0.5883153,0.6214447,0.66235834,0.6256806,0.67624736,0.72142446,0.42700735,0.57509124,0.5255762,0.6921833,0.6968061,0.6466485,0.6813168,0.61525375,0.3804526,0.67861617,0.6648733,0.5630408,0.6078691,0.5195623,0.65911126,0.63015556,0.6779001,0.66845536,0.58334,0.66991585,0.52300054,0.58498,0.7001035,0.6382771,0.58279675,0.64172655,0.6511818,0.68739605,0.7510426,0.55151784,0.74773914,0.7788942,0.53424037,0.6659501,0.6994676,0.55798763,0.5755251,0.70239925,0.6248857,0.5017505,0.69773746,0.7762151,0.76362973,0.6521069,0.56691825,0.5052785,0.6230704,0.5567644,0.47071138,0.5307132,0.57741964,0.70175827,0.43956932,0.5613965,0.59710574,0.5951635,0.7010858,0.7010858,0.72936654,0.7116843,0.7159294,0.56045765,0.5287491,0.65221465,0.70837826,0.45209157,0.5442392,0.55950034,0.5362923,0.74258924,0.56264824,0.7517932,0.6789757,0.41914532,0.5603665
cv,0.5013186,0.5933083,0.50469667,0.52779067,0.5955435,0.25037536,0.41861284,0.19507393,0.8090083,0.82385534,0.70208275,0.61235327,0.5852047,0.80761564,0.6493849,0.70881456,0.5802101,0.5786144,0.6730828,0.427261,0.43100217,0.51374257,0.5689948,0.616583,0.46989956,0.72715735,0.53231925,0.47041157,0.5199261,0.62425303,0.62280446,0.6573928,0.52319485,0.53291595,0.7018676,0.492882,0.6548309,0.49910095,0.36796415,0.6970503,0.5029483,0.54522526,0.44910136,0.61556655,0.6061976,0.57709986,0.50731885,0.41653785,0.29163396,0.72197336,0.70124227,1.0000005,0.82482207,0.6036186,0.7400193,0.53841937,0.41759667,0.70685697,0.60203916,0.60023725,0.6577346,0.6402855,0.3467107,0.6271207,0.5394976,0.6200802,0.603969,0.49656895,0.56457365,0.6387666,0.77028614,0.62802064,0.8181283,0.6767298,0.5870924,0.7357453,0.6565829,0.65584564,0.73447084,0.5441675,0.62676495,0.4664538,0.611035,0.5179671,0.6586621,0.5129578,0.58633983,0.61438024,0.5074105,0.5149205,0.484304,0.6175662,0.72978336,0.6031865,0.7772171,0.7088765,0.3981399,0.6541501,0.47560674,0.5642257,0.8301441,0.61709505,0.67674536,0.6763121,0.62711626,0.65758514,0.8067079,0.4731747,0.6019422,0.72286457,0.5233291,0.66794556,0.732059,0.6235247,0.71058434,0.42278272,0.60783285,0.70155984,0.52152014,0.3064814,0.71350366,0.64730144,0.58682215,0.48555323,0.63796645,0.69984025,0.5989351,0.62949467,0.7660025,0.4543277,0.6639765,0.7890501,0.6591317,0.5045445,0.6977595,0.7603369,0.3851026,0.71232164,0.6552094,0.21742094,0.48711544,0.6939881,0.52065146,0.32722032,0.5870924,0.5460614,0.6980406,0.49789244,0.4945371,0.48295537,0.570235,0.77763313,0.7706175,0.5246658,0.5250072,0.6179619,0.6318019,0.6966409,0.4423491,0.5635156,0.58618355,0.62806183,0.49655432,0.61479044,0.6869493,0.5872988,0.59740883,0.6564342,0.8238652,0.6941627,0.53291595,0.63719124,0.75140554,0.52819186,0.58427995,0.5118802,0.5894535,0.55881816,0.6704438,0.29460543,0.6879646,0.5853798,0.5806054,0.68797517,0.60484815,0.5728147,0.6378487,0.33627576,0.7618401,0.66812444,0.60447276,0.6623796,0.5045458,0.63872266,0.52141607,0.8172711,0.6623484,0.66976905,0.6436147,0.5139395,0.6857399,0.7040181,0.59653044,0.48591977,0.53291595,0.5284537,0.7676128,0.7078118,0.5103713,0.8252221,0.6585656,0.66707695,0.60182387,0.8025384,0.570427,0.6114509,0.5899747,0.58628124,0.4728276,0.71209913,0.5762397,0.61858916,0.6395507,0.62354136,0.41461006,0.61510116,0.41204384,0.37366706,0.41387725,0.4803069,0.72233003,0.39961785,0.5668827,0.7046765,0.33403492,0.7334853,0.7334853,0.7504879,0.7733978,0.61907053,0.51172817,0.36976254,0.6127337,0.7154076,0.29681578,0.40130752,0.48427278,0.53423685,0.82759315,0.5469556,0.734169,0.5280956,0.41199788,0.46310246
cw,0.44119585,0.483274,0.43165132,0.47493106,0.5841726,0.1988804,0.47456425,0.2150828,0.7639326,0.7496245,0.58874786,0.5231992,0.6066829,0.8370547,0.55199605,0.64729613,0.535701,0.5482303,0.6157234,0.35579568,0.41976362,0.5701923,0.5264858,0.5917345,0.4163624,0.6928531,0.48943177,0.46228236,0.41640896,0.59859973,0.56441915,0.5541727,0.46210378,0.5265813,0.74755317,0.40453964,0.58066314,0.44938996,0.39474678,0.6775894,0.509628,0.4900215,0.3486293,0.5749008,0.6172488,0.5425808,0.4493069,0.34810564,0.26701203,0.6745118,0.71233153,0.82482207,1.0000011,0.5474695,0.70093745,0.5214711,0.36081406,0.7007663,0.47003534,0.5183107,0.512219,0.5972073,0.31069344,0.6551405,0.43273073,0.5013032,0.5312743,0.43995768,0.47755402,0.692299,0.73357123,0.6287557,0.7813148,0.6875619,0.52814996,0.60086894,0.6663722,0.6636212,0.7258646,0.55152667,0.6162762,0.45507568,0.60582453,0.5061525,0.63605416,0.40425268,0.5622172,0.57384527,0.58825517,0.46478504,0.47138104,0.5461935,0.70326555,0.6194982,0.740575,0.66704744,0.37442896,0.58384097,0.40269008,0.5760674,0.7431105,0.49944,0.6173387,0.5791291,0.53161776,0.60524607,0.7562613,0.39335075,0.5183371,0.6809411,0.43901747,0.58858275,0.6269226,0.571702,0.65559363,0.42626694,0.49647865,0.6724514,0.4511332,0.23389891,0.64989,0.50175345,0.55006677,0.44915852,0.5861743,0.65862507,0.50601393,0.63863903,0.7447648,0.39365727,0.59651214,0.7708847,0.5998514,0.43535647,0.61454374,0.68104184,0.4174972,0.6033394,0.4923645,0.22045994,0.4241347,0.5989189,0.47559133,0.2580964,0.52814996,0.5412972,0.66958517,0.39815283,0.44221425,0.45444128,0.5299956,0.7124858,0.7355361,0.48607895,0.49710488,0.63332725,0.5879725,0.6447481,0.40923935,0.4351027,0.5397818,0.57846767,0.5203528,0.5932632,0.6065896,0.50492394,0.57165825,0.6208254,0.7172601,0.57208824,0.5265813,0.6170935,0.6289203,0.4869031,0.6070433,0.4600625,0.5608887,0.49574316,0.5888719,0.22449124,0.6491562,0.58258855,0.5675729,0.68027955,0.6182916,0.53293806,0.5214084,0.26251236,0.731556,0.54782146,0.57767785,0.62037593,0.44187394,0.62424284,0.58496505,0.79349077,0.66100425,0.6673339,0.5627718,0.4245011,0.5271234,0.6240485,0.60462284,0.5519725,0.5265813,0.557347,0.6451309,0.6977834,0.46578646,0.78795016,0.58746445,0.5923457,0.5489365,0.6921446,0.5268707,0.5084076,0.56867033,0.5855242,0.40828612,0.70851946,0.64509964,0.62436235,0.54835415,0.59707636,0.3453415,0.6162394,0.33226657,0.3420189,0.3444608,0.43470204,0.7124672,0.34805164,0.53901696,0.66811806,0.37467754,0.64172155,0.64172155,0.70220584,0.70215106,0.5737649,0.47784758,0.4000003,0.63081926,0.68495584,0.22257999,0.38363647,0.432838,0.46066457,0.78096247,0.4378459,0.70573676,0.5361449,0.3845907,0.45103112
cx,0.4870579,0.6118686,0.54730177,0.3684341,0.5771949,0.115876354,0.30574065,0.2810949,0.75055784,0.75507563,0.618995,0.51560205,0.53705215,0.70968646,0.612555,0.6391776,0.6466665,0.54180145,0.6793128,0.4639538,0.521163,0.5994172,0.47229826,0.60910434,0.62433565,0.68450713,0.46328068,0.57625675,0.52992725,0.6064577,0.6664026,0.7357151,0.5397977,0.4655732,0.70336163,0.41759908,0.5287214,0.42777154,0.6432101,0.65048736,0.53185755,0.58489037,0.33540705,0.60769576,0.5755164,0.5939949,0.59381217,0.3071801,0.5663246,0.56772786,0.5694799,0.6036186,0.5474695,0.99999946,0.7060668,0.6224675,0.21856731,0.6852543,0.45294216,0.6377667,0.5592256,0.6593001,0.5812116,0.48813468,0.51130736,0.5320542,0.57350314,0.4712063,0.55423224,0.6274151,0.71576893,0.58948237,0.7607851,0.64685845,0.5469433,0.750252,0.62465924,0.6389673,0.69855267,0.61317044,0.5645319,0.49115857,0.57606894,0.48661053,0.6248371,0.49445587,0.5767992,0.59137446,0.47960007,0.57165897,0.43082914,0.64938444,0.71475387,0.56945616,0.73301136,0.6179119,0.6314784,0.6990169,0.36777014,0.4543674,0.7793223,0.552033,0.4434963,0.6143733,0.46870816,0.66947085,0.6761642,0.34568712,0.6160397,0.6461191,0.50927985,0.6309453,0.63858193,0.5945281,0.6460227,0.5313961,0.5252703,0.6578381,0.3692796,0.21880141,0.49541584,0.5217533,0.68778133,0.42888653,0.4966071,0.6688603,0.600749,0.57168734,0.7936842,0.45695606,0.5388325,0.7401091,0.3779634,0.5071506,0.56951684,0.60497475,0.5441333,0.65084,0.5154797,0.26367244,0.3716156,0.5140614,0.49269623,0.27439454,0.5469433,0.5585114,0.6739978,0.46452603,0.5117332,0.6125936,0.4337103,0.7916549,0.6481269,0.5985888,0.5842401,0.57991886,0.5231549,0.48279104,0.41796708,0.3838451,0.53778845,0.50841737,0.4027491,0.61061376,0.55275023,0.59951055,0.63962305,0.689914,0.72741896,0.62636286,0.4655732,0.57536644,0.5806789,0.5730226,0.5531055,0.5382704,0.5770595,0.47959194,0.54799575,0.31494564,0.42487532,0.54308826,0.6089559,0.678068,0.6033898,0.52670777,0.54330665,0.28213924,0.7326558,0.62541884,0.47311056,0.5675905,0.5209592,0.5358341,0.5610447,0.6770795,0.77490854,0.6814768,0.5705575,0.508696,0.6414225,0.5539386,0.57179034,0.47549257,0.4655732,0.55521506,0.7809912,0.75003797,0.52431387,0.76689863,0.5773923,0.5486754,0.657375,0.6914525,0.46653858,0.63023597,0.53950584,0.5904664,0.49014002,0.6509536,0.5665241,0.525879,0.55599463,0.5225391,0.347827,0.72634614,0.28782758,0.3100063,0.27841985,0.36392206,0.70350313,0.23657107,0.6040246,0.49818155,0.3832902,0.61602324,0.61602324,0.6477416,0.69126034,0.6177492,0.6036054,0.5014034,0.5837477,0.68094265,0.21395376,0.41846615,0.3854039,0.35874262,0.7222904,0.5153134,0.6829834,0.5892629,0.5490209,0.44967037
cy,0.71769905,0.6513528,0.6246097,0.6317993,0.7159086,0.57076555,0.7011264,0.5376774,0.8180769,0.940191,0.6767064,0.7809828,0.70407754,0.8844473,0.7707548,0.81286556,0.7067354,0.7126901,0.75300467,0.66675127,0.7563347,0.8123696,0.83668625,0.8118118,0.7524594,0.96800447,0.7888825,0.8076297,0.75356144,0.7825688,0.7419864,0.7099001,0.82612646,0.76376593,0.8981732,0.75825655,0.70698416,0.7654908,0.5971841,0.78040427,0.78461087,0.77292764,0.6466758,0.79526246,0.72325987,0.7886661,0.7735489,0.7321623,0.75114155,0.79675925,0.75730634,0.7400193,0.70093745,0.7060668,1.0000024,0.7910319,0.59059775,0.8448082,0.76579595,0.73833925,0.7406639,0.81443155,0.77594054,0.7404555,0.6750479,0.6316371,0.8034018,0.7516684,0.7300931,0.868215,0.90533715,0.73422325,0.93784523,0.9212897,0.7149879,0.8290917,0.9292412,0.9224092,0.81942505,0.83650607,0.8292157,0.76474273,0.89726293,0.7512431,0.9235838,0.74578106,0.8544182,0.85716593,0.76319945,0.75906247,0.52604306,0.76169914,0.8624803,0.72903615,0.8985932,0.7073199,0.7525773,0.8389914,0.72831,0.63890547,0.84272516,0.75256735,0.6919022,0.8280577,0.82524073,0.84202766,0.888153,0.73676395,0.80153954,0.8516006,0.67241496,0.78997374,0.78683054,0.77694225,0.9367247,0.6432735,0.64743334,0.963664,0.57450396,0.6127569,0.7073206,0.7892185,0.7791457,0.6630439,0.7723746,0.949492,0.665434,0.7316382,0.8079368,0.65760833,0.8270549,0.9129453,0.6963853,0.82093966,0.8401123,0.75667864,0.77217025,0.8309293,0.7783962,0.54305524,0.79629195,0.85901755,0.7445976,0.6581062,0.7149879,0.82937026,0.7594429,0.7962611,0.75961727,0.7881333,0.75293326,0.79156965,0.7233497,0.68187016,0.74843997,0.71639824,0.8466724,0.7543942,0.7267441,0.67633605,0.75438726,0.7936792,0.71396977,0.7624114,0.7492734,0.80238616,0.73463583,0.7512654,0.80650216,0.79422367,0.76376593,0.82437474,0.68031734,0.824101,0.7053052,0.78171635,0.8175315,0.75751805,0.83313054,0.5517634,0.74848616,0.70641136,0.8498173,0.82789963,0.7394264,0.7329903,0.65042424,0.5717766,0.78852046,0.78653026,0.8263501,0.77533954,0.725879,0.8456027,0.8016874,0.7620312,0.73140514,0.75332934,0.8045342,0.6337168,0.75639236,0.89795077,0.71991616,0.72911716,0.76376593,0.8194936,0.8072577,0.9471935,0.7559415,0.8706769,0.812689,0.6721597,0.7464548,0.77897865,0.7655062,0.6481095,0.7934891,0.72265893,0.7044854,0.8201121,0.75381386,0.80928147,0.73507494,0.6788228,0.71000004,0.77570915,0.65085757,0.67470825,0.6909541,0.7245163,0.80154127,0.5999982,0.7051667,0.7594369,0.61262596,0.8623554,0.8623554,0.8857067,0.83677846,0.8977723,0.7430426,0.7296636,0.7297451,0.9638461,0.60228276,0.69256204,0.75169015,0.7124527,0.83779824,0.6681236,0.9684589,0.73117554,0.6507601,0.70036834
cz,0.73417604,0.6005103,0.6160523,0.52169687,0.6113675,0.5494917,0.59821284,0.5914174,0.6832939,0.7586399,0.6282923,0.69679785,0.5711118,0.7346901,0.61910003,0.72564954,0.663701,0.6466936,0.60619634,0.72088337,0.57507825,0.87308383,0.6830851,0.73111284,0.8174889,0.769621,0.76827425,0.7568877,0.58512944,0.67633134,0.58324534,0.6308176,0.7522565,0.6961905,0.7324046,0.573925,0.66112936,0.6993384,0.41158795,0.5729214,0.6976487,0.7733778,0.6431262,0.6567295,0.60898566,0.92620265,0.74906015,0.68802583,0.73154217,0.6516518,0.6151031,0.53841937,0.5214711,0.6224675,0.7910319,1.0000012,0.40234134,0.69735515,0.7025431,0.55675006,0.6438178,0.75053394,0.7410531,0.52640957,0.60882694,0.41951033,0.576204,0.6674137,0.64321774,0.72546566,0.71473867,0.634456,0.7698966,0.7687034,0.73855007,0.6052417,0.77728605,0.7796308,0.6828719,0.7766271,0.7039327,0.7214938,0.75589913,0.49714684,0.7761963,0.5695641,0.8353065,0.85600233,0.63537127,0.63314056,0.5452583,0.72099715,0.7070296,0.61060274,0.77329636,0.6214025,0.66155404,0.685635,0.7027488,0.5233782,0.64807403,0.59662896,0.70929044,0.67693913,0.5150833,0.8036591,0.72087175,0.70629984,0.67075825,0.6986799,0.6097492,0.7263591,0.6374343,0.7589873,0.76867837,0.55682087,0.41847342,0.78204507,0.40635112,0.60360205,0.555488,0.545821,0.81080174,0.63361263,0.64153594,0.7686724,0.6936033,0.6007143,0.61154246,0.67222154,0.7063378,0.75276995,0.67833817,0.73995125,0.7512069,0.56447315,0.76478964,0.609707,0.6914066,0.4167253,0.7328555,0.54736173,0.7315059,0.6268206,0.73855007,0.61182564,0.61265486,0.7202637,0.72414327,0.7557462,0.6314147,0.6265493,0.619042,0.5722378,0.66466296,0.61066395,0.7032571,0.56458515,0.6748213,0.42923662,0.74052215,0.6860781,0.545232,0.6092964,0.5815426,0.6149513,0.66661316,0.6755222,0.625378,0.6229781,0.6961905,0.66075605,0.50674045,0.7223446,0.58214945,0.77772176,0.656546,0.7238357,0.70931256,0.68665445,0.62337816,0.4414183,0.9205539,0.61941373,0.61454135,0.744172,0.41688743,0.6240014,0.6006311,0.61299706,0.6285188,0.7886615,0.7397016,0.5984718,0.8712456,0.69698864,0.61935633,0.6699947,0.6487178,0.6578338,0.59400046,0.60655093,0.6000248,0.8351116,0.6961905,0.85806453,0.6056899,0.81155556,0.7454933,0.7129221,0.67525685,0.4586987,0.5473844,0.60573125,0.4720876,0.5867703,0.6898522,0.60574466,0.7249303,0.6606238,0.583803,0.7106757,0.5977342,0.6059814,0.72363484,0.5715833,0.64862674,0.6550413,0.6509964,0.6298004,0.6053845,0.6420746,0.43957525,0.64515597,0.56484157,0.7697991,0.7697991,0.7311138,0.7295852,0.7538016,0.68354964,0.75392896,0.6034899,0.7785695,0.59625137,0.52543163,0.72380793,0.72228897,0.70102096,0.60731864,0.80011624,0.6477733,0.56526583,0.5355651
de,0.55896306,0.3992686,0.4601189,0.6572034,0.19540107,0.66484165,0.623495,0.2785834,0.35882574,0.506153,0.40262163,0.5460498,0.1911395,0.43558186,0.50883806,0.62152416,0.24700192,0.38708127,0.43889907,0.58996946,0.4183837,0.31748414,0.63099176,0.52121687,0.49248284,0.59002286,0.59024346,0.5591738,0.47357154,0.26212946,0.4575593,0.4148562,0.6811733,0.5162414,0.44801325,0.57384485,0.3515587,0.6515074,0.35543677,0.3149059,0.63301665,0.6395561,0.62274754,0.5412202,0.19257034,0.511047,0.5900192,0.71684086,0.4044382,0.5424006,0.4343137,0.41759667,0.36081406,0.21856731,0.59059775,0.40234134,1.0000007,0.4181684,0.5986052,0.47963464,0.47303602,0.46870956,0.4517402,0.5985938,0.31320953,0.5116722,0.6032926,0.6800267,0.63386726,0.46038046,0.4572702,0.21436733,0.44838342,0.5530811,0.4881181,0.54358256,0.60801536,0.6090839,0.3820583,0.3856289,0.55774456,0.57812047,0.63423264,0.72645795,0.6347649,0.48399374,0.45792466,0.48858115,0.42900598,0.58996284,0.3505812,0.5522535,0.41189378,0.20873035,0.44864494,0.24764076,0.43749696,0.59510136,0.6843729,0.12575926,0.39389807,0.3556001,0.57941663,0.4912277,0.7140826,0.5552952,0.47120774,0.69381016,0.38170803,0.4655221,0.3001446,0.5664828,0.4121499,0.51369876,0.5946562,0.50082576,0.5316835,0.5888432,0.63177824,0.69687647,0.5000166,0.58771354,0.33202145,0.5468668,0.6001318,0.55045074,0.5282518,0.22907156,0.2708549,0.4186691,0.5369674,0.43351394,0.65680844,0.6717326,0.60837734,0.46730047,0.38930517,0.40480992,0.5676802,0.3312286,0.7159595,0.72084427,0.5403381,0.7143556,0.4881181,0.45279655,0.30831018,0.704399,0.61287326,0.48818383,0.55660325,0.35284203,0.24140769,0.4227181,0.42049825,0.17211467,0.59481126,0.5361681,0.52060264,0.8193841,0.5094719,0.6493012,0.77168405,0.46400365,0.5830763,0.48278478,0.3847726,0.3980989,0.36605057,0.41081384,0.5162414,0.60275584,0.2737483,0.73972034,0.15409215,0.46893024,0.4617134,0.61280346,0.5559684,0.3349378,0.5690645,0.40131336,0.4738251,0.4679953,0.21736783,0.4760203,0.5341856,0.59680295,0.28406113,0.3403171,0.5495607,0.41194594,0.5682123,0.62991273,0.32060212,0.43167916,0.30392492,0.34696928,0.55830395,0.26923162,0.42862827,0.7028028,0.18176682,0.31213766,0.5162414,0.38602048,0.38527408,0.3957149,0.5847414,0.34556672,0.627025,0.48783723,0.6016388,0.35314032,0.4047659,0.3338703,0.5631815,0.20243958,0.57454085,0.2995703,0.5601173,0.49960685,0.4395338,0.5501978,0.66322714,0.38250428,0.65765023,0.5593127,0.68390155,0.6112742,0.2549254,0.66163945,0.30239624,0.73224694,0.6861832,0.6085048,0.6085048,0.454522,0.46137702,0.645231,0.49817047,0.3789087,0.22228502,0.5842681,0.68889534,0.41867954,0.64455515,0.68263966,0.33859894,0.31048575,0.57145315,0.26593634,0.5224494,0.5992459
dj,0.54428464,0.6995118,0.5264623,0.47807783,0.71434206,0.34875816,0.55798763,0.4828517,0.8097066,0.884411,0.60760283,0.6945296,0.7380191,0.8619362,0.7003946,0.81787187,0.60772437,0.6154146,0.7305446,0.4511667,0.695843,0.7635364,0.7363074,0.74125147,0.5731708,0.842165,0.6537409,0.71427596,0.70088744,0.849353,0.741024,0.6135813,0.70514286,0.6260493,0.8178714,0.68617964,0.6435275,0.58922106,0.65126884,0.7149707,0.7490387,0.63008225,0.51034075,0.763217,0.73429966,0.7214027,0.579302,0.52910787,0.6108892,0.72828674,0.6980796,0.70685697,0.7007663,0.6852543,0.8448082,0.69735515,0.4181684,1.0000013,0.64377135,0.69100595,0.6662517,0.63563114,0.63548887,0.5850435,0.67749065,0.6316612,0.6451874,0.6070965,0.6429434,0.7560296,0.8300257,0.73316425,0.8861417,0.80257523,0.58770525,0.7550033,0.7969091,0.8006329,0.80879873,0.8042671,0.7330824,0.6193587,0.75077903,0.7292459,0.7868473,0.67304283,0.7744908,0.7786793,0.69779867,0.6793916,0.51967543,0.6663926,0.8168048,0.7431704,0.83113635,0.6949219,0.6778384,0.7422296,0.57136464,0.6543913,0.85889286,0.66839874,0.6511038,0.78728056,0.59703004,0.7163102,0.8277452,0.55889463,0.77572584,0.7728317,0.67577225,0.7431709,0.7539474,0.66309917,0.79138434,0.5960241,0.6182798,0.8205184,0.53911996,0.41348657,0.63715833,0.6135238,0.68070847,0.49136743,0.6788747,0.82666487,0.5696769,0.7256534,0.8293523,0.56299,0.73938644,0.86530304,0.5880408,0.64699364,0.7048612,0.79644877,0.62200034,0.7715243,0.6887756,0.4153908,0.5998069,0.64474505,0.57721543,0.4651042,0.58770525,0.82795125,0.7033351,0.628917,0.6082559,0.6621893,0.6646526,0.81400806,0.71895224,0.76154137,0.66061896,0.74577945,0.7835361,0.68248266,0.5811528,0.5638515,0.6123855,0.59432274,0.62519044,0.73055935,0.7491159,0.7568103,0.7063141,0.72135675,0.8207859,0.7491552,0.6260493,0.75909996,0.6999456,0.704093,0.7412186,0.721427,0.66207486,0.6346468,0.7379387,0.37637576,0.7750144,0.7672093,0.8018745,0.7857733,0.74602467,0.58409333,0.67586005,0.38170493,0.77481335,0.729665,0.7774327,0.7366585,0.5523977,0.68245405,0.74451095,0.8140707,0.80910075,0.82625127,0.643331,0.6169118,0.7271521,0.70228106,0.7321162,0.67380303,0.6260493,0.75753987,0.7949751,0.8832,0.5901273,0.8553091,0.7233772,0.65114444,0.7305944,0.79415053,0.7411176,0.7139978,0.66682833,0.735927,0.519907,0.7780148,0.7073989,0.6964707,0.73669106,0.5856988,0.49669853,0.8092445,0.4874908,0.5671863,0.49870104,0.5759449,0.80190563,0.41226578,0.584735,0.7211225,0.51051974,0.71767867,0.71767867,0.81492656,0.8803191,0.76362693,0.6460222,0.57838845,0.73530966,0.82921433,0.4048869,0.5928824,0.5689411,0.5198791,0.80143005,0.68055654,0.8557755,0.6162404,0.5690601,0.6506705
dk,0.727583,0.691946,0.6186813,0.7079554,0.57398766,0.7370793,0.7061237,0.62611806,0.59635186,0.7483959,0.6503382,0.88046396,0.5488778,0.6491446,0.5331182,0.6078812,0.55315006,0.5840758,0.5442525,0.7141912,0.66443825,0.6598072,0.7688328,0.71500915,0.67294455,0.74744856,0.8211981,0.7172165,0.7423207,0.6245871,0.52792174,0.5104035,0.8240067,0.76622546,0.5473507,0.7226118,0.67807466,0.7918777,0.35884282,0.5524636,0.69628775,0.7111084,0.8481009,0.7288158,0.56250834,0.7436102,0.667405,0.84382224,0.7133079,0.64388907,0.6051571,0.60203916,0.47003534,0.45294216,0.76579595,0.7025431,0.5986052,0.64377135,1.0000008,0.5242944,0.7667997,0.5743884,0.7332271,0.42576236,0.7625105,0.6391257,0.67767453,0.8072054,0.70061034,0.5309627,0.6830075,0.5856616,0.7001332,0.6231985,0.7345082,0.62806344,0.7020566,0.6964816,0.6028021,0.6284368,0.66110545,0.73604214,0.71272755,0.6116525,0.7247575,0.72280926,0.7709693,0.7716388,0.66383284,0.7082001,0.44528127,0.75544226,0.6306583,0.57992923,0.7034234,0.55446583,0.6854652,0.68330604,0.8581971,0.51576245,0.6073909,0.78797495,0.7042988,0.8297184,0.7663882,0.76006114,0.71682614,0.86205864,0.7739762,0.6965312,0.7507089,0.7819358,0.589542,0.73448193,0.8001929,0.5177323,0.63841623,0.73628634,0.5051742,0.79634255,0.6596233,0.74923,0.66650873,0.58662105,0.73593557,0.7523255,0.70533746,0.58027774,0.47997645,0.72208935,0.81652284,0.64337087,0.67706203,0.7791058,0.80240774,0.64359725,0.70065165,0.7555281,0.92023414,0.46384257,0.86684257,0.76839864,0.69881344,0.7872827,0.7345082,0.66660994,0.5677575,0.8467257,0.71558213,0.77896416,0.75334346,0.5591585,0.53259397,0.5623189,0.6499098,0.5671512,0.8251105,0.65773714,0.7579073,0.63144726,0.72852355,0.68694246,0.56586075,0.60725653,0.590969,0.74284106,0.6090171,0.6158145,0.6394764,0.7943685,0.76622546,0.7255403,0.53067154,0.7539922,0.5495004,0.6884598,0.7084744,0.84063536,0.8301044,0.60888314,0.6646751,0.47943595,0.78267187,0.645244,0.589128,0.6671626,0.65134484,0.6916702,0.48469132,0.770289,0.7078434,0.6580672,0.7233027,0.7039052,0.65160406,0.5611941,0.47916067,0.54043853,0.725162,0.704582,0.59805787,0.7919401,0.56990415,0.6418274,0.76622546,0.69462246,0.6559704,0.7076645,0.71856785,0.6230708,0.6606153,0.5042889,0.59655714,0.6470836,0.684967,0.61508095,0.68593025,0.5734855,0.7132198,0.59391993,0.6237411,0.6531685,0.7537925,0.55499274,0.80593586,0.502167,0.828758,0.7883917,0.83525765,0.755551,0.5308175,0.7110351,0.43896532,0.61984223,0.6338719,0.75511515,0.75511515,0.72605103,0.7146148,0.73891556,0.62630665,0.6944182,0.57609683,0.7555016,0.79243195,0.5958662,0.797317,0.7715335,0.6129204,0.76619136,0.7577064,0.5781096,0.49153948,0.5911335
dm,0.5319883,0.62175554,0.59901786,0.45515832,0.55373037,0.277868,0.38738394,0.34121525,0.72589254,0.7821814,0.5630803,0.6176838,0.50150305,0.6772808,0.76184154,0.73172575,0.56019574,0.5976403,0.7388589,0.5223541,0.59097576,0.5149096,0.58514345,0.6097476,0.62422925,0.7153296,0.5371361,0.63039863,0.67847157,0.60597867,0.74158466,0.6749636,0.63414645,0.5999321,0.7069534,0.590791,0.508665,0.5552683,0.6102881,0.5881529,0.617777,0.5983473,0.43150023,0.6683904,0.520228,0.5669985,0.62357426,0.47156596,0.5474286,0.61059654,0.56895036,0.60023725,0.5183107,0.6377667,0.73833925,0.55675006,0.47963464,0.69100595,0.5242944,1.0000005,0.64660656,0.66323423,0.5781417,0.4703045,0.6129148,0.64388055,0.6553713,0.5734801,0.62903774,0.56297654,0.70463496,0.5442821,0.7308775,0.62398875,0.5712662,0.7797986,0.6559111,0.6547195,0.6088805,0.6389928,0.6860659,0.5290323,0.64116627,0.63607174,0.6335865,0.6560588,0.63974315,0.6058842,0.5400811,0.61930996,0.4555294,0.6589911,0.7291096,0.53120875,0.73200214,0.52512306,0.57055134,0.7002335,0.474778,0.42862228,0.7806414,0.62896144,0.4886043,0.7092987,0.6194276,0.691123,0.71224016,0.47029883,0.70055217,0.61083585,0.6027366,0.68732595,0.7306394,0.64529717,0.70519686,0.47492695,0.6126788,0.7098211,0.54408896,0.36224106,0.5676526,0.61238617,0.6283847,0.5258911,0.60783184,0.7200456,0.60531473,0.5370103,0.69434136,0.4040223,0.60934985,0.72450334,0.4476012,0.6029136,0.5576856,0.721719,0.45859125,0.7034038,0.6140083,0.30442026,0.5098197,0.6490089,0.56246555,0.41515186,0.5712662,0.61277837,0.593195,0.5483759,0.6271543,0.55020636,0.47342128,0.71439373,0.6029727,0.5506428,0.54706526,0.5259549,0.61006933,0.5766653,0.42316166,0.66087675,0.6052075,0.5426067,0.4922712,0.58177954,0.7018932,0.72481364,0.6587825,0.69342947,0.7556827,0.69560945,0.5999321,0.62835014,0.49249563,0.6381929,0.51106954,0.5805214,0.6095766,0.55026424,0.6337162,0.39497393,0.5552994,0.54303026,0.5967673,0.6794083,0.559314,0.519961,0.65690714,0.4582628,0.67212534,0.67628014,0.57923114,0.55374163,0.56384885,0.55555534,0.4855397,0.63745743,0.6872774,0.5936043,0.67541736,0.5711939,0.6847901,0.67647004,0.5410819,0.42596525,0.5999321,0.51956755,0.7808766,0.7158935,0.6116068,0.69205403,0.6243755,0.6296252,0.7173672,0.73841035,0.5711907,0.7037345,0.5748304,0.5554287,0.54858387,0.62446505,0.5824639,0.49612466,0.6508334,0.5455458,0.4877596,0.65706974,0.41085812,0.4248801,0.44149667,0.48730433,0.6423944,0.34089786,0.6188363,0.5837012,0.41482934,0.69061637,0.69061637,0.60344344,0.7658924,0.703058,0.62310284,0.42010257,0.5443461,0.7109775,0.35394472,0.49552855,0.5093396,0.45260864,0.66599613,0.6100092,0.71704423,0.5426679,0.56947446,0.5520271
do,0.6460849,0.6922093,0.6116255,0.66794044,0.54669166,0.49812925,0.5695598,0.5032679,0.69360656,0.7910236,0.6712432,0.80931395,0.49840042,0.6918103,0.60874975,0.63248795,0.58316773,0.60819066,0.6055952,0.62501955,0.60469514,0.59700835,0.6446418,0.6623855,0.6160505,0.71041304,0.6996148,0.6510862,0.6957435,0.6293698,0.5979977,0.5745704,0.6875428,0.6905383,0.57748634,0.6378022,0.6741375,0.6318663,0.39742136,0.67955387,0.62895286,0.66375744,0.73217833,0.7121526,0.5111503,0.71116763,0.59057933,0.6402464,0.60613686,0.60641897,0.5965478,0.6577346,0.512219,0.5592256,0.7406639,0.6438178,0.47303602,0.6662517,0.7667997,0.64660656,0.9999993,0.62564635,0.62401474,0.41792333,0.74879014,0.67368674,0.63554686,0.6732356,0.66509587,0.56882733,0.6880579,0.53690916,0.7480139,0.6455659,0.7073196,0.674805,0.5586734,0.56730264,0.60222155,0.62343657,0.6066295,0.6297045,0.5433406,0.5706551,0.58363855,0.67566055,0.6976217,0.6951873,0.5895234,0.65252745,0.4677255,0.72797257,0.68276054,0.5135045,0.7470222,0.6231788,0.66266924,0.6779621,0.70421124,0.46204346,0.7167612,0.7670264,0.6460806,0.81314605,0.6707777,0.7422281,0.73427594,0.6791406,0.7607356,0.6626999,0.7373751,0.7680612,0.679044,0.72125435,0.7618364,0.4326798,0.6650234,0.687876,0.44991305,0.58413297,0.6325901,0.69358915,0.6616429,0.5181471,0.64299405,0.72712517,0.68002844,0.51783323,0.6069716,0.6480492,0.74523056,0.6921209,0.5805498,0.6541698,0.7327244,0.71187234,0.57306665,0.7692648,0.85162854,0.36421835,0.68661636,0.69349223,0.62993026,0.5903741,0.7073196,0.65834475,0.67335355,0.7123078,0.6481666,0.6782205,0.65133625,0.6608965,0.64615256,0.53366107,0.62028587,0.5154738,0.7022289,0.60605603,0.6289752,0.5964172,0.69484365,0.6539002,0.46752837,0.7007056,0.6133214,0.7339871,0.6209619,0.6809706,0.7455701,0.801544,0.6905383,0.6604307,0.620178,0.67305374,0.5014412,0.63707334,0.6481976,0.7419299,0.7550744,0.49204323,0.6073211,0.51293635,0.7103665,0.677473,0.53360987,0.6178508,0.6817911,0.5442961,0.5960877,0.77971894,0.62053937,0.6529771,0.65392345,0.6337569,0.58339083,0.6254473,0.5886739,0.61284083,0.746106,0.69524723,0.64506084,0.7192493,0.5283593,0.57017505,0.6905383,0.6149771,0.74349695,0.70356804,0.66501194,0.69951963,0.6002554,0.5554508,0.5989119,0.75083053,0.6589806,0.69466335,0.64486814,0.53478944,0.6362201,0.59255546,0.5418293,0.57233584,0.7363889,0.5548699,0.63195586,0.56923044,0.65508485,0.57690066,0.6239275,0.70491105,0.56011283,0.59593856,0.5805916,0.6011616,0.50066996,0.7703039,0.7703039,0.6909943,0.77023786,0.6976795,0.6000303,0.56278384,0.51382875,0.7070263,0.5729753,0.57255024,0.66899407,0.69963896,0.68596274,0.7509496,0.721913,0.60273033,0.44058815,0.5038407
dz,0.6419046,0.57550895,0.6532846,0.51549596,0.5628799,0.39560091,0.5674852,0.4188242,0.7681034,0.80649984,0.7521924,0.6483892,0.480198,0.7681359,0.6358881,0.69710094,0.6506929,0.6184426,0.6575264,0.7254934,0.6234513,0.6762874,0.52345353,0.6958745,0.7517933,0.80193466,0.6298809,0.67342365,0.6304196,0.57559323,0.6708632,0.7529287,0.68035024,0.59813285,0.765702,0.55654275,0.60116893,0.61980397,0.49966645,0.65985984,0.6663104,0.70754075,0.5117424,0.6297865,0.55501753,0.7565465,0.7812585,0.55174506,0.6079129,0.66010565,0.6824489,0.6402855,0.5972073,0.6593001,0.81443155,0.75053394,0.46870956,0.63563114,0.5743884,0.66323423,0.62564635,1.0000004,0.6331725,0.6175124,0.57371414,0.6009708,0.6545447,0.6074661,0.6064742,0.7906,0.7873112,0.5928776,0.8110095,0.8154965,0.6905859,0.7139527,0.76638776,0.76358455,0.7213457,0.6925683,0.6870019,0.6240025,0.7313803,0.54268205,0.7573632,0.61420506,0.69663805,0.7017847,0.6398273,0.59318507,0.45495465,0.69502455,0.7511917,0.5336469,0.7843387,0.62089443,0.63972807,0.70866644,0.57216895,0.43336937,0.7487222,0.62406,0.59388506,0.70558226,0.6587037,0.8086935,0.7565212,0.5654485,0.6843763,0.7193046,0.5694568,0.6770511,0.63520795,0.737057,0.7733933,0.55433077,0.60061556,0.7937903,0.48573896,0.44635412,0.5859337,0.6342233,0.7429499,0.6004546,0.6124808,0.78770024,0.69650203,0.5604009,0.7234236,0.54758507,0.680094,0.7894327,0.55727756,0.67775613,0.7248516,0.6687711,0.62709177,0.7100729,0.6444266,0.42494154,0.6157892,0.69490856,0.650572,0.4941079,0.6905859,0.513111,0.66352314,0.6349963,0.6763157,0.65711874,0.5885842,0.72068965,0.64487046,0.49002698,0.6317845,0.53458685,0.50410056,0.626953,0.55831194,0.56271696,0.70378065,0.7540809,0.55299664,0.64252347,0.6198206,0.6824377,0.673386,0.6883478,0.7137561,0.67988694,0.59813285,0.60393083,0.5633406,0.69582963,0.4910342,0.66289824,0.7204895,0.6248689,0.6828525,0.5708443,0.5067556,0.3842038,0.7084511,0.6656931,0.55045676,0.66232085,0.5936704,0.5737951,0.68848014,0.66918296,0.47022852,0.6603178,0.66682804,0.6838234,0.6650082,0.6797155,0.6943568,0.6080972,0.7004792,0.6344344,0.62103766,0.71989745,0.5296401,0.6075249,0.59813285,0.6716693,0.71871686,0.799352,0.7131938,0.7641632,0.67576534,0.5692635,0.6283901,0.689517,0.49585122,0.5823195,0.69136953,0.5386945,0.66093934,0.6495337,0.5990418,0.665452,0.6318172,0.6363723,0.6022245,0.61109155,0.5034686,0.41244537,0.4959696,0.5653244,0.69242793,0.47448817,0.6480252,0.65144646,0.49988016,0.78115416,0.78115416,0.7256153,0.7316143,0.83104336,0.64203435,0.59338385,0.5457343,0.79972064,0.4401633,0.60905796,0.58346236,0.60283816,0.7299415,0.57124484,0.808826,0.6615728,0.61587286,0.4866653
ec,0.65758884,0.59689206,0.5826716,0.57417005,0.55897254,0.66481745,0.6649804,0.64931774,0.5440389,0.6846993,0.51570916,0.7446599,0.53875566,0.5884648,0.5393505,0.5424743,0.56421983,0.5523746,0.5292395,0.66978633,0.7099567,0.7725482,0.74387854,0.74664414,0.7673883,0.7644889,0.74703896,0.7978231,0.70213306,0.66817856,0.5701583,0.46297747,0.8582483,0.7037288,0.6288078,0.65964204,0.5698371,0.70484793,0.5788319,0.5118667,0.68429,0.72985923,0.7164924,0.70280236,0.5606471,0.6962272,0.7126318,0.76606774,0.978223,0.5771942,0.54297787,0.3467107,0.31069344,0.5812116,0.77594054,0.7410531,0.4517402,0.63548887,0.7332271,0.5781417,0.62401474,0.6331725,1.0000002,0.42083138,0.64691293,0.47061658,0.6684252,0.7678641,0.68403447,0.6676357,0.66417176,0.5590867,0.6781001,0.72259474,0.6227726,0.6148756,0.7404452,0.74236274,0.5944115,0.6998671,0.64894366,0.7819366,0.7365445,0.6597962,0.7491208,0.6696136,0.7813207,0.77924263,0.6714799,0.7103379,0.38556847,0.728016,0.620692,0.5605921,0.6654401,0.47565487,0.79713064,0.66171736,0.7604516,0.47366273,0.5409373,0.68186975,0.479374,0.7200302,0.6765096,0.72646224,0.6419602,0.753787,0.7432409,0.66206217,0.6492611,0.73011637,0.5225552,0.6724207,0.7601725,0.58276206,0.48049146,0.7497369,0.40064007,0.7073821,0.42882156,0.6776425,0.71774435,0.60844016,0.5735346,0.74651176,0.61581457,0.55626076,0.49956107,0.71121,0.76675344,0.6378937,0.48103237,0.7897982,0.700287,0.48061082,0.88302886,0.6664736,0.72749734,0.48502558,0.79229355,0.6633816,0.6611844,0.7369774,0.6227726,0.7141841,0.53214633,0.79752445,0.7302359,0.88895386,0.65529394,0.55782187,0.42818838,0.60690755,0.7412438,0.53698415,0.72881055,0.4735171,0.76053745,0.45888066,0.64974695,0.6316263,0.5581224,0.56680274,0.45726,0.70589995,0.6007262,0.596003,0.51522076,0.67429763,0.7037288,0.70299464,0.3780577,0.7565028,0.5426538,0.6948121,0.6990343,0.71651006,0.7663735,0.60013443,0.54343444,0.5332369,0.7974822,0.6030279,0.58051157,0.6703068,0.484479,0.6309061,0.46041274,0.6818181,0.68343896,0.63557017,0.6726152,0.67416614,0.7429633,0.41673806,0.5521765,0.5283445,0.64861864,0.6207487,0.52743286,0.71231806,0.5594044,0.6925056,0.7037288,0.78149647,0.62221026,0.7704196,0.7159904,0.575629,0.63613933,0.42753848,0.59023786,0.50316775,0.66646826,0.54857385,0.62107426,0.57383114,0.6682656,0.59273016,0.60776615,0.69812703,0.6483598,0.46739256,0.7479858,0.6033777,0.7125182,0.70586365,0.7281851,0.68082935,0.54789096,0.5581281,0.52365327,0.4489719,0.7017594,0.6872302,0.6872302,0.694104,0.59086746,0.80277914,0.6735389,0.8558154,0.5586015,0.771167,0.698969,0.60122705,0.7219884,0.615573,0.5225514,0.64524406,0.76601255,0.6407902,0.6271878,0.6288732
ee,0.5005218,0.219458,0.41813773,0.50827336,0.4377104,0.31730628,0.5508764,0.11160949,0.6495565,0.6646584,0.42314577,0.325334,0.50252974,0.7462094,0.57830036,0.66123325,0.48816538,0.5792601,0.56759584,0.4394824,0.3985287,0.5813909,0.5573111,0.5956383,0.46960348,0.74638796,0.47743055,0.5162085,0.25955653,0.5082419,0.5373341,0.54881895,0.5103768,0.4524488,0.7969451,0.38431162,0.52063084,0.5683401,0.3805196,0.62555337,0.5729822,0.57857835,0.32456273,0.6011327,0.51006514,0.5399617,0.5099455,0.42677662,0.3830688,0.6737807,0.59324044,0.6271207,0.6551405,0.48813468,0.7404555,0.52640957,0.5985938,0.5850435,0.42576236,0.4703045,0.41792333,0.6175124,0.42083138,0.99999774,0.07909862,0.27807218,0.59750956,0.3841958,0.4937006,0.81767136,0.71606565,0.47878566,0.7517576,0.78695476,0.55587876,0.6145399,0.77192956,0.770996,0.68365455,0.507992,0.59684443,0.5294466,0.7168952,0.6245863,0.7656702,0.29090416,0.45503896,0.53626674,0.40259725,0.51943237,0.44539404,0.41575277,0.6531628,0.49632066,0.7367944,0.58963495,0.40291256,0.6003876,0.42177773,0.46259063,0.60190535,0.25035834,0.5973997,0.35412806,0.63614964,0.6381172,0.6265161,0.43872833,0.26601428,0.6470411,0.08031464,0.40795457,0.5652247,0.59976494,0.66999626,0.5342362,0.29144323,0.74436194,0.36450133,0.3063181,0.51139605,0.5442943,0.416564,0.5112139,0.5517686,0.7194654,0.39430094,0.50585663,0.68828773,0.43243372,0.45098212,0.7502178,0.63908327,0.53777134,0.6277439,0.43019202,0.49488863,0.4235785,0.36635366,0.42378086,0.4982602,0.69646674,0.53657806,0.36433434,0.55587876,0.5167639,0.5409964,0.47903705,0.5110324,0.4752624,0.53893125,0.6191569,0.6261464,0.4505102,0.51108426,0.47812083,0.6048409,0.4880346,0.48758018,0.5008851,0.59767854,0.6749067,0.7580612,0.5699462,0.5352907,0.30513766,0.6099032,0.62182856,0.51182735,0.32293686,0.4524488,0.62041426,0.5426087,0.56262714,0.49028498,0.4894534,0.54689085,0.5429064,0.44425458,0.17337473,0.5956145,0.52624667,0.5296418,0.6135366,0.4854228,0.51947427,0.3019269,0.304589,0.66054577,0.29727644,0.57665014,0.58950186,0.4994396,0.8018405,0.599865,0.58342373,0.5873564,0.61164737,0.5123704,0.11738776,0.5456101,0.7002568,0.46554688,0.5265192,0.4524488,0.5891862,0.45169932,0.6701345,0.5348511,0.71950275,0.68179214,0.4824904,0.46696383,0.45342413,0.44631946,0.16668157,0.6207075,0.46350592,0.4734795,0.6147568,0.50250757,0.7288261,0.23649266,0.610368,0.42343432,0.6148367,0.34796286,0.3550803,0.37961483,0.47172117,0.6446784,0.41275108,0.54232955,0.71599483,0.48732385,0.675576,0.675576,0.70895016,0.4869374,0.65044826,0.54803085,0.45507124,0.4986622,0.7519095,0.29701728,0.42211157,0.44388798,0.52672595,0.6898094,0.07784307,0.7537824,0.45715034,0.4615086,0.48492396
eg,0.5681226,0.8156318,0.55523634,0.5070913,0.63742507,0.5069185,0.52392966,0.66263515,0.6141797,0.76035607,0.6863974,0.9182718,0.55689615,0.5939316,0.55903673,0.52327466,0.54627806,0.477812,0.54187,0.54689205,0.7098768,0.5405687,0.65053034,0.6344508,0.5869201,0.6542598,0.6922345,0.62270635,0.8799306,0.6294776,0.5466373,0.5113599,0.68888533,0.71542567,0.51085424,0.7184875,0.6073625,0.5596031,0.43188894,0.52766454,0.62464905,0.55108523,0.69867504,0.59680235,0.5763524,0.6210743,0.59657,0.6424047,0.64023846,0.51039565,0.5624269,0.5394976,0.43273073,0.51130736,0.6750479,0.60882694,0.31320953,0.67749065,0.7625105,0.6129148,0.74879014,0.57371414,0.64691293,0.07909862,1.0,0.7805326,0.55971813,0.7291359,0.59906924,0.41423097,0.6436621,0.62573147,0.6547884,0.5364902,0.559378,0.610919,0.55583006,0.5503795,0.5609222,0.64593947,0.63369197,0.586928,0.56179094,0.46638334,0.54959303,0.8343038,0.7560836,0.6840581,0.76601213,0.58620983,0.33014733,0.7534622,0.6498494,0.5946703,0.617527,0.5265846,0.65641236,0.617225,0.6959729,0.5160341,0.69039416,0.9324031,0.53023267,0.94975066,0.61371547,0.62961376,0.7172278,0.6736806,0.9483826,0.6278789,0.99036676,0.804567,0.641495,0.5876151,0.70294464,0.38009852,0.7569107,0.6276444,0.5147792,0.6015387,0.58264315,0.64655703,0.7068323,0.4296101,0.6052938,0.65405893,0.6741822,0.59255373,0.51612484,0.61051065,0.8231089,0.6052234,0.43080634,0.6384819,0.63575673,0.79635084,0.5483711,0.87659085,0.85929585,0.3499102,0.67398286,0.6106833,0.5537689,0.58870435,0.559378,0.6770371,0.60869825,0.6848411,0.58871484,0.6495601,0.6053911,0.58213896,0.52132905,0.5085377,0.6060955,0.5997007,0.656258,0.6415067,0.60398465,0.55339557,0.54691815,0.5167618,0.2821398,0.5705585,0.5982816,0.90989673,0.5069253,0.52645904,0.7625483,0.94283724,0.71542567,0.6101329,0.53241277,0.6264375,0.5677841,0.59482735,0.6536561,0.62472343,0.8336761,0.62258255,0.5572237,0.49315286,0.6957661,0.6132502,0.6173997,0.6086798,0.7836848,0.5512646,0.5089483,0.9370908,0.6266608,0.5829342,0.57561636,0.479899,0.5069212,0.56250274,0.53371066,0.5284497,0.67775327,0.8985928,0.5938022,0.6512749,0.61226296,0.49856982,0.71542567,0.55505776,0.78572625,0.68861794,0.5739551,0.6085887,0.480908,0.5783715,0.61249703,0.7960211,0.69869196,0.85333246,0.544385,0.6158362,0.5642705,0.60691965,0.59064263,0.44574964,0.9352797,0.4458202,0.6233578,0.5016041,0.6600393,0.6140502,0.64411587,0.6081639,0.56360006,0.47936544,0.44744927,0.45165318,0.40261418,0.62553585,0.62553585,0.59512055,0.8119047,0.64035535,0.5296254,0.530889,0.59433657,0.63202655,0.5958301,0.58737886,0.6584662,0.54592246,0.5897621,0.99571544,0.6533452,0.61801934,0.43125737,0.49005124
eh,0.46585512,0.87227744,0.5817311,0.57892746,0.5621341,0.34401694,0.4325861,0.386578,0.661113,0.7532646,0.7102685,0.7696129,0.470095,0.61122113,0.59899265,0.6109859,0.4730086,0.442466,0.57748926,0.4995368,0.58298343,0.3252763,0.4763357,0.5743678,0.45170718,0.6140639,0.55158496,0.57312673,0.73833627,0.4726289,0.6052025,0.68815994,0.6023315,0.58559674,0.5398538,0.6092933,0.5528526,0.50651133,0.473026,0.53422856,0.60213685,0.49699765,0.5797481,0.6336499,0.48593226,0.51146615,0.5006193,0.49874938,0.44356835,0.5329005,0.6110435,0.6200802,0.5013032,0.5320542,0.6316371,0.41951033,0.5116722,0.6316612,0.6391257,0.64388055,0.67368674,0.6009708,0.47061658,0.27807218,0.7805326,1.0,0.6195522,0.6170567,0.60944575,0.4019465,0.6542025,0.5473417,0.6550268,0.51741314,0.529026,0.71082234,0.5364445,0.5448707,0.59022945,0.48307696,0.6009422,0.4694394,0.5295853,0.5582657,0.5315942,0.7063915,0.5391831,0.5357024,0.62903804,0.5971862,0.31200898,0.7243939,0.65466756,0.49686533,0.61371946,0.52888113,0.58046436,0.70340776,0.5901288,0.42294833,0.7535968,0.7636028,0.56276965,0.8358613,0.6440531,0.6021509,0.69054866,0.5444544,0.77616423,0.6020259,0.7656045,0.7446977,0.6600194,0.55493605,0.6329153,0.429956,0.94588226,0.56075233,0.6111374,0.4575653,0.65176547,0.63001496,0.5623356,0.37833434,0.60295224,0.59901947,0.768616,0.51462096,0.5898737,0.49129418,0.6846814,0.60160744,0.44830194,0.5423475,0.5829066,0.8201888,0.3304462,0.8048688,0.7302637,0.25106573,0.53744686,0.6633402,0.43215168,0.46523103,0.529026,0.51547134,0.6138377,0.57163084,0.4897905,0.5132331,0.56038713,0.6642293,0.5512765,0.55038995,0.49541283,0.5113325,0.52648133,0.5901871,0.46941566,0.7055646,0.4980694,0.555063,0.38738722,0.56740797,0.65951866,0.7888566,0.52511144,0.56531864,0.79211116,0.84240365,0.58559674,0.58985,0.567996,0.5855812,0.4644151,0.46958953,0.57346237,0.58762544,0.69832265,0.38657266,0.49717006,0.44440526,0.52314633,0.6002171,0.52738994,0.4632638,0.9896707,0.4074624,0.5495042,0.80540556,0.47076216,0.47525775,0.47876668,0.5210052,0.30324483,0.5803004,0.60559165,0.47673953,0.64780784,0.76656926,0.62427145,0.6707009,0.5225626,0.29147446,0.58559674,0.361728,0.81664515,0.5868037,0.4920699,0.6327521,0.5163042,0.62131995,0.7252139,0.80512106,0.56039846,0.8011787,0.56359506,0.5302315,0.46849984,0.53543466,0.5794648,0.38454127,0.8129306,0.51684546,0.45839143,0.5401529,0.54523176,0.39961833,0.4771486,0.5251256,0.58375853,0.35286796,0.49714345,0.54727453,0.41827956,0.6063454,0.6063454,0.5547415,0.7814818,0.62214833,0.48817492,0.32179964,0.5130578,0.5948595,0.4466902,0.49854738,0.51635027,0.44679555,0.597428,0.78685427,0.59938663,0.5609525,0.4428615,0.38424546
er,0.55670655,0.62539345,0.6002377,0.5749938,0.5871038,0.5654589,0.5257312,0.5026732,0.6502895,0.7668242,0.58587146,0.6598513,0.5895035,0.6721232,0.71096164,0.6897408,0.56836003,0.56500417,0.6923085,0.56111443,0.6488732,0.55946356,0.67287916,0.6390488,0.57195514,0.7928518,0.68788105,0.6815878,0.6729185,0.6512209,0.6400974,0.6400641,0.7379928,0.6230665,0.7170944,0.72468746,0.5272532,0.7483463,0.47762015,0.6774902,0.6052973,0.5935739,0.6030646,0.76213527,0.5974319,0.63470197,0.59165245,0.7162185,0.6573769,0.7305943,0.70002854,0.603969,0.5312743,0.57350314,0.8034018,0.576204,0.6032926,0.6451874,0.67767453,0.6553713,0.63554686,0.6545447,0.6684252,0.59750956,0.55971813,0.6195522,0.9999998,0.68737125,0.63282686,0.67818385,0.756801,0.59289813,0.73319745,0.7660536,0.5676528,0.7638157,0.7931856,0.7886514,0.6556284,0.6713804,0.7403716,0.62027895,0.79281414,0.6732548,0.7963357,0.6783465,0.6710542,0.69258565,0.60308754,0.7658884,0.39878353,0.610165,0.680684,0.591192,0.7133128,0.51141924,0.7361392,0.8371999,0.6908171,0.54674196,0.6787116,0.6744388,0.55536634,0.69418144,0.77253723,0.65241164,0.720405,0.70941216,0.6715015,0.7137126,0.54968375,0.652964,0.6793635,0.5942879,0.79212666,0.6078626,0.64612645,0.80669594,0.5949649,0.6216766,0.69662404,0.7379134,0.6601338,0.49182862,0.7764775,0.77064973,0.56965977,0.6068047,0.5975828,0.500617,0.6586212,0.6897369,0.5893728,0.70958006,0.70389134,0.60125023,0.6144415,0.72096187,0.6747174,0.44689828,0.7446596,0.7803358,0.53284925,0.6561354,0.5676528,0.65790355,0.5937314,0.72864044,0.5673048,0.6674775,0.6733294,0.6039891,0.55785483,0.70253795,0.50923437,0.57133466,0.6777217,0.6360524,0.5580201,0.7092307,0.57684994,0.6767507,0.62941563,0.6573813,0.6747224,0.6812204,0.59141165,0.6045314,0.6537919,0.6870414,0.6230665,0.77624387,0.54812133,0.7063347,0.5783122,0.7534811,0.6677119,0.7077922,0.68282145,0.46254736,0.58000517,0.54280347,0.70079947,0.7339161,0.6004151,0.53115535,0.62676597,0.4432072,0.6194226,0.68856955,0.65477735,0.5628254,0.55339336,0.7347827,0.5666555,0.56098384,0.54992884,0.52782655,0.7175195,0.48000327,0.6574042,0.7980487,0.59313214,0.513658,0.6230665,0.6203041,0.70232594,0.75215584,0.5583423,0.66522396,0.7534908,0.5407396,0.73472226,0.63192964,0.6700774,0.54277843,0.72150517,0.6022136,0.5465427,0.652824,0.70276546,0.63793135,0.61143696,0.52639455,0.6356631,0.6224929,0.6327595,0.60073006,0.66906244,0.6647188,0.63361144,0.5240542,0.63380796,0.5583171,0.57185113,0.70768964,0.70768964,0.7197464,0.6444347,0.7965136,0.6186091,0.6057147,0.5956277,0.79102594,0.6164371,0.60010004,0.6591455,0.59994864,0.6564569,0.55468,0.7944704,0.5698208,0.4846288,0.6227346
es,0.67856395,0.6491894,0.60381263,0.69072616,0.47686097,0.78912395,0.6465041,0.6606763,0.50552624,0.6886189,0.6045459,0.83715016,0.4166523,0.5426994,0.6201216,0.6010739,0.4902151,0.4836228,0.5187093,0.7306265,0.6943963,0.63274825,0.7888779,0.7506226,0.7314382,0.72159207,0.8115454,0.7400817,0.8270132,0.5437169,0.55200183,0.53527707,0.8884465,0.74066275,0.55567455,0.759814,0.52399105,0.753522,0.51312906,0.44700876,0.7113277,0.745378,0.8335062,0.6871412,0.43759555,0.7161099,0.75532097,0.8800558,0.753492,0.6857646,0.6142507,0.49656895,0.43995768,0.4712063,0.7516684,0.6674137,0.6800267,0.6070965,0.8072054,0.5734801,0.6732356,0.6074661,0.7678641,0.3841958,0.7291359,0.6170567,0.68737125,0.9999999,0.77042496,0.5592739,0.6130013,0.48571682,0.60391104,0.66511047,0.6286995,0.69023174,0.71226335,0.7194076,0.51253784,0.62945306,0.69056463,0.77448666,0.74127537,0.69228655,0.74048424,0.8210946,0.7558051,0.74466777,0.6656819,0.7310459,0.42944768,0.7182903,0.56546175,0.4629158,0.5947419,0.39156064,0.73974645,0.7276085,0.87602997,0.3438092,0.53443635,0.7367506,0.610354,0.78700894,0.7604661,0.7172463,0.6820424,0.86967725,0.74770784,0.63011324,0.72107476,0.7759556,0.5314278,0.66161436,0.7597383,0.54466444,0.63919497,0.71300375,0.6292444,0.87328345,0.62179035,0.7486536,0.6856762,0.6329309,0.7123194,0.68941295,0.6469473,0.4734943,0.4040915,0.6164245,0.83491415,0.5592853,0.6186038,0.8181756,0.75353235,0.6080552,0.72290015,0.69760674,0.8124611,0.40249997,0.88879025,0.7455212,0.65655565,0.8548278,0.6286995,0.67828065,0.49370098,0.88480294,0.75930685,0.8113816,0.7127591,0.49325776,0.36940002,0.5725455,0.67732286,0.44423324,0.74422747,0.6955588,0.7611754,0.67053044,0.6416315,0.68898696,0.5913617,0.58033544,0.6338084,0.7526425,0.51186174,0.52889913,0.55191517,0.7333249,0.74066275,0.7106409,0.38828677,0.8580278,0.40064457,0.6921716,0.67021906,0.76686996,0.8494916,0.6719252,0.62527394,0.5250705,0.75576675,0.62848896,0.495602,0.6769541,0.62970376,0.7432616,0.4051594,0.7121422,0.69345856,0.5558564,0.71039,0.6276011,0.56825864,0.57413054,0.46170816,0.46331635,0.70867425,0.6728926,0.5734331,0.7723048,0.45575908,0.50610256,0.74066275,0.62649965,0.60142547,0.6545292,0.7290277,0.49174625,0.6848713,0.53621864,0.72871596,0.55792654,0.6532431,0.60005105,0.67129415,0.4851046,0.71346176,0.49570945,0.7564609,0.6595591,0.7644175,0.55337393,0.82287896,0.51783425,0.8459707,0.76219046,0.85796034,0.75621283,0.42699438,0.7254972,0.42965,0.6246847,0.7545848,0.73240024,0.73240024,0.62781924,0.6459378,0.7991331,0.624093,0.65678316,0.48126093,0.7201966,0.8624669,0.6262412,0.8160778,0.74747425,0.4875639,0.7231486,0.72270715,0.58403194,0.6144261,0.66549754
et,0.52559805,0.69855845,0.49013242,0.6925272,0.48899072,0.59583277,0.4767012,0.296927,0.568567,0.74225307,0.5843038,0.7561779,0.41664374,0.6275261,0.6404001,0.70743704,0.42075425,0.38953334,0.4988521,0.54557025,0.43030748,0.63087523,0.67748433,0.67570966,0.6504508,0.7322488,0.6950141,0.6665022,0.6262274,0.5404492,0.6597452,0.5729262,0.7928893,0.6566947,0.6095886,0.5051738,0.46405748,0.6397152,0.5290872,0.4886776,0.70361686,0.7128238,0.67932916,0.670282,0.43616655,0.70169884,0.6516741,0.6721807,0.6486911,0.6095364,0.585879,0.56457365,0.47755402,0.55423224,0.7300931,0.64321774,0.63386726,0.6429434,0.70061034,0.62903774,0.66509587,0.6064742,0.68403447,0.4937006,0.59906924,0.60944575,0.63282686,0.77042496,1.0000002,0.55066097,0.6320174,0.49272633,0.67097807,0.6396934,0.56986773,0.7777488,0.664947,0.6734488,0.5432502,0.5406105,0.6503897,0.60190797,0.66304517,0.7329172,0.6667155,0.61000466,0.7504884,0.71856976,0.47023436,0.5869864,0.35325652,0.7856318,0.6379859,0.4672346,0.61218566,0.46064934,0.5727529,0.6702006,0.6974648,0.34502804,0.6690373,0.5899253,0.6856427,0.68627244,0.6049115,0.6915824,0.7094661,0.68022144,0.62769425,0.62174857,0.6000369,0.8605711,0.61087376,0.62942094,0.7295155,0.4658246,0.61001885,0.6982596,0.5139258,0.60806644,0.5848863,0.5648806,0.5913967,0.69992566,0.6293507,0.72017574,0.75404716,0.4805611,0.52072346,0.5121303,0.75046283,0.62283057,0.7201125,0.715798,0.6884922,0.65269905,0.60711163,0.5847967,0.73943436,0.14855832,0.71072227,0.63797396,0.5227408,0.6334636,0.56986773,0.5705677,0.53026044,0.7338023,0.61445296,0.72124255,0.73120147,0.5714675,0.41906333,0.6759316,0.62060225,0.4586902,0.686119,0.5111975,0.6471592,0.5624199,0.5952658,0.6451461,0.64292556,0.52827966,0.6182243,0.6077208,0.5471959,0.54958713,0.6720517,0.65660506,0.6566947,0.6941709,0.5075645,0.7528925,0.41058984,0.57896847,0.5937742,0.67369336,0.74841887,0.41496715,0.7302112,0.5514613,0.7374249,0.65635645,0.4842438,0.59211236,0.62165326,0.5585668,0.44790864,0.61108536,0.64713407,0.6302339,0.53409696,0.5506645,0.56973416,0.67708194,0.5638284,0.5399922,0.6067798,0.53214055,0.63027555,0.66558385,0.46750844,0.5381819,0.6566947,0.6254435,0.6982335,0.63554674,0.6079399,0.5892371,0.6129798,0.49799597,0.6972318,0.6725635,0.5235733,0.70389706,0.6227464,0.49413788,0.51773626,0.5249964,0.5921491,0.56494594,0.6150353,0.49443877,0.6271716,0.6192512,0.64811903,0.62534654,0.64611226,0.64696115,0.4898807,0.61014605,0.4813312,0.7232435,0.60540843,0.7009413,0.7009413,0.62934417,0.72417873,0.74626935,0.56300235,0.558494,0.4864112,0.69932365,0.6042247,0.38099724,0.6827964,0.6850376,0.5114829,0.6005709,0.7190914,0.49513942,0.6578578,0.5715936
fi,0.5991414,0.4424522,0.50120735,0.54262304,0.60957575,0.45644265,0.6858592,0.42866927,0.74387884,0.7907336,0.5826232,0.55776006,0.641308,0.8376912,0.58746815,0.6929967,0.64471304,0.6196922,0.62273234,0.5504324,0.636873,0.80708575,0.69846237,0.74683017,0.6652412,0.8707731,0.65705013,0.70169383,0.51849556,0.73007315,0.6102142,0.56589085,0.6870096,0.6172713,0.8797327,0.6023578,0.63998204,0.63100857,0.5045246,0.71391267,0.65916544,0.67014664,0.5037534,0.6848942,0.67198974,0.71052045,0.66406775,0.587301,0.64741755,0.7338605,0.70109665,0.6387666,0.692299,0.6274151,0.868215,0.72546566,0.46038046,0.7560296,0.5309627,0.56297654,0.56882733,0.7906,0.6676357,0.81767136,0.41423097,0.4019465,0.67818385,0.5592739,0.55066097,1.0000027,0.8320923,0.65132564,0.8650873,0.953162,0.6315125,0.63969713,0.8700739,0.8692971,0.7961337,0.7446964,0.728856,0.6716341,0.81321895,0.631848,0.86160386,0.5172385,0.6994088,0.7438166,0.6918498,0.618035,0.48195148,0.5742198,0.77796143,0.6547586,0.81726265,0.6879058,0.6434534,0.6765693,0.59378254,0.5931171,0.69365025,0.52648956,0.60692245,0.6065439,0.69482934,0.74699503,0.75863945,0.60263014,0.5889104,0.77992797,0.42109558,0.5818914,0.5649605,0.68501025,0.79756904,0.60883296,0.4186301,0.86230314,0.43564194,0.4619261,0.5679149,0.65167826,0.67029965,0.5456422,0.6283925,0.83887875,0.486194,0.6575367,0.7582989,0.60946476,0.6606785,0.8444362,0.62395364,0.6729871,0.7366922,0.5580441,0.7520071,0.6455583,0.5504109,0.5584891,0.66028744,0.73584795,0.6343287,0.5188881,0.6315125,0.70929766,0.64428556,0.6396778,0.62100005,0.7002612,0.67700106,0.70796907,0.6828007,0.58390725,0.6627039,0.63952994,0.6897225,0.6347096,0.6531699,0.47908556,0.6646906,0.7373382,0.7008695,0.68450016,0.5544849,0.57545006,0.63692904,0.6707172,0.6204073,0.5654266,0.6172713,0.6991051,0.5668705,0.69227064,0.6422641,0.69838214,0.7212727,0.6464971,0.6532593,0.44611084,0.6580762,0.67042196,0.7519635,0.7125673,0.64961433,0.67768216,0.4269651,0.4532572,0.6989777,0.56820416,0.7039935,0.71074414,0.60128367,0.832048,0.8244518,0.662261,0.6765115,0.7073106,0.62504095,0.43025255,0.5226202,0.77285373,0.63095045,0.7533421,0.6172713,0.80587375,0.60742784,0.86024725,0.64042205,0.81273234,0.7434019,0.5518931,0.5661018,0.5742051,0.65667737,0.3892532,0.7140279,0.62515175,0.5758692,0.7372254,0.66103286,0.8338121,0.5214303,0.59358317,0.56434304,0.7131661,0.516068,0.50856096,0.52849466,0.6160971,0.758831,0.50176406,0.6120566,0.673156,0.5620163,0.76828134,0.76828134,0.8195267,0.64449835,0.8005247,0.6083472,0.723013,0.65027595,0.86874866,0.4504514,0.61010665,0.604813,0.6131315,0.7692203,0.41235062,0.88518,0.66662514,0.5506749,0.6165755
fj,0.6318964,0.64869285,0.61145854,0.5822311,0.80400443,0.399477,0.6273196,0.458619,0.868796,0.92438936,0.707265,0.7196834,0.8116845,0.8996841,0.7363849,0.7515491,0.7156469,0.6844085,0.7358224,0.57749784,0.72741157,0.7140378,0.69599,0.7694849,0.64411217,0.8939825,0.686154,0.693352,0.69223505,0.7889994,0.7370363,0.73080885,0.7091104,0.6869991,0.8862406,0.671872,0.7169585,0.660984,0.55192447,0.77755785,0.6930467,0.6666933,0.5561568,0.7810504,0.82661325,0.6997654,0.6561812,0.57524693,0.64405805,0.7580344,0.7574618,0.77028614,0.73357123,0.71576893,0.90533715,0.71473867,0.4572702,0.8300257,0.6830075,0.70463496,0.6880579,0.7873112,0.66417176,0.71606565,0.6436621,0.6542025,0.756801,0.6130013,0.6320174,0.8320923,1.0000007,0.8213308,0.9437522,0.8680258,0.7126847,0.7939205,0.8506876,0.85339487,0.8499228,0.75825167,0.77510864,0.64654934,0.8015384,0.639808,0.8328585,0.6765034,0.71849847,0.7681016,0.74631274,0.68195456,0.47751144,0.6997199,0.8707271,0.82556367,0.9049075,0.766068,0.6867736,0.78868395,0.6253614,0.76758873,0.87744176,0.7358506,0.65319806,0.806963,0.7780642,0.8121874,0.8700629,0.61902153,0.7718731,0.89343244,0.6448353,0.7113086,0.801795,0.7608234,0.8571603,0.60308725,0.6489415,0.87281144,0.52907896,0.45338935,0.7237284,0.75640446,0.7413717,0.52732223,0.7351288,0.89041305,0.6431072,0.8280094,0.8520797,0.6261089,0.74621934,0.901133,0.602767,0.6887907,0.77518034,0.7727509,0.65552515,0.85436773,0.71399105,0.508723,0.65814936,0.8196638,0.65055794,0.5002082,0.7126847,0.74294776,0.77361834,0.6591609,0.64363706,0.6943803,0.7135432,0.83649576,0.8018145,0.62589884,0.66674215,0.8163701,0.7501261,0.6896087,0.6193191,0.62540495,0.72437936,0.7228364,0.6140579,0.7212908,0.715014,0.75140494,0.75126636,0.78175235,0.84430027,0.801633,0.6869991,0.7662854,0.72745556,0.71462405,0.8164105,0.70560795,0.7423891,0.71752244,0.74690545,0.467116,0.672194,0.6565327,0.74503106,0.81287396,0.832228,0.6727526,0.67417485,0.43860966,0.8091383,0.795764,0.71761787,0.7309675,0.63374233,0.8235459,0.7173413,0.7246246,0.7839666,0.755504,0.7282865,0.62650853,0.7423425,0.8485912,0.8267494,0.6537226,0.6869991,0.72766626,0.83426595,0.9115302,0.66458946,0.91733086,0.7332234,0.67581195,0.67593944,0.8143381,0.7181578,0.63506925,0.7612004,0.83081806,0.60306937,0.8367304,0.69157445,0.7444135,0.7143941,0.65888107,0.57129,0.772186,0.5478967,0.4935043,0.5435256,0.6058863,0.93270385,0.40867823,0.6686946,0.67116356,0.5176586,0.80535704,0.80535704,0.8670547,0.822808,0.8202691,0.68744624,0.62574846,0.8270685,0.8978789,0.44409558,0.63920516,0.58929086,0.5488475,0.86462605,0.6483712,0.9007889,0.705571,0.55738705,0.5869699
fk,0.47235122,0.6022373,0.47778314,0.39166293,0.9623847,0.30318555,0.46160573,0.4784066,0.75121605,0.78303933,0.5960482,0.6247333,0.88571644,0.7662517,0.60414237,0.61861986,0.6343774,0.5425021,0.5983789,0.3904907,0.60911196,0.6512339,0.57669127,0.6321378,0.47390825,0.7267613,0.6969867,0.5587327,0.586467,0.7028385,0.5971064,0.5877818,0.55146635,0.58340913,0.726025,0.558623,0.600567,0.53879887,0.4305271,0.6508778,0.60869974,0.43711025,0.44825146,0.61300826,0.88050926,0.58468765,0.48694232,0.4608224,0.5637214,0.6565689,0.6773162,0.62802064,0.6287557,0.58948237,0.73422325,0.634456,0.21436733,0.73316425,0.5856616,0.5442821,0.53690916,0.5928776,0.5590867,0.47878566,0.62573147,0.5473417,0.59289813,0.48571682,0.49272633,0.65132564,0.8213308,0.99999994,0.7927187,0.6879946,0.53339523,0.6133647,0.68970716,0.6837088,0.73613274,0.68272644,0.6692394,0.49846974,0.6408084,0.43347278,0.6688651,0.56877476,0.6863463,0.6678589,0.6420483,0.5245081,0.35719913,0.57683265,0.71999085,0.9500834,0.74214596,0.6557296,0.54837835,0.6422992,0.49170214,0.86195904,0.7489691,0.6653055,0.5444601,0.6983307,0.5275792,0.61195374,0.74831605,0.49467018,0.69810563,0.7616791,0.62889314,0.6174011,0.7036284,0.5688946,0.6885591,0.45506448,0.5462621,0.7217457,0.42307118,0.33731169,0.6011928,0.56031024,0.64879614,0.4253883,0.6185268,0.7187004,0.53138316,0.9585783,0.7104627,0.4941561,0.66728526,0.75933933,0.48601195,0.5250684,0.6103686,0.6893474,0.54030293,0.72827315,0.60982925,0.34978616,0.52634716,0.56214255,0.4885801,0.35459617,0.53339523,0.6362367,0.66906375,0.50872064,0.45127505,0.5436608,0.5839114,0.65933406,0.69739425,0.55911314,0.5161471,0.9610283,0.6367966,0.5103801,0.4926624,0.420815,0.5445453,0.4967746,0.4201675,0.5553215,0.59497035,0.64589435,0.5972943,0.5994977,0.7440997,0.7033812,0.58340913,0.6312156,0.6277608,0.5195786,0.9176666,0.5955414,0.7086895,0.55191964,0.666905,0.43283066,0.57946646,0.579001,0.70691967,0.67177844,0.94198585,0.56970465,0.5571877,0.29491335,0.68920356,0.7126604,0.62124735,0.65567625,0.45691577,0.5975831,0.66395545,0.6066411,0.6677506,0.63712955,0.57801276,0.5933336,0.62569404,0.6165037,0.9547529,0.6245812,0.58340913,0.6681763,0.70620817,0.8075894,0.46767417,0.7834213,0.5906775,0.54407966,0.511227,0.7302557,0.6120953,0.5905023,0.61146915,0.9478958,0.42747667,0.81978935,0.5700789,0.6270376,0.6466594,0.5088436,0.43115836,0.62460846,0.42567465,0.50760263,0.42819443,0.47492146,0.85131115,0.2847572,0.53387886,0.46822226,0.38651776,0.6022553,0.6022553,0.75515926,0.73256445,0.6071889,0.5351291,0.5321126,0.94938445,0.7035899,0.33254004,0.49505633,0.5210734,0.3897809,0.74542165,0.62633216,0.73645484,0.5908766,0.34758618,0.45552796
fm,0.6593816,0.67506945,0.6310312,0.59522325,0.7696293,0.36804307,0.6270727,0.4281951,0.92469686,0.9708408,0.7368469,0.7365961,0.7680198,0.9591706,0.7540486,0.8154525,0.7438642,0.73668647,0.78418565,0.58336616,0.69057596,0.7862287,0.72792196,0.79975206,0.68023163,0.9292614,0.6951476,0.7276052,0.67087007,0.8163875,0.7692688,0.7414161,0.71904874,0.7037405,0.9239598,0.6411655,0.76982456,0.6656702,0.57487327,0.8290113,0.7483337,0.71189135,0.5561433,0.7981036,0.79074097,0.75990385,0.6785314,0.5616084,0.65030485,0.7827583,0.7822609,0.8181283,0.7813148,0.7607851,0.93784523,0.7698966,0.44838342,0.8861417,0.7001332,0.7308775,0.7480139,0.8110095,0.6781001,0.7517576,0.6547884,0.6550268,0.73319745,0.60391104,0.67097807,0.8650873,0.9437522,0.7927187,1.0000008,0.8969097,0.7386418,0.8222172,0.87171054,0.87218434,0.8905359,0.7873415,0.7890025,0.6777521,0.81470525,0.67547894,0.8566264,0.6506695,0.7804742,0.8009273,0.73226154,0.6895435,0.53777015,0.7497602,0.9145491,0.7863501,0.95856297,0.8233908,0.67030716,0.7931098,0.6146791,0.7162986,0.9317297,0.7281622,0.7247013,0.8164811,0.7341599,0.8462848,0.9124695,0.6049705,0.7787944,0.86511177,0.6530726,0.77154,0.8362172,0.79687035,0.8889491,0.5992944,0.64074904,0.903744,0.5114528,0.42433965,0.7079954,0.7219,0.7657818,0.5929449,0.71839267,0.91838473,0.68974125,0.7870315,0.92006433,0.65655345,0.7809976,0.96449476,0.6627113,0.700119,0.8023044,0.8089144,0.67766947,0.8464148,0.73628116,0.47248447,0.64775246,0.7907735,0.6891466,0.47570717,0.7386418,0.771898,0.8163618,0.6590955,0.6782537,0.7181444,0.7065838,0.8960021,0.8681239,0.6588884,0.7256174,0.78636944,0.7963173,0.69263893,0.64569384,0.59638673,0.75707567,0.7401504,0.64268565,0.7611888,0.7331185,0.7529825,0.7991349,0.8300364,0.8954828,0.8061306,0.7037405,0.7827021,0.78037363,0.70431924,0.77990806,0.70444494,0.78674096,0.7175488,0.77958035,0.44661844,0.74084234,0.6967276,0.80978394,0.83342135,0.79069185,0.7201986,0.6763936,0.4531309,0.8706602,0.79338145,0.7569754,0.80642927,0.6627213,0.82301307,0.7880089,0.80939204,0.8471735,0.82383907,0.7485287,0.6414688,0.77549326,0.83106256,0.77972424,0.7266696,0.7037405,0.78777766,0.8699223,0.9509577,0.69712687,0.9748203,0.7618968,0.6980432,0.6858943,0.8639083,0.72821945,0.6874468,0.7535777,0.7752411,0.62850887,0.8769308,0.68421364,0.7814061,0.7211304,0.6923089,0.5698897,0.8092193,0.5278603,0.5403527,0.53088814,0.621814,0.8967326,0.4621788,0.71538824,0.74108744,0.51303786,0.8388223,0.8388223,0.90612304,0.8860685,0.82568854,0.7136103,0.651186,0.78323764,0.92138076,0.41414976,0.6193777,0.6216422,0.6101865,0.92728776,0.65856093,0.9398047,0.73239,0.58686066,0.59599096
fo,0.6794059,0.5495977,0.58817536,0.594607,0.6547677,0.5409706,0.6951774,0.5071118,0.77952933,0.8608545,0.653072,0.6687343,0.66600025,0.85334647,0.70758855,0.77086085,0.672487,0.6740138,0.6978793,0.63042104,0.69799715,0.8052024,0.774393,0.7955527,0.6994511,0.9197741,0.73805505,0.75345474,0.6327131,0.76167417,0.6752448,0.63633376,0.7701403,0.64524424,0.8963605,0.7006602,0.6832813,0.7086955,0.5232054,0.7322959,0.7173389,0.72838604,0.5984777,0.74471486,0.696242,0.77312475,0.7354951,0.6900233,0.7025067,0.78694147,0.7389447,0.6767298,0.6875619,0.64685845,0.9212897,0.7687034,0.5530811,0.80257523,0.6231985,0.62398875,0.6455659,0.8154965,0.72259474,0.78695476,0.5364902,0.51741314,0.7660536,0.66511047,0.6396934,0.953162,0.8680258,0.6879946,0.8969097,1.0000012,0.6899755,0.7336811,0.919688,0.9207899,0.813084,0.79349315,0.7997957,0.72092146,0.8785847,0.69117385,0.91217995,0.63000345,0.7711041,0.80867106,0.7301556,0.69871473,0.5159781,0.6635204,0.80641925,0.6861778,0.8586168,0.699139,0.69858587,0.7644075,0.6949117,0.61463493,0.7588433,0.6324663,0.6690767,0.7122001,0.76591885,0.8032085,0.8181554,0.7024561,0.68549466,0.821587,0.5361598,0.6831279,0.70429075,0.74138117,0.86043864,0.6385728,0.5337718,0.9107133,0.5337192,0.57032067,0.6562066,0.73007643,0.72678244,0.59623975,0.71772593,0.88642585,0.5809903,0.69134843,0.76350236,0.6498911,0.7401132,0.8654173,0.67719734,0.7562002,0.79726297,0.64718777,0.75806576,0.73256886,0.6538195,0.558892,0.7540754,0.80124414,0.7029608,0.61749184,0.6899755,0.763061,0.68678415,0.73237383,0.7000699,0.7481338,0.716887,0.73960567,0.70472974,0.6474484,0.69053084,0.6661587,0.76088744,0.6967128,0.6969864,0.6020355,0.7178925,0.77423275,0.71859777,0.7217453,0.65877116,0.67736596,0.68466324,0.71377283,0.7040743,0.6734801,0.64524424,0.7710878,0.6559012,0.7630785,0.6668465,0.7607765,0.76897275,0.7204219,0.7427664,0.5182421,0.71672606,0.68726856,0.81789833,0.74873006,0.68449277,0.72783774,0.53931934,0.52184296,0.7329804,0.6694448,0.76602024,0.759116,0.68103045,0.8468985,0.8163426,0.70678586,0.6941363,0.72636056,0.71214825,0.5311329,0.6717557,0.8396081,0.6653443,0.7502339,0.64524424,0.82707345,0.6966719,0.89553577,0.70648885,0.8359709,0.8011699,0.6189923,0.65585446,0.66541684,0.71452224,0.51408184,0.76732934,0.6669366,0.6588368,0.7768891,0.7079586,0.83643734,0.6238611,0.6380273,0.6571729,0.71518654,0.6188964,0.59957993,0.6328473,0.6913935,0.7690482,0.57365865,0.63146365,0.7178392,0.61513627,0.81690407,0.81690407,0.85819626,0.73357207,0.860639,0.66999334,0.7308762,0.6824923,0.9105655,0.5591909,0.6668529,0.70413435,0.68332845,0.79936445,0.533638,0.9254179,0.6946339,0.58812034,0.6563189
fr,0.85295665,0.5261406,0.68810844,0.687858,0.5147638,0.47428453,0.58952814,0.5218749,0.7297534,0.7256396,0.6633277,0.67167646,0.49718097,0.68633974,0.59007806,0.648041,0.6728379,0.7366584,0.60510033,0.87099665,0.6068644,0.64358556,0.58307564,0.6890155,0.74915886,0.6589132,0.6632378,0.6340104,0.5837761,0.5903341,0.5667835,0.65323764,0.71110266,0.6503978,0.6873776,0.5730905,0.7259808,0.736257,0.37703755,0.58010083,0.57403404,0.7545454,0.6967083,0.74966913,0.54901963,0.75640726,0.6642262,0.63711685,0.6070308,0.6459744,0.6198047,0.5870924,0.52814996,0.5469433,0.7149879,0.73855007,0.4881181,0.58770525,0.7345082,0.5712662,0.7073196,0.6905859,0.6227726,0.55587876,0.559378,0.529026,0.5676528,0.6286995,0.56986773,0.6315125,0.7126847,0.53339523,0.7386418,0.6899755,1.0000007,0.6307617,0.6680361,0.6937282,0.6424102,0.58992046,0.6415795,0.6786958,0.65600044,0.49134836,0.6664303,0.57235724,0.57966,0.69463885,0.6262718,0.6288704,0.6064096,0.6685678,0.67655563,0.5433937,0.83233714,0.6380334,0.6014697,0.63588786,0.7252331,0.459832,0.6443645,0.61289066,0.69234884,0.6845541,0.6670017,0.9518106,0.6729655,0.69153714,0.6265811,0.675864,0.55122566,0.6395999,0.6178596,0.9759643,0.7233703,0.5769093,0.50302106,0.63709646,0.4770331,0.59508383,0.6645651,0.6690078,0.6871412,0.5952517,0.65392995,0.69461536,0.6723827,0.5376663,0.59298736,0.6994374,0.6312612,0.66651136,0.5741868,0.66645247,0.7323385,0.55742604,0.6194856,0.672174,0.6685841,0.4630802,0.6782763,0.6896973,0.82371575,0.6054968,1.0000007,0.5025043,0.5820981,0.66056293,0.8309729,0.7174282,0.6479221,0.69813764,0.70153475,0.41191182,0.60389185,0.51927686,0.705094,0.59678763,0.6311996,0.5763317,0.9760088,0.6792472,0.514959,0.5890516,0.5807229,0.59242797,0.79955685,0.86265,0.62855846,0.6583515,0.6503978,0.59027165,0.5045013,0.6776858,0.51829606,0.6318549,0.7106421,0.9106566,0.6426398,0.56415963,0.50994617,0.36902407,0.7039633,0.5720283,0.54772514,0.7065389,0.53390217,0.69184303,0.5837166,0.6372084,0.5011787,0.60151905,0.87827057,0.6871797,0.6451199,0.5938396,0.61977327,0.5837177,0.6924371,0.6300111,0.603737,0.7135018,0.52206266,0.6115661,0.6503978,0.65182245,0.63097847,0.6891127,0.8948117,0.70312,0.66307944,0.5471643,0.5477506,0.6038516,0.5153237,0.5253793,0.68519276,0.53101254,0.85590833,0.5782136,0.5462807,0.65443885,0.60377514,0.6432613,0.69227785,0.48046386,0.69040996,0.55901027,0.6141064,0.61780775,0.5849024,0.5807912,0.47193956,0.5979131,0.57609624,0.75551146,0.75551146,0.67773443,0.6636389,0.6920829,0.6957446,0.61050653,0.5376458,0.7000098,0.58085155,0.58212066,0.63833916,0.67924905,0.70214134,0.5727749,0.69440705,0.62559706,0.550627,0.47673088
ga,0.5699485,0.6949535,0.5833872,0.5471971,0.6143098,0.35090965,0.30910242,0.35504967,0.7984841,0.88979363,0.69080234,0.6609769,0.56356114,0.73566544,0.85257286,0.8253122,0.61587715,0.5871253,0.74848366,0.5705046,0.61042064,0.53283465,0.6649661,0.6983546,0.6682248,0.80365056,0.6014776,0.6300793,0.7365986,0.6574835,0.7806726,0.8395417,0.7185746,0.56339324,0.7808392,0.63387555,0.5708353,0.6207862,0.6582986,0.68274736,0.6584476,0.7012,0.5132955,0.7253187,0.58794254,0.6417167,0.65889037,0.5444699,0.5907319,0.75899315,0.67894167,0.7357453,0.60086894,0.750252,0.8290917,0.6052417,0.54358256,0.7550033,0.62806344,0.7797986,0.674805,0.7139527,0.6148756,0.6145399,0.610919,0.71082234,0.7638157,0.69023174,0.7777488,0.63969713,0.7939205,0.6133647,0.8222172,0.7336811,0.6307617,0.9999991,0.75988895,0.7705636,0.71955633,0.66445714,0.7379166,0.55938923,0.7394178,0.70335233,0.77205235,0.7452287,0.65878516,0.6837155,0.50072074,0.66218877,0.4807243,0.70363593,0.7776447,0.5945233,0.78899086,0.6026132,0.6377556,0.8166002,0.5732496,0.48911166,0.8924876,0.68716085,0.60716933,0.74347675,0.6883902,0.7562923,0.8138326,0.5601252,0.69777524,0.72319,0.59874105,0.74900955,0.7918618,0.7016159,0.7789735,0.582589,0.69692236,0.7831735,0.63167524,0.45580062,0.7449674,0.6851244,0.711344,0.6052397,0.73303145,0.7832636,0.67987394,0.6078666,0.7821155,0.43977615,0.6738036,0.783724,0.5595664,0.6763308,0.7038463,0.7776587,0.48201483,0.77985865,0.6773545,0.2811209,0.5956652,0.7258735,0.59025913,0.4928591,0.6307617,0.6699897,0.7045959,0.6599118,0.6699457,0.62609124,0.62499946,0.792189,0.6615692,0.67309904,0.6025049,0.5924549,0.70347357,0.6345828,0.51014215,0.7144411,0.65580136,0.6469637,0.5452749,0.64351434,0.8248236,0.7111462,0.6867763,0.71609986,0.87120783,0.7642198,0.56339324,0.70919067,0.7019536,0.70336735,0.56748927,0.6410565,0.6761526,0.6405206,0.6894486,0.40151697,0.6503876,0.62816745,0.6876288,0.77563864,0.6228707,0.5595667,0.72264844,0.48491988,0.76877975,0.74785835,0.66029704,0.60249436,0.61224246,0.64073193,0.4712501,0.75442034,0.75872284,0.6603891,0.70156014,0.5688345,0.8425234,0.75424445,0.6055292,0.37259015,0.56339324,0.5341553,0.8898477,0.79308546,0.6541676,0.78660095,0.7305932,0.7108007,0.8497689,0.84771407,0.6414431,0.7352063,0.6962247,0.6312925,0.5917819,0.68913627,0.6626134,0.57519597,0.66721904,0.6170328,0.54054147,0.7359404,0.49725437,0.49883333,0.50864965,0.56063676,0.7074003,0.41989616,0.67167664,0.6568215,0.4824877,0.72743726,0.72743726,0.730407,0.81430435,0.7808315,0.64431393,0.40735734,0.6102687,0.7909416,0.4463659,0.53761846,0.57398766,0.54410213,0.7590708,0.60915446,0.79545176,0.61578226,0.6597818,0.57055706
gb-eng,0.6890545,0.5593816,0.5889565,0.57486594,0.66174006,0.6006682,0.6831769,0.53857696,0.7462418,0.86084056,0.6224927,0.68514687,0.6737564,0.8229216,0.74503005,0.7925285,0.6577785,0.66224337,0.7017447,0.6323696,0.71303976,0.78764933,0.82353485,0.7942694,0.7230694,0.92810273,0.78066504,0.78654313,0.67068106,0.7424365,0.6753941,0.6521297,0.8085563,0.7173338,0.9125827,0.74393964,0.6546999,0.7799464,0.51897347,0.7041569,0.75614613,0.7525577,0.59078205,0.7412159,0.6963599,0.77392036,0.7523303,0.7465944,0.71995133,0.8100656,0.749004,0.6565829,0.6663722,0.62465924,0.9292412,0.77728605,0.60801536,0.7969091,0.7020566,0.6559111,0.5586734,0.76638776,0.7404452,0.77192956,0.55583006,0.5364445,0.7931856,0.71226335,0.664947,0.8700739,0.8506876,0.68970716,0.87171054,0.919688,0.6680361,0.75988895,1.0000014,0.9908532,0.80187356,0.7941174,0.86058307,0.7397555,0.97751397,0.70747083,0.97704476,0.67720705,0.7995969,0.8237193,0.7532476,0.71462005,0.49202386,0.6725422,0.809017,0.6910104,0.835317,0.6477788,0.7120487,0.7858419,0.7232174,0.6184201,0.74969614,0.64591056,0.68430406,0.7226294,0.7887621,0.7875631,0.81816804,0.7409534,0.6997067,0.807657,0.5548764,0.6969701,0.7263434,0.72317404,0.87105507,0.6542647,0.54488873,0.9311096,0.59184664,0.62378097,0.6827295,0.7303972,0.7353074,0.6316652,0.7724795,0.8906889,0.59041667,0.6950266,0.7242442,0.6222126,0.76105577,0.85745573,0.69489574,0.7981641,0.808859,0.65614647,0.7516879,0.7361337,0.6509205,0.55456436,0.7979679,0.81729287,0.7128014,0.66326034,0.6680361,0.7945809,0.6734556,0.7509007,0.7160936,0.74014896,0.7259599,0.6980163,0.6559231,0.6515475,0.6811584,0.66788715,0.82001525,0.71361655,0.70317435,0.65653336,0.70841813,0.7830576,0.72774047,0.70748353,0.70193857,0.7013604,0.6920748,0.680528,0.6998037,0.6818185,0.7173338,0.8132077,0.60047436,0.79201883,0.6694492,0.7827014,0.7691546,0.7249398,0.76597697,0.5565444,0.7218043,0.64891076,0.83342457,0.7526655,0.6924974,0.73795533,0.5534829,0.5732417,0.7091464,0.67881554,0.8100195,0.7397829,0.68729305,0.8337985,0.7958064,0.6991611,0.6648657,0.70523477,0.737455,0.54185724,0.6856342,0.8574616,0.6738498,0.7261126,0.7173338,0.80918187,0.69496346,0.8979562,0.7106137,0.80236125,0.82274497,0.6300904,0.69515234,0.6653881,0.7210354,0.5307708,0.7726656,0.6755606,0.668146,0.7741807,0.7319822,0.83019364,0.6386955,0.64117795,0.70464146,0.6990981,0.6522186,0.6906084,0.6979918,0.71323043,0.736893,0.6268859,0.60398775,0.7212543,0.6318345,0.81247234,0.81247234,0.8302458,0.7340149,0.8579851,0.70051485,0.7218621,0.6884372,0.9204074,0.6141689,0.6716422,0.75133044,0.7187124,0.77323633,0.54851395,0.9318387,0.7147263,0.59783167,0.69473773
gb-nir,0.6985322,0.57321656,0.60098535,0.590728,0.65643513,0.59537715,0.6764644,0.5430801,0.75433946,0.85818917,0.6353813,0.6858502,0.67024565,0.82253546,0.75279695,0.8042842,0.6645335,0.66499996,0.6996618,0.65185565,0.71632236,0.7890358,0.81179726,0.80520254,0.7265028,0.9157358,0.7744838,0.7851436,0.67230463,0.74566483,0.681476,0.6705069,0.8179879,0.719025,0.9165753,0.73940444,0.66479295,0.7744386,0.536863,0.6962064,0.740551,0.76701915,0.61081487,0.76135826,0.6949761,0.7793587,0.74505657,0.7432616,0.7228757,0.8097621,0.7552366,0.65584564,0.6636212,0.6389673,0.9224092,0.7796308,0.6090839,0.8006329,0.6964816,0.6547195,0.56730264,0.76358455,0.74236274,0.770996,0.5503795,0.5448707,0.7886514,0.7194076,0.6734488,0.8692971,0.85339487,0.6837088,0.87218434,0.9207899,0.6937282,0.7705636,0.9908532,1.0000014,0.80739677,0.78764296,0.8581849,0.74228233,0.9675596,0.7130051,0.9729181,0.6772801,0.7789579,0.8229719,0.7500589,0.7274306,0.5178648,0.6755818,0.8109782,0.6886304,0.840179,0.66985524,0.72264254,0.7934043,0.7394396,0.61160004,0.75474656,0.6360313,0.68758696,0.72445315,0.78705406,0.80513644,0.81246954,0.74837273,0.69525635,0.8073337,0.5548991,0.69689775,0.7325419,0.7455615,0.85957485,0.6730252,0.55673575,0.9140093,0.5975254,0.63155293,0.6962767,0.73779297,0.7398106,0.62726766,0.77092487,0.87806684,0.60512745,0.6915542,0.72761923,0.6489134,0.7502385,0.84619266,0.692628,0.7973999,0.80826116,0.6480565,0.7526026,0.7370768,0.6486109,0.56274396,0.796983,0.81591284,0.7150654,0.67145026,0.6937282,0.7850253,0.6715924,0.75492746,0.72943985,0.7585695,0.7356763,0.71985966,0.6640771,0.6599703,0.6877366,0.66295576,0.8199536,0.716008,0.71560645,0.6567946,0.721674,0.7811092,0.7283348,0.7066467,0.7105202,0.6866018,0.6993276,0.70280105,0.7019277,0.6835968,0.719025,0.8094115,0.6015656,0.7984863,0.66708773,0.7851043,0.76923025,0.7491143,0.7560657,0.5501976,0.71316326,0.6566319,0.83407533,0.7498459,0.68960106,0.7412688,0.5664185,0.5818912,0.7086137,0.6757804,0.7957256,0.7342088,0.70141643,0.8336542,0.7927092,0.706324,0.68055755,0.7068864,0.73111284,0.5517358,0.6958765,0.85585654,0.67035294,0.71962416,0.719025,0.8085002,0.70072657,0.890999,0.72611326,0.80848324,0.82822216,0.6263022,0.70535773,0.66259086,0.7081723,0.5364398,0.7823335,0.6741441,0.6821285,0.76659024,0.7375075,0.82953405,0.64045507,0.64879835,0.7039374,0.70978713,0.66595113,0.68001616,0.6974431,0.71354353,0.7380676,0.62259215,0.59521186,0.72577965,0.6580069,0.81532115,0.81532115,0.8282184,0.73776233,0.8651674,0.70712197,0.7199744,0.68559957,0.91243505,0.6247359,0.6743183,0.74346536,0.71526015,0.77579826,0.5505633,0.9190908,0.722594,0.6123344,0.6866204
gb-sct,0.5594021,0.62872016,0.562253,0.48620662,0.6957949,0.28351045,0.5589133,0.3902376,0.861967,0.85678434,0.7335814,0.6430875,0.7235466,0.8665763,0.63913655,0.7265166,0.67043805,0.6134441,0.73314464,0.49452573,0.61478454,0.7039607,0.6432319,0.8251549,0.58781064,0.81033075,0.62187666,0.62309736,0.55907696,0.7217223,0.6605547,0.69122314,0.6341536,0.6229799,0.8436499,0.55878216,0.7294227,0.5656519,0.51110476,0.7775552,0.6584649,0.67483854,0.48369527,0.6947429,0.7385593,0.6728364,0.59751964,0.4888619,0.5664365,0.713156,0.72717535,0.73447084,0.7258646,0.69855267,0.81942505,0.6828719,0.3820583,0.80879873,0.6028021,0.6088805,0.60222155,0.7213457,0.5944115,0.68365455,0.5609222,0.59022945,0.6556284,0.51253784,0.5432502,0.7961337,0.8499228,0.73613274,0.8905359,0.813084,0.6424102,0.71955633,0.80187356,0.80739677,1.0000001,0.6833991,0.80487025,0.6164496,0.73162395,0.58421063,0.7853594,0.53778917,0.664253,0.70967644,0.665411,0.5919887,0.52752805,0.6754401,0.83548105,0.7271964,0.8401442,0.759406,0.5882623,0.7181798,0.55451673,0.6812977,0.82546467,0.62717754,0.6890874,0.714851,0.64749116,0.7402388,0.78698635,0.5389267,0.6643708,0.771032,0.55555516,0.6709339,0.7343536,0.6941614,0.71566206,0.7884053,0.57872206,0.77979094,0.43249616,0.37164655,0.65855294,0.6463868,0.672879,0.44839442,0.65554833,0.76027775,0.64641047,0.7327589,0.83863413,0.64670765,0.6652416,0.85164815,0.6031995,0.6103557,0.7111158,0.6953438,0.59975004,0.74746233,0.6329651,0.43213606,0.5566056,0.7000435,0.5770458,0.40507925,0.6424102,0.68821424,0.7590993,0.593667,0.5802844,0.6541674,0.63128555,0.84266067,0.79768866,0.58166456,0.649136,0.7255555,0.70319855,0.6080081,0.5422103,0.49697077,0.64151037,0.6669039,0.55437416,0.71292746,0.65750337,0.6357342,0.6853396,0.72339356,0.79173625,0.7076454,0.6229799,0.710508,0.70278263,0.6122046,0.72195446,0.6204803,0.68569374,0.6235934,0.67197853,0.40321285,0.6434479,0.6414874,0.7176083,0.74218994,0.72487795,0.63373864,0.6059487,0.39867708,0.8102891,0.69113517,0.67763036,0.731562,0.56959563,0.7548599,0.7108129,0.7228723,0.79258263,0.80685127,0.6445538,0.6022124,0.6660763,0.73711073,0.7129853,0.64837086,0.6229799,0.70375186,0.7666721,0.84079057,0.58535457,0.8967128,0.6924996,0.63657695,0.597978,0.7560923,0.6399109,0.5972445,0.6772281,0.7030428,0.53712523,0.8025068,0.61255014,0.71201676,0.6301975,0.6867672,0.53848594,0.72350717,0.4796743,0.46466377,0.46994337,0.5079059,0.8145999,0.42176566,0.53900325,0.65390533,0.48539695,0.7512122,0.7512122,0.794486,0.78383523,0.7232747,0.59894896,0.5841967,0.72302556,0.7943582,0.36621934,0.5605734,0.55576605,0.5374126,0.86558634,0.5710021,0.8147323,0.6201904,0.50481135,0.5044248
gb-wls,0.5940832,0.5549429,0.5469529,0.37895453,0.67116404,0.46490633,0.55030316,0.6656848,0.6956761,0.79011834,0.55467135,0.63347316,0.6644925,0.74058515,0.67242056,0.75561535,0.61787176,0.60014546,0.6981129,0.5607922,0.76176894,0.7768335,0.7209857,0.682938,0.68022025,0.8174844,0.6776933,0.7384237,0.7207582,0.7353798,0.68182456,0.6050861,0.70383584,0.6197945,0.7579554,0.751381,0.54324114,0.6255433,0.57527775,0.6677976,0.6873656,0.63602215,0.5221252,0.67900944,0.68440557,0.7413498,0.6878857,0.62519455,0.6983565,0.66038835,0.5947938,0.5441675,0.55152667,0.61317044,0.83650607,0.7766271,0.3856289,0.8042671,0.6284368,0.6389928,0.62343657,0.6925683,0.6998671,0.507992,0.64593947,0.48307696,0.6713804,0.62945306,0.5406105,0.7446964,0.75825167,0.68272644,0.7873415,0.79349315,0.58992046,0.66445714,0.7941174,0.78764296,0.6833991,1.0,0.70405287,0.60975254,0.77390087,0.595382,0.78754854,0.7133684,0.7986438,0.8100516,0.69154745,0.6510452,0.5115991,0.58797973,0.7148372,0.69236845,0.7559696,0.5644456,0.7186589,0.72208977,0.6072669,0.5896218,0.71517175,0.6503137,0.48952356,0.72319084,0.5799069,0.7142417,0.7432085,0.6189855,0.7586865,0.71774673,0.6434958,0.6238716,0.6725693,0.65379685,0.79036856,0.55920964,0.4980604,0.83732903,0.48895732,0.50940216,0.58305097,0.60548395,0.7432749,0.50236326,0.6749399,0.81415606,0.48901787,0.68313605,0.681154,0.527109,0.65648824,0.77722096,0.4910742,0.7155898,0.67026985,0.64200854,0.68374825,0.7162016,0.6464912,0.54219854,0.6697159,0.59716254,0.62236696,0.5740644,0.58992046,0.77157074,0.649192,0.6804508,0.6532326,0.6667194,0.605807,0.66269064,0.59265727,0.6137992,0.59552455,0.67512375,0.72208035,0.66903955,0.5447808,0.5438947,0.6291737,0.5909039,0.5343784,0.6745004,0.68533397,0.74206835,0.63199323,0.6441867,0.67133987,0.67301404,0.6197945,0.67557764,0.5425272,0.7126062,0.68058693,0.8005146,0.7314727,0.6222896,0.6662413,0.56268126,0.604707,0.6047626,0.8323607,0.6944562,0.6995099,0.58457774,0.5042025,0.50901747,0.6648759,0.6834798,0.7043154,0.6650274,0.6080701,0.6222108,0.77062184,0.67722666,0.63937134,0.68391275,0.6984147,0.6176668,0.645265,0.66235936,0.6870722,0.701675,0.6197945,0.7780505,0.66350806,0.87743056,0.6398989,0.7258886,0.6967614,0.551976,0.6546371,0.64338857,0.67228806,0.58605295,0.6817697,0.69484943,0.59165764,0.7109648,0.66314435,0.6460042,0.6593415,0.53021693,0.6047645,0.6686453,0.5289089,0.6468321,0.57490224,0.59982,0.6869954,0.47560465,0.58631617,0.57819676,0.48211917,0.6809888,0.6809888,0.76233673,0.75902724,0.77183825,0.64200526,0.64493763,0.6842169,0.81523263,0.50212425,0.6787065,0.63497055,0.5638709,0.6935531,0.63819665,0.82958186,0.64323914,0.5551315,0.63343114
gb,0.6387162,0.62492925,0.5721341,0.5808482,0.6463915,0.5441073,0.5662723,0.52677804,0.72217125,0.82271373,0.6574043,0.71822035,0.636518,0.7390568,0.7241887,0.7365791,0.6012194,0.60236704,0.6705289,0.5937598,0.64423937,0.6491082,0.74100655,0.7689148,0.66009414,0.8130952,0.74227375,0.6793689,0.6800663,0.6662185,0.63264143,0.6360394,0.7338882,0.71379834,0.8190584,0.7009786,0.63978815,0.70413697,0.44741523,0.6538697,0.6981479,0.6728079,0.59463847,0.6824367,0.6466807,0.7131182,0.6677931,0.6992913,0.63195914,0.7520694,0.73573816,0.62676495,0.6162762,0.5645319,0.8292157,0.7039327,0.55774456,0.7330824,0.66110545,0.6860659,0.6066295,0.6870019,0.64894366,0.59684443,0.63369197,0.6009422,0.7403716,0.69056463,0.6503897,0.728856,0.77510864,0.6692394,0.7890025,0.7997957,0.6415795,0.7379166,0.86058307,0.8581849,0.80487025,0.70405287,1.0000005,0.66570204,0.84415114,0.6157193,0.82388157,0.6824999,0.7399269,0.75073284,0.7246938,0.65242267,0.49116918,0.6810509,0.76667327,0.65374076,0.76182765,0.59154165,0.63688934,0.7439406,0.6995821,0.59730226,0.73624384,0.6943792,0.6775238,0.74442315,0.7238088,0.7247108,0.7688465,0.7059343,0.7091056,0.72682244,0.63058066,0.72035646,0.7090996,0.6762903,0.7691855,0.6713555,0.604329,0.80648524,0.60833454,0.60324585,0.69694597,0.6825002,0.6873938,0.5447919,0.7502367,0.7693266,0.6234228,0.66455305,0.6467864,0.57274616,0.74644196,0.76315707,0.651542,0.6976383,0.74857044,0.6975239,0.60453135,0.7395891,0.64677215,0.41120115,0.73918843,0.7479627,0.64623106,0.6081673,0.6415795,0.70595837,0.6563473,0.71088,0.6496501,0.6461956,0.679049,0.646851,0.6474729,0.6079719,0.6012014,0.6349814,0.7514345,0.6491798,0.6093759,0.66315055,0.66184354,0.7072372,0.60002184,0.6406547,0.70332354,0.70779604,0.60096854,0.6267836,0.7283044,0.7253739,0.71379834,0.7631008,0.60074735,0.70507044,0.62787855,0.70505685,0.70067954,0.695589,0.7588372,0.5374056,0.67967355,0.5955809,0.76377314,0.7133886,0.6596695,0.7031856,0.6057551,0.5573732,0.65774775,0.7160352,0.727895,0.6954771,0.6417401,0.70290947,0.6522808,0.6536392,0.61291224,0.657938,0.7225865,0.59851736,0.6452548,0.78247774,0.6471522,0.6053274,0.71379834,0.6818451,0.712723,0.7953138,0.647656,0.73447484,0.72585773,0.63471705,0.66787845,0.714481,0.6663823,0.6230077,0.6965396,0.6470977,0.6238981,0.7081704,0.6727087,0.69924027,0.68347824,0.61868167,0.6702969,0.6075964,0.6477158,0.6287113,0.67190945,0.64897555,0.6650835,0.6007355,0.49476445,0.64230967,0.55335563,0.7487873,0.7487873,0.7115638,0.7418557,0.7542829,0.60019433,0.584878,0.6562437,0.78948,0.58972496,0.60542154,0.71917665,0.67365474,0.73193115,0.626823,0.8147824,0.6225425,0.50352144,0.6132323
gd,0.7319176,0.5195047,0.65975446,0.68596184,0.46314466,0.6466443,0.77202827,0.58188015,0.5836484,0.67372936,0.5423177,0.7299417,0.49356043,0.6346609,0.5484497,0.5512775,0.5854739,0.65410596,0.56706506,0.7308864,0.66840994,0.74121755,0.72912574,0.7800115,0.709096,0.74087226,0.7567207,0.75300616,0.653732,0.60823625,0.5319396,0.46397972,0.8246491,0.71520096,0.64181155,0.6424119,0.63262933,0.73927927,0.5003891,0.48140237,0.6894901,0.7502077,0.7410791,0.72850037,0.5196463,0.7104842,0.6935281,0.7674481,0.75730217,0.6454917,0.6027084,0.4664538,0.45507568,0.49115857,0.76474273,0.7214938,0.57812047,0.6193587,0.73604214,0.5290323,0.6297045,0.6240025,0.7819366,0.5294466,0.586928,0.4694394,0.62027895,0.77448666,0.60190797,0.6716341,0.64654934,0.49846974,0.6777521,0.72092146,0.6786958,0.55938923,0.7397555,0.74228233,0.6164496,0.60975254,0.66570204,0.9999999,0.7240616,0.6935843,0.75150764,0.628829,0.707265,0.72972643,0.7083614,0.76931745,0.5453799,0.67841876,0.63609684,0.504299,0.71010274,0.5241126,0.70625454,0.6818897,0.77394056,0.42564145,0.5156093,0.6266904,0.6140298,0.69954705,0.72399956,0.7449677,0.6107558,0.76378393,0.6703046,0.66717315,0.58729565,0.6830331,0.5262339,0.7103647,0.7445767,0.6281372,0.47027642,0.7259416,0.44620848,0.7288016,0.45449015,0.6880758,0.6694331,0.59047246,0.5996005,0.7110524,0.599409,0.50474685,0.51676935,0.7416216,0.74769586,0.6589279,0.5958189,0.75863796,0.73749274,0.49174982,0.8183381,0.6382025,0.7052977,0.55388695,0.79041964,0.7278275,0.71271014,0.7086164,0.6786958,0.6636101,0.4756262,0.7994127,0.7723795,0.83190125,0.6127207,0.5770407,0.5147957,0.49421394,0.7780212,0.48815292,0.7325316,0.6550074,0.7980801,0.54029644,0.69425094,0.682762,0.6418932,0.579813,0.52065164,0.67680764,0.62924933,0.6511846,0.4873028,0.6311487,0.71520096,0.6927788,0.38185152,0.79478973,0.48045412,0.65571016,0.66008353,0.75000405,0.7528108,0.56897545,0.56569237,0.51415783,0.7381612,0.59703743,0.51272094,0.722146,0.48542067,0.639349,0.5169033,0.6158209,0.6624066,0.66274005,0.7444556,0.7403241,0.7175749,0.5314153,0.5470557,0.552849,0.6723707,0.57479095,0.52578765,0.7592017,0.46982417,0.65893054,0.71520096,0.7231985,0.54190314,0.7049496,0.75502384,0.5883191,0.6615177,0.4805266,0.5676547,0.47063106,0.59068483,0.45842695,0.64610106,0.4708704,0.7447548,0.5756998,0.6774823,0.7745557,0.6422747,0.6394708,0.7761619,0.559237,0.73011976,0.6682805,0.7386366,0.6599267,0.5217523,0.6292392,0.46530908,0.6392676,0.73442656,0.72344154,0.72344154,0.651983,0.5843743,0.7944615,0.739778,0.78015226,0.50429577,0.74797827,0.7100511,0.60850465,0.7288284,0.675398,0.5855256,0.5837124,0.7506902,0.6068032,0.58757746,0.6558947
ge,0.6949531,0.5523631,0.5887913,0.57387173,0.622376,0.64459205,0.66621536,0.56486845,0.69150865,0.8206692,0.5957645,0.6899066,0.6162731,0.7618231,0.7352242,0.7659978,0.62410897,0.6391555,0.6727372,0.64940244,0.70256805,0.7487279,0.821635,0.75416744,0.7218821,0.8905782,0.7860357,0.7737835,0.680116,0.7008297,0.64305437,0.61991215,0.81201553,0.7085264,0.8600917,0.75998396,0.61768335,0.7978359,0.4860837,0.6561173,0.7460484,0.7402729,0.60917044,0.7208377,0.6413284,0.7614017,0.7483063,0.7798722,0.7182115,0.77784616,0.70756257,0.611035,0.60582453,0.57606894,0.89726293,0.75589913,0.63423264,0.75077903,0.71272755,0.64116627,0.5433406,0.7313803,0.7365445,0.7168952,0.56179094,0.5295853,0.79281414,0.74127537,0.66304517,0.81321895,0.8015384,0.6408084,0.81470525,0.8785847,0.65600044,0.7394178,0.97751397,0.9675596,0.73162395,0.77390087,0.84415114,0.7240616,1.0000011,0.69449425,0.961722,0.690369,0.78890085,0.80905807,0.7299349,0.7162616,0.4801135,0.6637527,0.7506907,0.6464499,0.7883872,0.58873045,0.7057557,0.77154535,0.74654144,0.5639195,0.6981299,0.6445422,0.6679243,0.7117752,0.78431404,0.7638024,0.7880544,0.76773566,0.6873936,0.770646,0.55806375,0.6906221,0.69361675,0.7031876,0.86037797,0.6203617,0.5407952,0.8998762,0.6184191,0.6726794,0.671006,0.72666776,0.7146574,0.633937,0.77248764,0.86899054,0.57867455,0.6446176,0.65139633,0.60968596,0.7555704,0.8015179,0.68572384,0.809414,0.79675674,0.63025767,0.7323917,0.7123636,0.6506773,0.53773826,0.819816,0.80379236,0.70950603,0.70883024,0.65600044,0.76996887,0.62306285,0.76144177,0.7199105,0.7298645,0.70940727,0.63763034,0.598401,0.6322469,0.65204334,0.6176504,0.8067062,0.7026917,0.70041025,0.67374766,0.69439614,0.7664851,0.70810825,0.6807816,0.6878923,0.6948816,0.657633,0.64167154,0.65823364,0.6688208,0.7085264,0.7935423,0.5541734,0.7934154,0.61750317,0.7762915,0.7540571,0.72888345,0.76587653,0.5740544,0.70625174,0.60967183,0.818825,0.7199188,0.6474699,0.72171474,0.54463565,0.60683674,0.65215397,0.66483784,0.79228115,0.7104921,0.69402933,0.79692656,0.753176,0.6589388,0.60259634,0.648944,0.7320205,0.54190886,0.66715413,0.8417064,0.62932706,0.6914182,0.7085264,0.7790595,0.6584867,0.85176265,0.70869136,0.73672265,0.7954804,0.61449933,0.68679035,0.6294119,0.70781374,0.52129096,0.7513782,0.63466316,0.68004346,0.714812,0.7102254,0.78169847,0.6385434,0.613398,0.7251972,0.6428571,0.68420446,0.7269624,0.73591375,0.72386014,0.6700435,0.6495736,0.5665023,0.6952458,0.63031024,0.78883123,0.78883123,0.79533106,0.6993087,0.8403821,0.68389153,0.70316684,0.6418196,0.88945675,0.66365486,0.66285384,0.7652017,0.73232496,0.71945286,0.55258304,0.89608586,0.68548954,0.5836411,0.6890796
gf,0.4880513,0.5555699,0.5473882,0.60431755,0.41066906,0.50023425,0.62593913,0.2998634,0.58642006,0.6953595,0.4224344,0.62281704,0.44624856,0.6529597,0.6003139,0.6934947,0.37118974,0.5323246,0.63460785,0.5054436,0.53819954,0.61901027,0.6895121,0.68863934,0.5356561,0.7471404,0.6073768,0.7121243,0.606029,0.57816046,0.6868463,0.4722255,0.7832104,0.56763196,0.6416561,0.563027,0.45677555,0.6264838,0.7177148,0.5260521,0.73931587,0.68390465,0.56513345,0.78108287,0.4448129,0.5802145,0.55616534,0.6107218,0.59981143,0.59177464,0.5699162,0.5179671,0.5061525,0.48661053,0.7512431,0.49714684,0.72645795,0.7292459,0.6116525,0.63607174,0.5706551,0.54268205,0.6597962,0.6245863,0.46638334,0.5582657,0.6732548,0.69228655,0.7329172,0.631848,0.639808,0.43347278,0.67547894,0.69117385,0.49134836,0.70335233,0.70747083,0.7130051,0.58421063,0.595382,0.6157193,0.6935843,0.69449425,0.9999985,0.71532977,0.58582723,0.64392036,0.64287055,0.5424921,0.76087344,0.5038259,0.6488509,0.61172384,0.4463336,0.66061896,0.4174379,0.59267825,0.72093225,0.6136051,0.33585882,0.61434925,0.48537776,0.572281,0.6274538,0.6620221,0.63573253,0.644523,0.59101933,0.58197695,0.6225801,0.46052182,0.7106216,0.5474586,0.5884446,0.7229783,0.609587,0.561695,0.72217387,0.5273014,0.5488082,0.4644844,0.58471084,0.48332816,0.58236325,0.5850166,0.70663726,0.57302153,0.4434679,0.5914025,0.50216395,0.6550301,0.6777404,0.63866764,0.70576656,0.6309936,0.5931086,0.6383312,0.5573285,0.6209365,0.36427444,0.6448498,0.6928995,0.5089597,0.5992254,0.49134836,0.6431247,0.47854954,0.7057591,0.658724,0.7088847,0.5934244,0.64106405,0.43487927,0.7168437,0.66521245,0.4345079,0.69453084,0.6120814,0.58643746,0.6237232,0.5462575,0.59866446,0.8184552,0.6061202,0.6368266,0.63622564,0.62117094,0.6313668,0.55751866,0.5539727,0.56763196,0.7190298,0.43433776,0.79593396,0.42764652,0.5646202,0.54006445,0.62242657,0.6524509,0.17378047,0.7217663,0.6655588,0.637105,0.68560326,0.456742,0.45070872,0.5970831,0.45328727,0.55463016,0.50810486,0.67844,0.60302204,0.520993,0.6988846,0.5657427,0.6561627,0.6327383,0.5754322,0.58827573,0.37916452,0.59803593,0.7127863,0.4218766,0.49400797,0.56763196,0.6181394,0.6085079,0.65009713,0.6068423,0.58383673,0.6548723,0.49417743,0.7301742,0.53133124,0.5611622,0.53038216,0.6006946,0.4365606,0.5187917,0.50966364,0.68396837,0.6139047,0.5708137,0.58922064,0.5631614,0.73410857,0.546243,0.5635917,0.56960475,0.565999,0.54172945,0.46779245,0.5653222,0.79086864,0.6588465,0.6381924,0.6381924,0.66235125,0.650299,0.81325835,0.6552191,0.5714272,0.4532126,0.7450515,0.53174293,0.47953892,0.5678079,0.5351839,0.53956974,0.46366155,0.74004924,0.459078,0.65881956,0.6703845
gg,0.7069697,0.5621945,0.6044695,0.5833203,0.6406606,0.62681717,0.6734606,0.5640563,0.73266727,0.84677726,0.6337089,0.68411005,0.6503895,0.7986727,0.75282013,0.8018771,0.6593568,0.6612505,0.69666284,0.6582153,0.7259086,0.7802006,0.8384838,0.8019202,0.73809725,0.9181744,0.78651077,0.78643554,0.6804156,0.72912204,0.6715943,0.6573748,0.8259218,0.6846911,0.87093735,0.7606163,0.6542752,0.7816696,0.5276658,0.6802138,0.75138843,0.77195024,0.6267048,0.7386664,0.67186415,0.7785225,0.7672191,0.7718253,0.7302062,0.8212092,0.7251203,0.6586621,0.63605416,0.6248371,0.9235838,0.7761963,0.6347649,0.7868473,0.7247575,0.6335865,0.58363855,0.7573632,0.7491208,0.7656702,0.54959303,0.5315942,0.7963357,0.74048424,0.6667155,0.86160386,0.8328585,0.6688651,0.8566264,0.91217995,0.6664303,0.77205235,0.97704476,0.9729181,0.7853594,0.78754854,0.82388157,0.75150764,0.961722,0.71532977,0.999998,0.68829155,0.7932749,0.82647467,0.7122581,0.7363065,0.5276725,0.6682462,0.7804487,0.6685209,0.8212351,0.6398892,0.7256574,0.79663414,0.7487164,0.5911406,0.7335342,0.6363351,0.67973816,0.7177789,0.796689,0.7842244,0.7997318,0.7694812,0.6880571,0.8012084,0.5448609,0.68928033,0.6967179,0.7198338,0.86361694,0.6618556,0.54517937,0.92128295,0.61441654,0.66464305,0.699005,0.7526666,0.7337847,0.63247544,0.7828914,0.8765068,0.59366333,0.67444646,0.7032917,0.6343602,0.7519562,0.8387315,0.694672,0.81503654,0.8293012,0.6371387,0.7529155,0.7280204,0.6808277,0.56789416,0.81908774,0.82081735,0.72409654,0.7030042,0.6664303,0.7969004,0.656281,0.7955423,0.73875403,0.75287944,0.71752924,0.692704,0.6419618,0.6548883,0.68243307,0.64467335,0.8231516,0.722196,0.718891,0.67729366,0.69948244,0.78232956,0.73116076,0.69786984,0.7159429,0.6899703,0.6729172,0.6690154,0.6822423,0.67437,0.6846911,0.80845886,0.6077758,0.80948514,0.643919,0.79206204,0.76660854,0.7310113,0.7598399,0.5678891,0.7173687,0.64832246,0.83611053,0.74020785,0.67176974,0.7251752,0.55316305,0.60836935,0.70207673,0.6681963,0.8118274,0.7307559,0.7105425,0.8312235,0.78201586,0.6919873,0.6498564,0.6906091,0.7347015,0.54050267,0.6967031,0.86021733,0.6500631,0.7054211,0.6846911,0.8027302,0.6824288,0.8834123,0.72347283,0.78308713,0.84201473,0.62509453,0.7082706,0.6452692,0.7223374,0.51006615,0.7841745,0.6570918,0.6953494,0.7576353,0.73209596,0.83036697,0.63569015,0.6509973,0.73045754,0.6897263,0.6792585,0.70841473,0.72390497,0.7305295,0.70881236,0.6459797,0.5829461,0.7218619,0.6653266,0.8103788,0.8103788,0.8321918,0.7230099,0.8683052,0.709575,0.7189016,0.66649395,0.91205853,0.65956783,0.6810346,0.76561815,0.7313975,0.7626088,0.5444517,0.92154574,0.69770336,0.6114012,0.70401263
gh,0.59100187,0.6504806,0.55482316,0.4978525,0.5791699,0.59749734,0.50754917,0.7141725,0.5779354,0.7508492,0.60778856,0.7780659,0.51387024,0.5519456,0.6947119,0.5946257,0.5319897,0.48468593,0.56621754,0.6150955,0.83875215,0.5145752,0.71133256,0.67188424,0.62996906,0.71849656,0.68096876,0.6775339,0.9815229,0.6180012,0.6335762,0.6098979,0.7727312,0.65799385,0.59917545,0.861172,0.49267024,0.6707746,0.56642187,0.5104997,0.62573797,0.5998429,0.68099946,0.6554822,0.53078824,0.59011126,0.6733567,0.7146727,0.6694613,0.63839346,0.5874841,0.5129578,0.40425268,0.49445587,0.74578106,0.5695641,0.48399374,0.67304283,0.72280926,0.6560588,0.67566055,0.61420506,0.6696136,0.29090416,0.8343038,0.7063915,0.6783465,0.8210946,0.61000466,0.5172385,0.6765034,0.56877476,0.6506695,0.63000345,0.57235724,0.7452287,0.67720705,0.6772801,0.53778917,0.7133684,0.6824999,0.628829,0.690369,0.58582723,0.68829155,1.0000006,0.6843099,0.66788095,0.7311158,0.65679586,0.35575715,0.59946185,0.6321735,0.5500952,0.6210711,0.410322,0.76491195,0.7152336,0.72282153,0.43560046,0.66077954,0.84994847,0.43674845,0.86568475,0.7467418,0.67978406,0.7011663,0.70858455,0.8802756,0.64702594,0.8259638,0.6429107,0.6216532,0.6229416,0.74001443,0.49208108,0.69579446,0.7082594,0.6298785,0.6785612,0.6285817,0.74419284,0.7174971,0.47139907,0.69099194,0.7097968,0.51736856,0.5549094,0.50297475,0.49011385,0.7577763,0.60492724,0.37280124,0.7379544,0.6614082,0.7332094,0.5689907,0.86328274,0.75779736,0.5462777,0.7478642,0.7262822,0.59744114,0.6856523,0.57235724,0.7538719,0.5487736,0.7664989,0.6769741,0.6487159,0.65870166,0.54420036,0.43302086,0.519258,0.6092198,0.53764975,0.69632745,0.7725588,0.6217575,0.7213782,0.602851,0.5879536,0.41621011,0.5945344,0.71650267,0.88882655,0.5593674,0.54478884,0.68431824,0.84471273,0.65799385,0.63345,0.4799955,0.75126946,0.5099074,0.702743,0.68861014,0.66891515,0.76592046,0.6724779,0.504454,0.5138029,0.6624659,0.63061595,0.58539957,0.5802014,0.7144191,0.6133346,0.5044997,0.8584819,0.66078067,0.46212855,0.61813337,0.59674424,0.44487917,0.55156654,0.5403507,0.49167415,0.7357186,0.7559361,0.6687901,0.75798607,0.5610862,0.34906176,0.65799385,0.51361424,0.709595,0.72463286,0.66698724,0.5501245,0.6157234,0.6080672,0.7699639,0.6950083,0.74180216,0.65469503,0.6460422,0.5920545,0.61249775,0.57834464,0.707293,0.5371714,0.8400816,0.45318395,0.68540657,0.5728895,0.67628074,0.63373053,0.6876936,0.67088103,0.55941314,0.49709547,0.519325,0.49192816,0.47745126,0.6453323,0.6453323,0.61647534,0.71803546,0.75086766,0.6068796,0.47799116,0.5604291,0.70926166,0.66230905,0.76344615,0.6737906,0.549822,0.53354204,0.8214702,0.7202079,0.66472274,0.5561004,0.597226
gi,0.6465342,0.69518954,0.544136,0.5471771,0.66867894,0.6449517,0.6272144,0.59006166,0.6469027,0.8193612,0.6121148,0.8215314,0.615711,0.7479937,0.6418563,0.72705954,0.58409834,0.5835304,0.6071415,0.5906979,0.6180895,0.8617161,0.8061841,0.7188936,0.72067004,0.86057144,0.8358666,0.7830839,0.7062626,0.70907456,0.6108952,0.52913094,0.79078025,0.75141513,0.70961857,0.6705609,0.6014561,0.7212429,0.4705543,0.6315239,0.7590793,0.7050556,0.6638136,0.6542587,0.6387773,0.8279925,0.725989,0.7591286,0.7630816,0.67242134,0.6392293,0.58633983,0.5622172,0.5767992,0.8544182,0.8353065,0.45792466,0.7744908,0.7709693,0.63974315,0.6976217,0.69663805,0.7813207,0.45503896,0.7560836,0.5391831,0.6710542,0.7558051,0.7504884,0.6994088,0.71849847,0.6863463,0.7804742,0.7711041,0.57966,0.65878516,0.7995969,0.7789579,0.664253,0.7986438,0.7399269,0.707265,0.78890085,0.64392036,0.7932749,0.6843099,1.0000014,0.8903136,0.6856376,0.66325724,0.46946022,0.7780863,0.7243728,0.6601577,0.7300323,0.5618746,0.67896277,0.7057143,0.72258455,0.5616362,0.6923433,0.7241255,0.6878054,0.78644747,0.60994947,0.7000781,0.7932921,0.74124783,0.79327327,0.72442025,0.75222266,0.8492145,0.6615958,0.6309163,0.84819734,0.49792442,0.54433477,0.86093134,0.4581122,0.65338135,0.5788479,0.6024897,0.7208596,0.6591252,0.6934157,0.84042424,0.67816246,0.6560165,0.60845965,0.60196024,0.84423554,0.77298707,0.7103489,0.77509415,0.7561949,0.6939231,0.7751569,0.69014424,0.80299115,0.35126066,0.7978457,0.6351186,0.6705559,0.67313385,0.57966,0.7508532,0.6355428,0.77773046,0.6676971,0.75922227,0.69096625,0.5862604,0.55289567,0.6841062,0.6833677,0.65790796,0.7732254,0.6217579,0.70872843,0.4743751,0.62039024,0.6720869,0.6020979,0.64572096,0.6209539,0.75731045,0.58743757,0.5619307,0.7001518,0.7349239,0.75141513,0.753889,0.5496344,0.759553,0.6262789,0.7605989,0.71598405,0.6629216,0.8491229,0.6100184,0.76446897,0.5900447,0.91309774,0.7192393,0.66892904,0.68810177,0.54580814,0.582212,0.60064435,0.72622937,0.78479946,0.7851609,0.63872933,0.605366,0.8459183,0.71174383,0.5695709,0.6664041,0.7037729,0.67316526,0.6250283,0.6970674,0.65399843,0.8183659,0.75141513,0.86866486,0.6861353,0.8423016,0.6529902,0.6964623,0.66720635,0.514124,0.64066476,0.7024093,0.6751004,0.7131639,0.6714841,0.65478516,0.62549794,0.7136476,0.65751857,0.68973607,0.7241287,0.54958856,0.7165596,0.61229974,0.6655202,0.77146995,0.7258439,0.713732,0.61270493,0.6702599,0.5285938,0.67318094,0.5480762,0.7506149,0.7506149,0.7597851,0.8072912,0.78744894,0.637339,0.7576117,0.6555031,0.8271229,0.6456514,0.54217136,0.7908154,0.73598886,0.67704904,0.74195296,0.8578846,0.6225934,0.56133926,0.64595604
gl,0.69537455,0.6687322,0.599378,0.61424845,0.6480726,0.63764864,0.6267433,0.635523,0.69071805,0.8146035,0.6321738,0.7738419,0.638072,0.75615996,0.66729885,0.76292837,0.6196384,0.62186587,0.6351479,0.660673,0.64859456,0.8479627,0.7803778,0.7561422,0.7419933,0.836157,0.81223476,0.7452421,0.67910975,0.72348815,0.6093918,0.5933962,0.8276926,0.7415297,0.75331485,0.69827557,0.67074186,0.7509843,0.47044,0.6172304,0.72552866,0.76239264,0.71212846,0.73509705,0.65179735,0.85139555,0.70723444,0.77043754,0.76201284,0.72278297,0.68299204,0.61438024,0.57384527,0.59137446,0.85716593,0.85600233,0.48858115,0.7786793,0.7716388,0.6058842,0.6951873,0.7017847,0.77924263,0.53626674,0.6840581,0.5357024,0.69258565,0.74466777,0.71856976,0.7438166,0.7681016,0.6678589,0.8009273,0.80867106,0.69463885,0.6837155,0.8237193,0.8229719,0.70967644,0.8100516,0.75073284,0.72972643,0.80905807,0.64287055,0.82647467,0.66788095,0.8903136,1.0000004,0.68315417,0.7067572,0.5808872,0.73115355,0.7375738,0.6558485,0.77728516,0.6202136,0.71181,0.7397996,0.7741239,0.59036547,0.69783425,0.6849567,0.69919986,0.7585882,0.645209,0.77411115,0.7734421,0.78200763,0.746603,0.7538536,0.6777853,0.7851413,0.680083,0.7267872,0.8332629,0.58287567,0.54621804,0.8340989,0.4892344,0.6830604,0.6804157,0.64808637,0.7420845,0.63268584,0.7347852,0.82410336,0.66810703,0.6431381,0.62814474,0.6731819,0.7783421,0.76240975,0.70766664,0.7735124,0.7776468,0.6253246,0.77168405,0.69631135,0.7700459,0.42390782,0.81027144,0.66915935,0.6956357,0.7047099,0.69463885,0.7279907,0.66272974,0.7864379,0.7084204,0.7952275,0.7276684,0.66257,0.61918414,0.6929219,0.67017394,0.6541871,0.7881907,0.6433262,0.72104317,0.52637994,0.71094173,0.6961827,0.61849344,0.6569164,0.6475434,0.698851,0.6380345,0.6581905,0.68455124,0.7111769,0.7415297,0.7653619,0.5779722,0.766708,0.63578326,0.80593103,0.6792695,0.7670082,0.788216,0.6041029,0.72532654,0.5885776,0.9127314,0.7054018,0.658339,0.7033692,0.54842585,0.60548556,0.6185839,0.7017461,0.75048983,0.7442159,0.6950545,0.65180784,0.8430494,0.70719767,0.5773865,0.6713795,0.6760585,0.6531794,0.64289117,0.7248444,0.64646226,0.80546045,0.7415297,0.87413377,0.67661136,0.8470241,0.7079412,0.7312299,0.74064857,0.5113785,0.64987403,0.6670238,0.658402,0.64351255,0.72833496,0.65095484,0.6792709,0.69245225,0.67864656,0.73966175,0.678437,0.5945062,0.72930837,0.6212079,0.7196535,0.7320159,0.7335089,0.71836716,0.6512253,0.648026,0.46648443,0.66924876,0.6145551,0.78524184,0.78524184,0.77763486,0.77954847,0.8089496,0.6592687,0.7539077,0.64679784,0.8280245,0.6741429,0.5867946,0.7771232,0.73039436,0.7115243,0.6834999,0.8396253,0.6559022,0.56529623,0.63714695
gm,0.6289901,0.5901655,0.5623728,0.5756571,0.6264662,0.5466861,0.79299426,0.6462068,0.63677055,0.7376016,0.57967526,0.784561,0.6235164,0.7009649,0.51552254,0.5130052,0.58912593,0.57008445,0.558445,0.58725935,0.7851076,0.64624107,0.6924401,0.7094813,0.59102917,0.7509627,0.69960725,0.7104016,0.7705379,0.66941214,0.53469193,0.45459464,0.7133982,0.76075655,0.736346,0.7471256,0.63058233,0.642909,0.44943655,0.58579695,0.6524679,0.5891733,0.6416285,0.6673362,0.63650864,0.62020904,0.6303685,0.6649171,0.65726036,0.5805068,0.68529105,0.5074105,0.58825517,0.47960007,0.76319945,0.63537127,0.42900598,0.69779867,0.66383284,0.5400811,0.5895234,0.6398273,0.6714799,0.40259725,0.76601213,0.62903804,0.60308754,0.6656819,0.47023436,0.6918498,0.74631274,0.6420483,0.73226154,0.7301556,0.6262718,0.50072074,0.7532476,0.7500589,0.665411,0.69154745,0.7246938,0.7083614,0.7299349,0.5424921,0.7122581,0.7311158,0.6856376,0.68315417,1.0000006,0.63499796,0.3488503,0.6501694,0.7173256,0.6393905,0.7103625,0.5822276,0.7004338,0.6213981,0.70458895,0.5764585,0.6233082,0.784302,0.52121115,0.8438782,0.745421,0.70256877,0.71941143,0.6925545,0.8458282,0.7204671,0.7802164,0.65420383,0.5513909,0.65925264,0.7544148,0.51452565,0.622738,0.731087,0.5533801,0.5930886,0.53333837,0.6797994,0.69832087,0.44417956,0.600214,0.7345628,0.5343435,0.634645,0.5736474,0.67676365,0.78673744,0.6916952,0.46575308,0.6843422,0.6951138,0.6838599,0.6988504,0.82533354,0.65340024,0.6113663,0.7178791,0.7470595,0.62901783,0.61302227,0.6262718,0.7369151,0.592748,0.6672219,0.6364608,0.6929775,0.6538984,0.60546035,0.57671237,0.45011282,0.6629137,0.62763506,0.7113859,0.71963054,0.6775346,0.578233,0.63246775,0.655699,0.51526284,0.6425109,0.53017,0.8372074,0.59052896,0.6078652,0.62121534,0.79716015,0.76075655,0.67170984,0.425416,0.6921992,0.6220435,0.6345225,0.7051103,0.6827901,0.7827695,0.5980989,0.533661,0.55044776,0.67641973,0.6254093,0.64486575,0.7136375,0.64685297,0.5348162,0.53629047,0.7999308,0.67369187,0.5908625,0.6212631,0.7330394,0.66015536,0.5298311,0.57935846,0.57179093,0.70296293,0.7322279,0.4396107,0.77817976,0.63760376,0.6350538,0.76075655,0.65649325,0.64799654,0.7621683,0.64758277,0.66789293,0.5830858,0.6001567,0.55842876,0.6196999,0.71679175,0.5745832,0.61092496,0.62365615,0.6056827,0.6694076,0.7180999,0.6700161,0.8266451,0.51434845,0.64271456,0.5802035,0.65232235,0.5878329,0.6479958,0.63848585,0.6663489,0.5009416,0.50211674,0.5395928,0.527869,0.6664422,0.6664422,0.6693415,0.6840602,0.719701,0.6209533,0.6855353,0.63373846,0.74727964,0.57901233,0.7231053,0.6514474,0.56825715,0.62618786,0.76413006,0.75965786,0.7378481,0.45719868,0.601766
gn,0.66771036,0.6460245,0.79838985,0.6152456,0.5053942,0.54715264,0.6312786,0.55359364,0.6431361,0.7054291,0.532273,0.6896374,0.5266833,0.63706213,0.6585428,0.64511454,0.5992415,0.781162,0.6804161,0.69094133,0.6615123,0.6606668,0.6161203,0.7131598,0.5582351,0.71933246,0.68443155,0.727553,0.6731183,0.643353,0.6101957,0.57934356,0.77588654,0.6191881,0.6475017,0.6616238,0.6255215,0.70546013,0.5709892,0.53234017,0.6566048,0.6117108,0.6763202,0.88456655,0.54284257,0.69259745,0.5453009,0.69986135,0.68906957,0.62264615,0.63759273,0.5149205,0.46478504,0.57165897,0.75906247,0.63314056,0.58996284,0.6793916,0.7082001,0.61930996,0.65252745,0.59318507,0.7103379,0.51943237,0.58620983,0.5971862,0.7658884,0.7310459,0.5869864,0.618035,0.68195456,0.5245081,0.6895435,0.69871473,0.6288704,0.66218877,0.71462005,0.7274306,0.5919887,0.6510452,0.65242267,0.76931745,0.7162616,0.76087344,0.7363065,0.65679586,0.66325724,0.7067572,0.63499796,1.000001,0.5951347,0.6510124,0.62845796,0.5243932,0.7662372,0.5024728,0.805055,0.81901324,0.72420335,0.44644225,0.59597826,0.61150235,0.6094121,0.6996262,0.69563824,0.6691442,0.6467799,0.7097601,0.66765237,0.67170787,0.5748091,0.6768797,0.60183364,0.635027,0.74416566,0.59992254,0.61820906,0.70658803,0.52151644,0.67255765,0.55698013,0.6849737,0.6138625,0.45306432,0.6351371,0.7099374,0.61370647,0.5214876,0.5738801,0.64243793,0.6766073,0.6725648,0.57001066,0.72043425,0.6881188,0.5557862,0.70005095,0.65661824,0.68693405,0.48951507,0.7299118,0.7047007,0.61811393,0.69131297,0.6288704,0.6125445,0.4864554,0.75085497,0.6662151,0.7623827,0.51054025,0.64011014,0.56697184,0.6950882,0.66346794,0.5274786,0.64396846,0.65218073,0.6421708,0.6291491,0.6112647,0.61310285,0.6715755,0.62164056,0.6173338,0.6822434,0.7036457,0.74070334,0.5668638,0.6465435,0.6191881,0.740053,0.43377414,0.7642106,0.51999086,0.74017483,0.6017989,0.76173484,0.6900241,0.4225004,0.5457076,0.5208136,0.7138027,0.6809305,0.5464134,0.5598513,0.61432946,0.43823802,0.60145456,0.6269546,0.56417894,0.5953109,0.67965424,0.697754,0.6304471,0.5793732,0.5973307,0.51727307,0.68615764,0.54546064,0.6427022,0.72745126,0.513363,0.5694908,0.6191881,0.67780155,0.61612153,0.700803,0.6508937,0.61407614,0.6874995,0.43640223,0.7008766,0.54548544,0.5600857,0.5324977,0.65551454,0.5204878,0.690058,0.57787925,0.72468984,0.6516651,0.64136374,0.61246127,0.6527222,0.68087494,0.677313,0.58778256,0.65515363,0.63599354,0.58979607,0.47604555,0.54212314,0.6382817,0.64147425,0.6784346,0.6784346,0.67352486,0.64483476,0.8104369,0.7932065,0.66111803,0.52997637,0.73996764,0.6585501,0.6089004,0.64641184,0.54134,0.6246095,0.5852926,0.7292744,0.56004685,0.48752055,0.5910818
gp,0.55984205,0.38498884,0.581296,0.39337516,0.3287596,0.25099808,0.3423711,0.3697987,0.5843114,0.51910913,0.44762832,0.39923045,0.34970963,0.54142475,0.5073357,0.6003466,0.42277053,0.62776494,0.568304,0.5738547,0.399407,0.56206805,0.41190878,0.53725797,0.46649396,0.4763465,0.44763684,0.43159282,0.36029845,0.40494728,0.4587798,0.5249365,0.48390946,0.38322905,0.51155925,0.37086713,0.51085484,0.46464804,0.4158314,0.44456336,0.43055567,0.55328953,0.42582443,0.5851291,0.40036765,0.5499232,0.4258023,0.40262493,0.33255607,0.5272016,0.44546688,0.484304,0.47138104,0.43082914,0.52604306,0.5452583,0.3505812,0.51967543,0.44528127,0.4555294,0.4677255,0.45495465,0.38556847,0.44539404,0.33014733,0.31200898,0.39878353,0.42944768,0.35325652,0.48195148,0.47751144,0.35719913,0.53777015,0.5159781,0.6064096,0.4807243,0.49202386,0.5178648,0.52752805,0.5115991,0.49116918,0.5453799,0.4801135,0.5038259,0.5276725,0.35575715,0.46946022,0.5808872,0.3488503,0.5951347,0.9999999,0.42852476,0.51764894,0.37114117,0.6217831,0.443025,0.377086,0.54731363,0.4514971,0.28675136,0.48105383,0.3141724,0.49773872,0.41713202,0.37471476,0.5966953,0.41810113,0.43093127,0.35935456,0.46538943,0.31074104,0.44376686,0.45418775,0.61093175,0.48590073,0.52704734,0.31010064,0.45612547,0.33154875,0.38469914,0.48228115,0.3982607,0.41999218,0.35851824,0.4870632,0.44843462,0.4585525,0.36394995,0.4977696,0.49082217,0.37369072,0.54683244,0.49098164,0.4178984,0.49547082,0.37096697,0.41196126,0.3748798,0.42092288,0.2934884,0.4205362,0.4110999,0.5411039,0.37500322,0.6064096,0.3547351,0.4485498,0.4798871,0.5875613,0.50139743,0.31334126,0.60565794,0.57225186,0.3861015,0.48100993,0.36175346,0.47604254,0.512142,0.39411497,0.34920338,0.5878106,0.41960955,0.45287338,0.48823667,0.5309072,0.35751718,0.5395914,0.6450038,0.44628432,0.36702847,0.38322905,0.4389677,0.3832402,0.51476324,0.36760437,0.5020084,0.43331128,0.56190157,0.39306793,0.23864967,0.43991062,0.36791328,0.5382393,0.47689632,0.3717859,0.4343975,0.32930344,0.40570465,0.558714,0.33127466,0.36920258,0.52162015,0.60464925,0.4134742,0.5319611,0.6035672,0.4736344,0.5278772,0.45916685,0.389466,0.50059533,0.44310662,0.34563622,0.46601424,0.38322905,0.53347224,0.3940931,0.51049435,0.57582635,0.5322752,0.5360355,0.35877374,0.44823804,0.4079293,0.27666286,0.36336738,0.47465315,0.34949765,0.6020526,0.43329424,0.44082934,0.4937882,0.37399432,0.6600856,0.45319504,0.43740386,0.41672176,0.3880832,0.38439634,0.35632688,0.41794553,0.39360327,0.307286,0.5767634,0.4199967,0.51265365,0.51265365,0.46005163,0.53813964,0.533085,0.5219575,0.36341578,0.36443666,0.49957758,0.3781636,0.38620314,0.43687648,0.4413488,0.6122389,0.33961764,0.48562896,0.3719006,0.39361703,0.38922286
gq,0.6887729,0.8087243,0.65269965,0.67197204,0.57013065,0.509197,0.6195239,0.381508,0.7147369,0.801519,0.72009385,0.8697178,0.5004974,0.7146024,0.5927597,0.6495388,0.5892843,0.5974074,0.64701724,0.667551,0.50955355,0.65407276,0.6912502,0.7298382,0.7372108,0.75264,0.7264067,0.7360326,0.65302014,0.55629843,0.6598972,0.59072614,0.7711392,0.7186659,0.6290343,0.51146895,0.6671123,0.60839856,0.51199394,0.57162225,0.7358316,0.78336245,0.69513136,0.65872246,0.52724034,0.73629355,0.7265129,0.65591997,0.68632156,0.5713489,0.5738547,0.6175662,0.5461935,0.64938444,0.76169914,0.72099715,0.5522535,0.6663926,0.75544226,0.6589911,0.72797257,0.69502455,0.728016,0.41575277,0.7534622,0.7243939,0.610165,0.7182903,0.7856318,0.5742198,0.6997199,0.57683265,0.7497602,0.6635204,0.6685678,0.70363593,0.6725422,0.6755818,0.6754401,0.58797973,0.6810509,0.67841876,0.6637527,0.6488509,0.6682462,0.59946185,0.7780863,0.73115355,0.6501694,0.6510124,0.42852476,1.0000007,0.7127735,0.541994,0.727168,0.5781542,0.59885067,0.67554903,0.7076553,0.44209254,0.724022,0.7325033,0.7214047,0.8223076,0.65064234,0.761781,0.7510809,0.6790102,0.7696938,0.6822523,0.7431309,0.9308632,0.6605213,0.709004,0.7705991,0.52904135,0.69639885,0.71486855,0.4870743,0.5927119,0.557693,0.6278501,0.6964916,0.67239726,0.6154948,0.73034704,0.9146346,0.55108064,0.6053755,0.6773268,0.82115686,0.72204036,0.68822503,0.74059653,0.73539597,0.7360704,0.67161405,0.7198049,0.8247658,0.2305829,0.69640124,0.6845015,0.68717086,0.6099992,0.6685678,0.591999,0.64271545,0.71638477,0.71515423,0.7771767,0.6070674,0.69541293,0.5925495,0.5673152,0.7043052,0.5422343,0.7063222,0.553086,0.62528574,0.549731,0.6685092,0.6792736,0.538938,0.6254778,0.5766616,0.748192,0.6274117,0.6534579,0.7429803,0.7972319,0.7186659,0.719325,0.549416,0.7424748,0.4985299,0.52219623,0.66585815,0.67555827,0.8259966,0.49429062,0.6885809,0.51846486,0.74882925,0.63906544,0.5618712,0.7026163,0.7234258,0.63113254,0.59912634,0.7559553,0.6474361,0.7399727,0.6999043,0.642925,0.63159424,0.67149407,0.6513915,0.62771326,0.7149258,0.75616294,0.6185936,0.7130572,0.542442,0.6374716,0.7186659,0.6713513,0.80152184,0.69990563,0.7144082,0.69151855,0.58813834,0.6214043,0.64926815,0.7498329,0.5772306,0.8060086,0.60640335,0.54825175,0.6858668,0.6267604,0.6024927,0.5825905,0.76597196,0.63016105,0.701618,0.6198795,0.6540837,0.60867465,0.63660276,0.6186677,0.5827992,0.5938046,0.5192854,0.6892723,0.59767276,0.752201,0.752201,0.67238724,0.7901122,0.7309382,0.6840035,0.67832446,0.55151534,0.74143326,0.5829653,0.40718564,0.70209587,0.6856377,0.6576967,0.7576318,0.74247956,0.58231646,0.6284679,0.5673115
gr,0.60175437,0.66701895,0.5787412,0.56534386,0.7089172,0.34719363,0.5531499,0.39516905,0.8543383,0.9091894,0.7068503,0.7104151,0.7090757,0.8850119,0.7264306,0.7607154,0.68178713,0.6582218,0.7159765,0.5353353,0.6305715,0.7039134,0.67322356,0.73024845,0.62728965,0.847994,0.6493827,0.6691574,0.6466852,0.7434544,0.7035067,0.71587443,0.6623147,0.71139425,0.8845289,0.5997283,0.66023606,0.61017245,0.5376382,0.77106833,0.696665,0.6572304,0.5157476,0.7270683,0.73497,0.7088615,0.6254843,0.5297123,0.5923171,0.7418779,0.7333103,0.72978336,0.70326555,0.71475387,0.8624803,0.7070296,0.41189378,0.8168048,0.6306583,0.7291096,0.68276054,0.7511917,0.620692,0.6531628,0.6498494,0.65466756,0.680684,0.56546175,0.6379859,0.77796143,0.8707271,0.71999085,0.9145491,0.80641925,0.67655563,0.7776447,0.809017,0.8109782,0.83548105,0.7148372,0.76667327,0.63609684,0.7506907,0.61172384,0.7804487,0.6321735,0.7243728,0.7375738,0.7173256,0.62845796,0.51764894,0.7127735,0.99999994,0.71997285,0.8727322,0.73198014,0.6105528,0.73677075,0.5762448,0.6648577,0.8777032,0.70365196,0.6809333,0.7831446,0.68405795,0.77475846,0.77929807,0.56851393,0.74570835,0.8029264,0.6542785,0.73483926,0.796288,0.72806334,0.8125474,0.5618914,0.6510533,0.83505034,0.48942745,0.4018956,0.66665184,0.6658826,0.704771,0.5331696,0.7044118,0.8346066,0.6596966,0.7153287,0.8384336,0.6207206,0.7216909,0.8853663,0.6335851,0.60494095,0.7423433,0.7701231,0.5990633,0.8046418,0.67742753,0.42312533,0.60264724,0.7359229,0.6283579,0.42700914,0.67655563,0.71034306,0.78051037,0.600421,0.61898154,0.64460796,0.6640053,0.8183042,0.8017573,0.6090419,0.66905373,0.71577567,0.7330582,0.63624436,0.59998703,0.56698453,0.6868854,0.6962409,0.5595368,0.7187875,0.7015114,0.71985346,0.718676,0.7516841,0.8576255,0.7796611,0.71139425,0.7357387,0.66252035,0.6497058,0.71563625,0.6476441,0.71289724,0.6612838,0.7207645,0.4310425,0.6872653,0.65220237,0.7439346,0.76927406,0.72601354,0.6695048,0.6698389,0.4191244,0.7946777,0.7668629,0.70069,0.7325677,0.60771465,0.7293899,0.7028117,0.74349064,0.7598732,0.74731445,0.7001851,0.6328275,0.7029738,0.77384824,0.7185278,0.6430322,0.71139425,0.69862163,0.8299998,0.8693786,0.637206,0.8975264,0.68464464,0.66218007,0.6510331,0.8345536,0.6734783,0.6890074,0.7122352,0.7101986,0.5761402,0.8091887,0.6397155,0.7092861,0.68895143,0.66116667,0.5209462,0.74739265,0.4965604,0.48130652,0.5030935,0.57105243,0.8236496,0.45213068,0.6437522,0.68581253,0.47701192,0.7930038,0.7930038,0.694706,0.84335065,0.7536962,0.63638866,0.57506204,0.71596,0.83432674,0.3935453,0.54917204,0.60070574,0.5752178,0.85970783,0.652354,0.8507201,0.6982451,0.54138905,0.60430485
gs,0.47361362,0.5570536,0.4485069,0.3933834,0.9283976,0.30045432,0.47013184,0.48508823,0.73001415,0.76648986,0.5535292,0.6022336,0.9254751,0.7632126,0.5935947,0.6090993,0.62914145,0.5462529,0.598703,0.3672145,0.613995,0.65661424,0.6023046,0.62164956,0.4499812,0.7182091,0.67045903,0.5436894,0.5656459,0.7319065,0.57162374,0.54247403,0.5387905,0.5845601,0.7333837,0.5633366,0.60177016,0.528056,0.43539515,0.6504926,0.5883137,0.4180223,0.44427738,0.627156,0.9206303,0.55427366,0.45817587,0.4610217,0.5669373,0.6405941,0.6415118,0.6031865,0.6194982,0.56945616,0.72903615,0.61060274,0.20873035,0.7431704,0.57992923,0.53120875,0.5135045,0.5336469,0.5605921,0.49632066,0.5946703,0.49686533,0.591192,0.4629158,0.4672346,0.6547586,0.82556367,0.9500834,0.7863501,0.6861778,0.5433937,0.5945233,0.6910104,0.6886304,0.7271964,0.69236845,0.65374076,0.504299,0.6464499,0.4463336,0.6685209,0.5500952,0.6601577,0.6558485,0.6393905,0.5243932,0.37114117,0.541994,0.71997285,1.0000002,0.7445822,0.6578533,0.53261614,0.6213224,0.49476612,0.9002248,0.72850585,0.6414939,0.5372009,0.67652,0.5293102,0.6102603,0.7239179,0.49736995,0.6744443,0.7719669,0.6012831,0.5852236,0.6976,0.57742304,0.6874008,0.46061298,0.49384096,0.71501815,0.4004635,0.33922127,0.5907713,0.5603602,0.6123694,0.40511146,0.6245861,0.7192992,0.480505,0.96090585,0.7043881,0.518389,0.63495195,0.7485897,0.480245,0.51659226,0.5989834,0.6518519,0.5484024,0.71268564,0.587635,0.38488314,0.52430516,0.5624517,0.49306166,0.36063907,0.5433937,0.6618147,0.64006686,0.503368,0.45446524,0.54772043,0.5868982,0.65915704,0.699597,0.5559983,0.51114255,0.9588311,0.6737828,0.5026086,0.50518644,0.40933722,0.55400354,0.47247702,0.43412417,0.5470414,0.584086,0.6188811,0.5999678,0.6125776,0.7182621,0.67958015,0.5845601,0.6394359,0.61330634,0.51428527,0.9577565,0.5857583,0.7270368,0.567475,0.6348932,0.381477,0.5940622,0.6020057,0.69939274,0.66795754,0.9608227,0.54558307,0.51539934,0.28587446,0.68195873,0.68974113,0.6544732,0.65019965,0.4581472,0.6161861,0.6728047,0.584826,0.6535247,0.6436712,0.55496556,0.5473987,0.61525726,0.61910456,0.95392627,0.6309343,0.5845601,0.6766544,0.68002146,0.80180025,0.46724752,0.7805075,0.57403547,0.5304837,0.49093744,0.7001506,0.63568515,0.55392754,0.6057244,0.94182813,0.4241703,0.8253245,0.55404323,0.619174,0.6160397,0.49421495,0.42494932,0.6265685,0.43068618,0.5360733,0.43372828,0.46185148,0.86032474,0.27875638,0.532119,0.4580693,0.3836819,0.58196074,0.58196074,0.7500694,0.7088389,0.59566426,0.52935934,0.5397173,0.9629419,0.7062779,0.33423546,0.48912513,0.50645995,0.3776744,0.7391497,0.5974915,0.73136425,0.57089543,0.34198886,0.47361872
gt,0.73922604,0.62376577,0.74517524,0.6104032,0.7189334,0.344485,0.6175685,0.452017,0.92728555,0.9267985,0.70357615,0.70508,0.7291031,0.91493785,0.7573912,0.7852137,0.77794164,0.86642426,0.8142609,0.6817756,0.6782904,0.76856524,0.6831753,0.79071534,0.69570905,0.86861175,0.68120074,0.7165055,0.63962245,0.7923472,0.7461362,0.7407535,0.7097063,0.67315674,0.8952607,0.6148482,0.7981812,0.68890256,0.5495564,0.78965366,0.7207937,0.7148657,0.5636989,0.85126734,0.75803924,0.7709541,0.66407335,0.56103384,0.6408365,0.7606958,0.7591065,0.7772171,0.740575,0.73301136,0.8985932,0.77329636,0.44864494,0.83113635,0.7034234,0.73200214,0.7470222,0.7843387,0.6654401,0.7367944,0.617527,0.61371946,0.7133128,0.5947419,0.61218566,0.81726265,0.9049075,0.74214596,0.95856297,0.8586168,0.83233714,0.78899086,0.835317,0.840179,0.8401442,0.7559696,0.76182765,0.71010274,0.7883872,0.66061896,0.8212351,0.6210711,0.7300323,0.77728516,0.7103625,0.7662372,0.6217831,0.727168,0.8727322,0.7445822,1.0000015,0.79925,0.6630831,0.78811306,0.6203128,0.6774235,0.87854683,0.6936253,0.7326757,0.7778802,0.7161191,0.88831353,0.86458147,0.6030943,0.73585075,0.83415586,0.6114193,0.7352628,0.8137129,0.8699473,0.8627702,0.5979981,0.59312147,0.8496222,0.50477004,0.4435671,0.689516,0.7103263,0.75483197,0.58683443,0.6999491,0.8785697,0.68213755,0.74033284,0.8862085,0.6746514,0.7348363,0.93124646,0.6371614,0.68793726,0.79223204,0.7531341,0.67157644,0.8059669,0.7036553,0.4783582,0.6357746,0.7681884,0.75672275,0.48531556,0.83233714,0.7049889,0.76231265,0.64719737,0.748835,0.7220377,0.60883564,0.8859253,0.89104104,0.60818624,0.7177245,0.745751,0.7763322,0.6734627,0.6223869,0.5998521,0.84239924,0.71783817,0.6288647,0.7305041,0.71259254,0.71867365,0.8809849,0.9289731,0.84174854,0.7637423,0.67315674,0.7580681,0.72236943,0.6953249,0.74632037,0.69479054,0.766198,0.7740815,0.74163264,0.4412961,0.68004,0.6229248,0.7883204,0.79192305,0.75042087,0.7167695,0.63057184,0.4879387,0.8661917,0.75007963,0.68549764,0.77925366,0.755412,0.8102805,0.76935786,0.7715881,0.83533096,0.77893615,0.7577232,0.62708527,0.77600455,0.80532116,0.73456824,0.7088018,0.67315674,0.7696717,0.8205743,0.908129,0.77271116,0.9374335,0.74883294,0.6723389,0.6596468,0.8077248,0.6709534,0.6423001,0.73199767,0.7291078,0.7287542,0.8320931,0.65927786,0.7660431,0.6875296,0.7218114,0.5914836,0.7533884,0.54577345,0.5312151,0.5286907,0.60287875,0.8551324,0.45387805,0.69649136,0.71729845,0.51739925,0.82362807,0.82362807,0.8687274,0.8384,0.8070587,0.7855328,0.6454516,0.740719,0.8804732,0.42954946,0.6208142,0.612561,0.5982318,0.91913867,0.62106776,0.89201224,0.7180209,0.5559347,0.5670055
gu,0.5144624,0.56712455,0.5034356,0.4891082,0.63980895,0.20257932,0.48130596,0.33759874,0.77979684,0.7779125,0.64853954,0.6050114,0.65990365,0.7915152,0.56622875,0.6213526,0.63049984,0.59578454,0.61450946,0.43122053,0.5089724,0.6102414,0.5226737,0.64077204,0.48711592,0.689126,0.52857095,0.500644,0.4432017,0.6753886,0.48875326,0.59990776,0.48815593,0.5805778,0.73885846,0.44817743,0.82370484,0.47363716,0.32008514,0.67589253,0.53720653,0.5234638,0.4500129,0.6234551,0.68089324,0.5992131,0.46307838,0.387743,0.4541208,0.57387745,0.6197783,0.7088765,0.66704744,0.6179119,0.7073199,0.6214025,0.24764076,0.6949219,0.55446583,0.52512306,0.6231788,0.62089443,0.47565487,0.58963495,0.5265846,0.52888113,0.51141924,0.39156064,0.46064934,0.6879058,0.766068,0.6557296,0.8233908,0.699139,0.6380334,0.6026132,0.6477788,0.66985524,0.759406,0.5644456,0.59154165,0.5241126,0.58873045,0.4174379,0.6398892,0.410322,0.5618746,0.6202136,0.5822276,0.5024728,0.443025,0.5781542,0.73198014,0.6578533,0.79925,0.9999995,0.4610037,0.5673338,0.48187035,0.6553424,0.7738972,0.598985,0.62699634,0.65870166,0.5529374,0.6690425,0.764756,0.47312087,0.5813618,0.7021079,0.533872,0.59559417,0.7001685,0.6532095,0.6673451,0.42109305,0.5206792,0.6675117,0.33553487,0.2828536,0.6000007,0.5565379,0.5847751,0.38230017,0.5009771,0.69228804,0.5790417,0.6542812,0.7789271,0.67658746,0.5827431,0.76627266,0.53920597,0.5144458,0.63533616,0.6289106,0.4745553,0.69696236,0.6011133,0.372334,0.45905337,0.6092771,0.5080544,0.31835267,0.6380334,0.56478006,0.6882227,0.45458332,0.47398517,0.5468956,0.54627913,0.780637,0.7998091,0.4619549,0.5974854,0.67077285,0.61665386,0.49385327,0.54336905,0.3883771,0.5954813,0.56232065,0.41882634,0.5860512,0.53608453,0.52297497,0.5995452,0.6945004,0.7633842,0.67492956,0.5805778,0.55270815,0.69412047,0.44108874,0.6823991,0.50911546,0.62235945,0.58685565,0.5972732,0.3035193,0.584908,0.5649086,0.63218075,0.64277947,0.6465276,0.6101794,0.5535008,0.30382898,0.7517664,0.6514031,0.56961507,0.6983489,0.5160182,0.6532428,0.63652706,0.62236106,0.6758678,0.67743856,0.51766485,0.5503361,0.5948168,0.6399684,0.66088015,0.61969054,0.5805778,0.6218797,0.70727396,0.7480235,0.49378532,0.8707908,0.55047613,0.54863876,0.4234317,0.73308897,0.56102777,0.5487446,0.54102325,0.63636684,0.480503,0.73737895,0.4337938,0.61125064,0.56975365,0.5229505,0.3933218,0.57706517,0.41360512,0.36825243,0.38816965,0.45588976,0.7512461,0.3313435,0.51148087,0.54659426,0.3485726,0.6786252,0.6786252,0.75855696,0.72625846,0.584743,0.4723183,0.48155886,0.6474589,0.6905054,0.28742072,0.4337436,0.4493391,0.4724564,0.8416523,0.54953367,0.70137495,0.58740246,0.3296514,0.30781722
gw,0.61905026,0.6421467,0.60955113,0.52302754,0.549427,0.57582384,0.6003393,0.7040153,0.5701527,0.6883114,0.5478075,0.6748146,0.5223744,0.5876455,0.5733763,0.5791433,0.6072148,0.5465595,0.54758644,0.6579946,0.8177307,0.67267764,0.60672706,0.6799387,0.6388463,0.7275057,0.6799061,0.7765043,0.78081757,0.66831887,0.5888777,0.5870627,0.7797683,0.6341433,0.6380259,0.7593998,0.5312957,0.69904494,0.5664197,0.5655392,0.60345876,0.6159017,0.66991925,0.75224984,0.5380475,0.7049929,0.61840284,0.69047046,0.82029,0.60878974,0.61093915,0.3981399,0.37442896,0.6314784,0.7525773,0.66155404,0.43749696,0.6778384,0.6854652,0.57055134,0.66266924,0.63972807,0.79713064,0.40291256,0.65641236,0.58046436,0.7361392,0.73974645,0.5727529,0.6434534,0.6867736,0.54837835,0.67030716,0.69858587,0.6014697,0.6377556,0.7120487,0.72264254,0.5882623,0.7186589,0.63688934,0.70625454,0.7057557,0.59267825,0.7256574,0.76491195,0.67896277,0.71181,0.7004338,0.805055,0.377086,0.59885067,0.6105528,0.53261614,0.6630831,0.4610037,0.9999994,0.76309335,0.7131264,0.4349972,0.57993186,0.684756,0.44385335,0.7338044,0.6858253,0.68252957,0.6458379,0.6989485,0.7663492,0.65913296,0.65879595,0.6082677,0.5365815,0.6090473,0.7308552,0.61169153,0.6008366,0.7082145,0.49868965,0.6585153,0.5389819,0.7141545,0.7240643,0.41290504,0.61881906,0.72563034,0.52700615,0.53781873,0.53872895,0.5820504,0.69132245,0.6124704,0.34859827,0.722239,0.67599326,0.5436237,0.7540715,0.72544456,0.66987115,0.5845104,0.7322744,0.6677573,0.57546955,0.68790704,0.6014697,0.73329544,0.5262616,0.74694014,0.60950774,0.7707755,0.6652412,0.56779957,0.45533344,0.64539003,0.6231861,0.5236046,0.6217597,0.62612,0.6670564,0.5706919,0.59235156,0.6143268,0.52390695,0.6649657,0.5606929,0.75214124,0.61260766,0.60212845,0.54561067,0.6895513,0.6341433,0.6705729,0.40749192,0.77520275,0.51326025,0.82926226,0.6410209,0.73456097,0.6945371,0.62949145,0.37827557,0.48045653,0.72227305,0.64727545,0.56737953,0.57361686,0.5930052,0.46926975,0.50449777,0.70467806,0.54716307,0.4856161,0.62105924,0.65531975,0.63921916,0.47589406,0.5969089,0.52572054,0.7150519,0.6367595,0.565012,0.7063221,0.54157645,0.5597663,0.6341433,0.66619265,0.6259261,0.75822616,0.62516236,0.58178693,0.671369,0.42555463,0.70224243,0.5289329,0.6628424,0.52183723,0.6661033,0.5674078,0.61625373,0.5567546,0.7180227,0.6457169,0.6867349,0.44158566,0.64745283,0.67277014,0.66433775,0.5800607,0.6433266,0.6653644,0.5794246,0.4747891,0.54584074,0.44133216,0.6194288,0.67001164,0.67001164,0.65778375,0.6125753,0.7833536,0.69743174,0.70659256,0.541742,0.73730266,0.64651185,0.7481315,0.6367677,0.53510857,0.52874035,0.6529993,0.72994274,0.6782501,0.5415633,0.588472
gy,0.6040944,0.7149615,0.6630468,0.5939762,0.6413067,0.46793032,0.52752966,0.51198214,0.7526063,0.8279604,0.6433724,0.6828673,0.5968655,0.74784344,0.7607941,0.79267085,0.6274542,0.6368499,0.75264704,0.62939996,0.6825494,0.6460252,0.6511553,0.70353764,0.61648196,0.79832745,0.6898724,0.72612816,0.7203501,0.654057,0.72789264,0.78912526,0.7571155,0.63092667,0.75428474,0.70151764,0.5886702,0.7151297,0.6267812,0.6946629,0.68503475,0.67208004,0.6093051,0.81560576,0.6138503,0.71048164,0.6270939,0.6495707,0.6425358,0.74371123,0.7376252,0.6541501,0.58384097,0.6990169,0.8389914,0.685635,0.59510136,0.7422296,0.68330604,0.7002335,0.6779621,0.70866644,0.66171736,0.6003876,0.617225,0.70340776,0.8371999,0.7276085,0.6702006,0.6765693,0.78868395,0.6422992,0.7931098,0.7644075,0.63588786,0.8166002,0.7858419,0.7934043,0.7181798,0.72208977,0.7439406,0.6818897,0.77154535,0.72093225,0.79663414,0.7152336,0.7057143,0.7397996,0.6213981,0.81901324,0.54731363,0.67554903,0.73677075,0.6213224,0.78811306,0.5673338,0.76309335,1.0000005,0.6700896,0.521983,0.77055424,0.66371024,0.63453156,0.74442494,0.71057224,0.732914,0.7578192,0.6642808,0.7168876,0.7435045,0.60812837,0.7196319,0.7354501,0.6751456,0.80184186,0.6697197,0.73274463,0.78950596,0.62440825,0.5823831,0.7042825,0.70927763,0.7027083,0.5195722,0.74592423,0.7785202,0.6671281,0.6321185,0.71586245,0.5278711,0.68806404,0.76148665,0.6009323,0.727334,0.7209869,0.69698054,0.61522853,0.7375798,0.6951938,0.42076024,0.69498086,0.73549056,0.58144414,0.61324537,0.63588786,0.67353654,0.66838056,0.7477093,0.6514232,0.6956713,0.6432866,0.73328805,0.6437098,0.7327095,0.60348725,0.61562407,0.6819532,0.68658465,0.5625258,0.7068945,0.6401909,0.6848282,0.6665716,0.71083546,0.778059,0.7362772,0.6823913,0.7148371,0.7343819,0.71354103,0.63092667,0.7499035,0.5922059,0.76843446,0.5904214,0.7643003,0.6741189,0.7260771,0.70221955,0.48302627,0.57576627,0.58583635,0.74715686,0.7770166,0.6409244,0.57446504,0.7131541,0.4470729,0.7207051,0.6970605,0.632089,0.6174221,0.62827593,0.6796012,0.6195713,0.70966613,0.70580035,0.6328775,0.75800115,0.5779681,0.7492707,0.7643038,0.6232651,0.53802526,0.63092667,0.65566933,0.7559489,0.79690975,0.6452595,0.7355153,0.7753054,0.56886214,0.81621045,0.70859355,0.5723794,0.64066637,0.7573577,0.64822453,0.61981446,0.67449856,0.7496376,0.654106,0.680092,0.6799956,0.59060055,0.73880666,0.6103996,0.5631271,0.59870255,0.6173712,0.68922555,0.4840147,0.6341237,0.684268,0.5971255,0.7356542,0.7356542,0.7503397,0.77232397,0.8288027,0.7130871,0.5705672,0.6327877,0.80382466,0.5689851,0.62100637,0.6472235,0.5703238,0.7297022,0.6132521,0.80272,0.6376619,0.58355063,0.611103
hk,0.74793684,0.63905203,0.61183715,0.7699326,0.4777122,0.8701385,0.7395358,0.71839714,0.5004704,0.66538066,0.61851066,0.8487846,0.47182846,0.5545304,0.56002325,0.58568144,0.5086336,0.5202042,0.46988338,0.7606202,0.666515,0.6494789,0.78381133,0.74926597,0.6837584,0.70476186,0.84687567,0.72128725,0.72407097,0.57490814,0.44974434,0.45652372,0.87577295,0.7942364,0.56745166,0.76824826,0.6451926,0.7943116,0.3223833,0.45033073,0.6510895,0.7359418,0.9342722,0.711959,0.49032575,0.75469023,0.6829373,0.94552726,0.7498246,0.6532442,0.6102055,0.47560674,0.40269008,0.36777014,0.72831,0.7027488,0.6843729,0.57136464,0.8581971,0.474778,0.70421124,0.57216895,0.7604516,0.42177773,0.6959729,0.5901288,0.6908171,0.87602997,0.6974648,0.59378254,0.6253614,0.49170214,0.6146791,0.6949117,0.7252331,0.5732496,0.7232174,0.7394396,0.55451673,0.6072669,0.6995821,0.77394056,0.74654144,0.6136051,0.7487164,0.72282153,0.72258455,0.7741239,0.70458895,0.72420335,0.4514971,0.7076553,0.5762448,0.49476612,0.6203128,0.48187035,0.7131264,0.6700896,1.0000001,0.44162005,0.4850071,0.72153866,0.6913097,0.7689604,0.78621787,0.73771906,0.6360913,0.9630259,0.7095601,0.6490699,0.6905333,0.73292375,0.5405198,0.7122913,0.74602467,0.5648378,0.6065668,0.6843071,0.5549731,0.94117033,0.6698467,0.76043093,0.643984,0.5674772,0.7297972,0.6777477,0.66473424,0.4935297,0.34520224,0.7723161,0.7866514,0.53806674,0.6914198,0.8172393,0.7720064,0.5198455,0.73741,0.6831086,0.8307015,0.50944346,0.9536577,0.7707893,0.6942953,0.9189291,0.7252331,0.6478252,0.47369835,0.8901675,0.7346972,0.8276934,0.776715,0.4654017,0.43259674,0.55200934,0.62526095,0.46420404,0.77967536,0.65843064,0.8148325,0.65883744,0.70219666,0.71850634,0.60230255,0.5686066,0.5577928,0.67788255,0.5065853,0.5442546,0.51079655,0.7162586,0.7942364,0.7237019,0.38703275,0.79199487,0.4586933,0.7209356,0.6849808,0.87794125,0.79784584,0.6725177,0.6351248,0.47074145,0.7897058,0.55416805,0.4994909,0.71055067,0.59804493,0.7586549,0.36207268,0.6945245,0.6975931,0.5966572,0.74277925,0.69866306,0.64594203,0.48524246,0.3817943,0.44778746,0.6836979,0.6671413,0.5107879,0.79272133,0.47569034,0.6353694,0.7942364,0.70566446,0.5411027,0.62948555,0.7333443,0.5174017,0.6907017,0.45398226,0.5935494,0.5139233,0.6573544,0.5322692,0.7217142,0.48527446,0.7411294,0.5181328,0.66209847,0.68551856,0.7043171,0.5285533,0.8730721,0.43254513,0.9628887,0.8068935,0.9173614,0.82490337,0.42728558,0.7980878,0.33178535,0.5966785,0.7450824,0.7521883,0.7521883,0.6393078,0.6094737,0.76756436,0.6029817,0.7357998,0.4896067,0.705579,0.93686175,0.6195967,0.8669726,0.8237909,0.51501226,0.7002171,0.70852077,0.593535,0.4898473,0.61871827
hm,0.3764304,0.47913828,0.35817868,0.35487747,0.8484152,0.25746718,0.41527343,0.44451883,0.641709,0.685675,0.46665335,0.53287953,0.9766894,0.6948232,0.5219295,0.49841803,0.5418878,0.49835017,0.52862495,0.2520366,0.5260095,0.55866224,0.53284967,0.5423818,0.32338968,0.6318465,0.591847,0.43903616,0.44341564,0.7031862,0.4199979,0.4384309,0.4343945,0.5393431,0.6679779,0.48566288,0.6003033,0.4643494,0.2868537,0.62073255,0.47716886,0.31749004,0.38210705,0.5580352,0.90055317,0.46746272,0.3058664,0.40805337,0.48943448,0.5839908,0.59603965,0.5642257,0.5760674,0.4543674,0.63890547,0.5233782,0.12575926,0.6543913,0.51576245,0.42862228,0.46204346,0.43336937,0.47366273,0.46259063,0.5160341,0.42294833,0.54674196,0.3438092,0.34502804,0.5931171,0.76758873,0.86195904,0.7162986,0.61463493,0.459832,0.48911166,0.6184201,0.61160004,0.6812977,0.5896218,0.59730226,0.42564145,0.5639195,0.33585882,0.5911406,0.43560046,0.5616362,0.59036547,0.5764585,0.44644225,0.28675136,0.44209254,0.6648577,0.9002248,0.6774235,0.6553424,0.4349972,0.521983,0.44162005,1.0000005,0.6472039,0.59388566,0.49465275,0.5909943,0.48381197,0.4880732,0.6436374,0.45122093,0.5766271,0.7110526,0.5220378,0.48415393,0.6543686,0.4792611,0.5998663,0.3742029,0.42666626,0.635423,0.30953148,0.28562096,0.5678402,0.51541805,0.51786315,0.28401688,0.5732841,0.6239387,0.39703047,0.88354445,0.63068,0.49874875,0.54879636,0.6765031,0.44267058,0.4109899,0.53396946,0.5583616,0.45884776,0.65255547,0.5205729,0.3502133,0.4619647,0.5133848,0.39319077,0.29135913,0.459832,0.5993697,0.60966235,0.4148782,0.33317146,0.44953418,0.5334988,0.5704094,0.68786156,0.48890573,0.40892214,0.89984286,0.6067306,0.39231208,0.45456788,0.33276615,0.46073768,0.41308975,0.33979163,0.47885004,0.5053986,0.50866294,0.49537092,0.52454704,0.6531482,0.61657304,0.5393431,0.61675996,0.6384077,0.352075,0.95092404,0.51738954,0.6112063,0.5024618,0.551799,0.3004974,0.54071826,0.52684647,0.6146594,0.5789529,0.8872409,0.46073008,0.4347239,0.18649535,0.6397234,0.6340916,0.61319995,0.59995383,0.35085744,0.5749153,0.6033602,0.4539512,0.53132665,0.5624198,0.4636059,0.46556577,0.5317747,0.55951756,0.89290404,0.58814764,0.5393431,0.60965365,0.59956264,0.7201694,0.34223416,0.7342783,0.49807143,0.43664455,0.3586694,0.6390178,0.6065317,0.46172607,0.54650646,0.86514986,0.31951195,0.7742077,0.4383642,0.5686457,0.5186831,0.3788813,0.3595729,0.52896315,0.38955525,0.45510358,0.39200345,0.4148852,0.8139944,0.21365947,0.4440282,0.3304848,0.30546492,0.51592463,0.51592463,0.68543655,0.6061571,0.50149274,0.39957893,0.4799254,0.8784599,0.6291909,0.28431463,0.40905643,0.4386747,0.31528732,0.7029142,0.51998436,0.6473493,0.5113579,0.18896316,0.37310785
hn,0.54240674,0.74360037,0.5699283,0.50251806,0.74421567,0.1974478,0.39035302,0.3337216,0.9175501,0.9589646,0.74973524,0.6902717,0.70275587,0.8864757,0.79101795,0.84565854,0.6812765,0.63909405,0.7835216,0.47902387,0.61617273,0.5969029,0.6171962,0.68709743,0.5952994,0.82699126,0.5713611,0.60942733,0.6814922,0.7418195,0.79126143,0.81077665,0.6113622,0.5892032,0.8421266,0.5902363,0.6801177,0.5375023,0.6011326,0.7867943,0.6836535,0.6240489,0.44025096,0.71610695,0.72921675,0.65638673,0.5917753,0.41492724,0.51351064,0.7263722,0.7316703,0.8301441,0.7431105,0.7793223,0.84272516,0.64807403,0.39389807,0.85889286,0.6073909,0.7806414,0.7167612,0.7487222,0.5409373,0.60190535,0.69039416,0.7535968,0.6787116,0.53443635,0.6690373,0.69365025,0.87744176,0.7489691,0.9317297,0.7588433,0.6443645,0.8924876,0.74969614,0.75474656,0.82546467,0.71517175,0.73624384,0.5156093,0.6981299,0.61434925,0.7335342,0.66077954,0.6923433,0.69783425,0.6233082,0.59597826,0.48105383,0.724022,0.8777032,0.72850585,0.87854683,0.7738972,0.57993186,0.77055424,0.4850071,0.6472039,0.99999994,0.7260932,0.65102524,0.81260145,0.6263218,0.75984037,0.88821626,0.46530253,0.7738085,0.7837451,0.6863909,0.77206886,0.8656839,0.7110824,0.79496485,0.51818347,0.72637266,0.7986579,0.572658,0.28527525,0.73344004,0.63609457,0.716554,0.5232799,0.6806321,0.82252485,0.6937565,0.7356051,0.91982603,0.50007,0.7028359,0.8983718,0.55762774,0.58424985,0.7013381,0.8938453,0.446704,0.8477211,0.68991214,0.29096803,0.49468222,0.687662,0.57200533,0.33562312,0.6443645,0.69309837,0.8167726,0.543011,0.5854403,0.5594706,0.6140381,0.9002769,0.8300864,0.6436891,0.60729516,0.7379116,0.6939569,0.62694544,0.47621334,0.6375177,0.6532575,0.62523925,0.5080844,0.69965845,0.8100856,0.759845,0.7310977,0.77431786,0.980766,0.83086586,0.5892032,0.69668025,0.8106121,0.6066849,0.720058,0.6180471,0.7028943,0.59884727,0.7108796,0.3564874,0.68314266,0.6657861,0.7046354,0.8121739,0.7432542,0.6065471,0.77184814,0.36178145,0.872132,0.8097367,0.6621424,0.71237475,0.5595838,0.64659286,0.58345014,0.82088745,0.8569854,0.78677505,0.69442075,0.6504295,0.8198643,0.7257425,0.7411234,0.52572113,0.5892032,0.6016966,0.9516962,0.870022,0.59415287,0.9383658,0.68258256,0.7559181,0.7453392,0.95779616,0.6602587,0.81503344,0.6681834,0.7432449,0.5242281,0.81674427,0.6239614,0.59065366,0.74248785,0.6407821,0.42757687,0.7798549,0.39708456,0.4210185,0.39572617,0.49988267,0.8571881,0.32901114,0.693529,0.67542726,0.38153875,0.7394991,0.7394991,0.80427736,0.93482953,0.72611433,0.6169328,0.41613647,0.7330837,0.8065523,0.27649146,0.52492344,0.5022059,0.48455843,0.89089304,0.6960174,0.8274184,0.64818037,0.5606016,0.51188165
hr,0.6079444,0.7506275,0.5673288,0.5572289,0.67534816,0.54286665,0.5606522,0.6577272,0.66566217,0.81159306,0.7008573,0.89891696,0.6157717,0.6464414,0.61218876,0.50899667,0.6068291,0.53244436,0.57844037,0.5698086,0.7570377,0.52597755,0.70019734,0.6809964,0.6114783,0.7349987,0.7115226,0.63083494,0.8798194,0.6741831,0.54839253,0.55590004,0.71189624,0.7446509,0.6059602,0.76324016,0.6719251,0.6305114,0.4128975,0.6193174,0.610828,0.57222486,0.7111289,0.6389911,0.6282197,0.6002577,0.6241379,0.6849053,0.6736151,0.60664886,0.62799716,0.61709505,0.49944,0.552033,0.75256735,0.59662896,0.3556001,0.66839874,0.78797495,0.62896144,0.7670264,0.62406,0.68186975,0.25035834,0.9324031,0.7636028,0.6744388,0.7367506,0.5899253,0.52648956,0.7358506,0.6653055,0.7281622,0.6324663,0.61289066,0.68716085,0.64591056,0.6360313,0.62717754,0.6503137,0.6943792,0.6266904,0.6445422,0.48537776,0.6363351,0.84994847,0.7241255,0.6849567,0.784302,0.61150235,0.3141724,0.7325033,0.70365196,0.6414939,0.6936253,0.598985,0.684756,0.66371024,0.72153866,0.59388566,0.7260932,0.99999994,0.52574277,0.9426737,0.7499232,0.6785784,0.7724986,0.70937544,0.93245727,0.6986694,0.9235139,0.7606157,0.6862386,0.6363363,0.7732697,0.4206969,0.7448967,0.7087021,0.52966243,0.6217593,0.64311093,0.757662,0.75259554,0.45655963,0.6581082,0.7270801,0.6414266,0.64445645,0.5775807,0.63115597,0.8374562,0.6726475,0.4536574,0.6722557,0.69778126,0.7781477,0.5926355,0.9398535,0.8572685,0.45025933,0.7207704,0.7448888,0.5991045,0.60833037,0.61289066,0.72090274,0.67074496,0.7112037,0.60867614,0.68346995,0.6650573,0.6158349,0.5914261,0.5016571,0.6428241,0.6430096,0.71414703,0.6868747,0.6462533,0.6028952,0.6101085,0.6064269,0.32615194,0.62197155,0.59529805,0.9042541,0.5453143,0.5713817,0.7856459,0.9616397,0.7446509,0.6777986,0.5958429,0.62766045,0.62207854,0.6149092,0.71409017,0.6775905,0.8530948,0.6214135,0.5694525,0.53694314,0.6854025,0.6597423,0.6616251,0.66306347,0.7640608,0.55243033,0.5780421,0.9723471,0.68427277,0.5978916,0.60908514,0.63458675,0.50661975,0.5373983,0.5521931,0.53842705,0.73378855,0.83423793,0.6319163,0.7726481,0.6594876,0.48200312,0.7446509,0.55747217,0.8215949,0.75523365,0.6028856,0.68253356,0.56178415,0.6350258,0.6200941,0.8083659,0.7858347,0.7636241,0.59471685,0.6598692,0.59287965,0.67430854,0.6140952,0.55491763,0.90422606,0.48398516,0.6560842,0.5303052,0.6839231,0.6106855,0.6790044,0.6543061,0.64600277,0.49215534,0.54213864,0.43615714,0.4167216,0.693239,0.693239,0.6812781,0.76510847,0.6846187,0.5501046,0.57527316,0.64216924,0.7197925,0.61136436,0.6423048,0.68027514,0.57899487,0.6727031,0.92632127,0.73667586,0.6834633,0.42063,0.5172435
ht,0.64323485,0.63874614,0.55998456,0.70901924,0.5075788,0.48827392,0.56222665,0.29492426,0.67907596,0.7392055,0.66960955,0.71340907,0.5151085,0.7257583,0.58229804,0.7097641,0.52287364,0.60798526,0.5560891,0.59471583,0.3296913,0.65560675,0.6260565,0.6961402,0.5533578,0.6757562,0.71888536,0.57746047,0.4411353,0.5572177,0.48372415,0.5546024,0.6453995,0.6551169,0.66129243,0.44850144,0.7243702,0.6330081,0.24421144,0.56900626,0.68678606,0.67225957,0.64736986,0.65879256,0.5335078,0.7925514,0.5311705,0.630785,0.4496719,0.6478842,0.6557155,0.67674536,0.6173387,0.4434963,0.6919022,0.70929044,0.57941663,0.6511038,0.7042988,0.4886043,0.6460806,0.59388506,0.479374,0.5973997,0.53023267,0.56276965,0.55536634,0.610354,0.6856427,0.60692245,0.65319806,0.5444601,0.7247013,0.6690767,0.69234884,0.60716933,0.68430406,0.68758696,0.6890874,0.48952356,0.6775238,0.6140298,0.6679243,0.572281,0.67973816,0.43674845,0.6878054,0.69919986,0.52121115,0.6094121,0.49773872,0.7214047,0.6809333,0.5372009,0.7326757,0.62699634,0.44385335,0.63453156,0.6913097,0.49465275,0.65102524,0.52574277,0.9999998,0.6336748,0.54614556,0.69577914,0.7104062,0.67482823,0.5235705,0.6454337,0.5159691,0.77523345,0.6398175,0.68410045,0.682747,0.5062185,0.5444375,0.64135385,0.46504185,0.5793553,0.6584571,0.51489305,0.5150247,0.5881816,0.6509049,0.66953003,0.74237627,0.5254681,0.5770342,0.6367323,0.70742804,0.6964483,0.8602032,0.6175399,0.7271568,0.64575744,0.5130559,0.5450681,0.69512236,0.16292454,0.67456377,0.60600805,0.6223581,0.56299007,0.69234884,0.4892004,0.5487217,0.6332951,0.59352887,0.5930574,0.63719267,0.60691357,0.68260115,0.57724893,0.57529896,0.53714657,0.6795803,0.5022256,0.61703056,0.51196814,0.6736282,0.6685365,0.6325546,0.57180905,0.59713596,0.49551317,0.6162916,0.6315713,0.6744712,0.60084593,0.6551169,0.6868789,0.56411046,0.6288264,0.51535743,0.568152,0.57618403,0.72634894,0.71010685,0.4002589,0.764154,0.45862877,0.75770026,0.62017286,0.52481323,0.6456316,0.5656885,0.50318897,0.5951512,0.54481184,0.61022604,0.7401566,0.6365389,0.61610514,0.66314316,0.72323537,0.5611727,0.6212631,0.56246555,0.52703387,0.58112353,0.6302052,0.50559324,0.6746887,0.6551169,0.68162787,0.5938223,0.6104391,0.6177921,0.6928669,0.60871613,0.49786597,0.5307855,0.67187804,0.45753857,0.6035749,0.62953776,0.49575987,0.61746305,0.5957939,0.5358763,0.62956905,0.5574644,0.64585406,0.6096173,0.4975962,0.67540914,0.6037782,0.6124357,0.6113088,0.5333113,0.660598,0.3688962,0.7918649,0.52370745,0.74231106,0.74231106,0.65266705,0.7298453,0.6408989,0.566023,0.52807754,0.52614045,0.6679373,0.5616348,0.32927817,0.6819653,0.7455257,0.6928165,0.5341459,0.70286334,0.46882796,0.42138398,0.45097634
hu,0.6686184,0.8229045,0.6482157,0.6328104,0.6984222,0.55028373,0.66926455,0.63432693,0.7549444,0.88483775,0.76194966,0.94920486,0.64528584,0.7560601,0.6717818,0.6572911,0.64305615,0.60178727,0.6695602,0.64093703,0.79609334,0.62445325,0.7531075,0.76452935,0.67307514,0.8122185,0.7572331,0.7270532,0.9094302,0.71565926,0.6784179,0.6309723,0.7946128,0.78712404,0.6850829,0.7893513,0.7072495,0.67047673,0.53705114,0.65281695,0.7364954,0.6799329,0.75066924,0.73863274,0.6647945,0.69640875,0.70252216,0.7093005,0.6996524,0.64778244,0.67991745,0.6763121,0.5791291,0.6143733,0.8280577,0.67693913,0.4912277,0.78728056,0.8297184,0.7092987,0.81314605,0.70558226,0.7200302,0.35412806,0.94975066,0.8358613,0.69418144,0.78700894,0.68627244,0.6065439,0.806963,0.6983307,0.8164811,0.7122001,0.6845541,0.74347675,0.7226294,0.72445315,0.714851,0.72319084,0.74442315,0.69954705,0.7117752,0.6274538,0.7177789,0.86568475,0.78644747,0.7585882,0.8438782,0.6996262,0.41713202,0.8223076,0.7831446,0.67652,0.7778802,0.65870166,0.7338044,0.74442494,0.7689604,0.5909943,0.81260145,0.9426737,0.6336748,1.0000008,0.7845809,0.7761462,0.8350159,0.7493982,0.9693465,0.7658748,0.9453536,0.85131234,0.74797446,0.7268244,0.8348795,0.52088565,0.8187294,0.7805888,0.6012245,0.641687,0.6813193,0.78106946,0.77445173,0.5273806,0.7072684,0.80217195,0.7422572,0.6788957,0.67318416,0.7048552,0.88266236,0.7585996,0.55127805,0.7491626,0.7652101,0.8626305,0.6427331,0.95873594,0.9090326,0.48371994,0.75932723,0.795545,0.6642175,0.6538619,0.6845541,0.775116,0.70955914,0.77449805,0.702674,0.7504448,0.7133537,0.7388475,0.6534459,0.5801036,0.7117684,0.6740582,0.7772912,0.75178695,0.6984405,0.6963392,0.67817557,0.67517096,0.47844213,0.6910575,0.7039613,0.948445,0.6462708,0.6801819,0.8472343,0.98461276,0.78712404,0.7373386,0.638184,0.7528162,0.64894164,0.6653184,0.7618726,0.7400544,0.89339924,0.61454695,0.6577157,0.6161188,0.75814617,0.7364929,0.6960569,0.70601845,0.85317075,0.60622203,0.6468748,0.96668625,0.733281,0.67625487,0.67843425,0.7006363,0.59982544,0.66710067,0.6758714,0.64921397,0.78051364,0.8771004,0.69903624,0.8276462,0.68363315,0.57069564,0.78712404,0.6431351,0.8745862,0.8155467,0.69287854,0.7662942,0.6383299,0.69396025,0.7096905,0.8578875,0.7826107,0.8331238,0.6780654,0.68840325,0.66096437,0.72515035,0.6998737,0.60902,0.9545658,0.5895084,0.6975321,0.6512879,0.7128645,0.6445889,0.702412,0.686371,0.71057403,0.53932214,0.57606256,0.6195165,0.535871,0.7701687,0.7701687,0.7495038,0.8818865,0.78669083,0.65520626,0.61690617,0.67864555,0.7974068,0.63549435,0.6857482,0.7186998,0.63564366,0.7277267,0.9535817,0.8092483,0.7031635,0.5500096,0.5976722
id,0.6858002,0.53063595,0.5888113,0.70056474,0.5145298,0.6783388,0.75702983,0.528451,0.62230223,0.75693595,0.61654437,0.7608182,0.51862305,0.662153,0.6306512,0.56842417,0.5659118,0.5834723,0.5872479,0.66377896,0.7817308,0.51541173,0.77078855,0.727556,0.6090856,0.8138824,0.6984558,0.67067385,0.7469779,0.59066504,0.56694674,0.545617,0.7824219,0.7279587,0.69263667,0.78209907,0.6274107,0.75443256,0.4186662,0.5886692,0.61461836,0.6751914,0.72888833,0.7045533,0.5271007,0.5379205,0.6970189,0.785087,0.64977473,0.68949264,0.63925505,0.62711626,0.53161776,0.46870816,0.82524073,0.5150833,0.7140826,0.59703004,0.7663882,0.6194276,0.6707777,0.6587037,0.6765096,0.63614964,0.61371547,0.6440531,0.77253723,0.7604661,0.6049115,0.69482934,0.7780642,0.5275792,0.7341599,0.76591885,0.6670017,0.6883902,0.7887621,0.78705406,0.64749116,0.5799069,0.7238088,0.72399956,0.78431404,0.6620221,0.796689,0.7467418,0.60994947,0.645209,0.745421,0.69563824,0.37471476,0.65064234,0.68405795,0.5293102,0.7161191,0.5529374,0.6858253,0.71057224,0.78621787,0.48381197,0.6263218,0.7499232,0.54614556,0.7845809,1.0000014,0.7396405,0.71957463,0.79654366,0.71965,0.731183,0.60545385,0.63401115,0.62483066,0.69390994,0.81020904,0.5663121,0.6539463,0.7944615,0.58975554,0.7228606,0.6665162,0.90414155,0.6063358,0.5256324,0.7168761,0.78442967,0.56799626,0.5491612,0.54722136,0.65629536,0.75497353,0.6764972,0.54848075,0.77590424,0.76890534,0.61853635,0.6497519,0.8110797,0.7569702,0.625159,0.8237382,0.9926834,0.68031466,0.73772067,0.6670017,0.72974217,0.56787425,0.7959839,0.70138776,0.71072197,0.71915185,0.60160583,0.5448388,0.44080243,0.6403189,0.49502182,0.7725423,0.75016123,0.71756065,0.7807936,0.6829127,0.7662811,0.6353251,0.6413174,0.60840136,0.7515692,0.58143365,0.60548544,0.617473,0.7629654,0.7279587,0.73964,0.52406156,0.75771105,0.49691093,0.6173939,0.7255701,0.7580396,0.77048326,0.5429244,0.572259,0.5629293,0.5675361,0.65024996,0.5423334,0.6785799,0.66307217,0.6262037,0.544692,0.7519278,0.72705626,0.5498979,0.6860434,0.8787359,0.5167297,0.46006915,0.48952332,0.5063034,0.76512104,0.5725703,0.5973395,0.9800124,0.51671433,0.4661925,0.7279587,0.5648393,0.661142,0.71155024,0.6958533,0.65395135,0.7164586,0.626197,0.62870693,0.60399663,0.7694875,0.45578322,0.70551,0.5252585,0.675204,0.62649727,0.67845684,0.7096029,0.7027773,0.5876571,0.7473295,0.56221634,0.74268764,0.58470124,0.75799465,0.72696656,0.62433946,0.5907401,0.54889,0.6038705,0.63491946,0.78473383,0.78473383,0.7161256,0.6118705,0.78809553,0.6359717,0.621253,0.5357158,0.81435937,0.71328837,0.7101332,0.71669596,0.6707186,0.63029647,0.6131918,0.7989214,0.6324737,0.51557225,0.6395431
ie,0.8253502,0.5956143,0.7205759,0.68170637,0.5906197,0.49583137,0.6556619,0.52078146,0.80616176,0.83783126,0.7190454,0.73605734,0.55718267,0.7904738,0.67901707,0.7483835,0.7034828,0.723556,0.70777345,0.85302633,0.6997046,0.74072605,0.6905596,0.7930178,0.84345907,0.8024306,0.71977794,0.7540381,0.69995916,0.6715127,0.7195661,0.7317338,0.8129502,0.70097387,0.79060084,0.650489,0.7129846,0.7586289,0.5576431,0.6621389,0.7021537,0.84325254,0.6960117,0.79645205,0.6088842,0.8096317,0.81018114,0.67200273,0.70164055,0.7194297,0.68028,0.65758514,0.60524607,0.66947085,0.84202766,0.8036591,0.5552952,0.7163102,0.76006114,0.691123,0.7422281,0.8086935,0.72646224,0.6381172,0.62961376,0.6021509,0.65241164,0.7172463,0.6915824,0.74699503,0.8121874,0.61195374,0.8462848,0.8032085,0.9518106,0.7562923,0.7875631,0.80513644,0.7402388,0.7142417,0.7247108,0.7449677,0.7638024,0.63573253,0.7842244,0.67978406,0.7000781,0.77411115,0.70256877,0.6691442,0.5966953,0.761781,0.77475846,0.6102603,0.88831353,0.6690425,0.68252957,0.732914,0.73771906,0.4880732,0.75984037,0.6785784,0.69577914,0.7761462,0.7396405,1.0,0.78058493,0.7080821,0.736852,0.76412666,0.6238856,0.7390951,0.6927808,0.98228174,0.82644105,0.6536878,0.5756962,0.7806052,0.5434308,0.5960639,0.67187524,0.72661245,0.78833294,0.68395334,0.70534974,0.81668013,0.72946733,0.6110587,0.7150648,0.70038754,0.72956574,0.7873226,0.6153747,0.7711202,0.80142003,0.6702762,0.7206248,0.7617534,0.7333993,0.51213545,0.72522223,0.76891917,0.8287214,0.6340236,0.9518106,0.6351876,0.6657284,0.74237907,0.8803662,0.80468893,0.70382017,0.79684687,0.71429574,0.50975734,0.71008664,0.5879892,0.7769917,0.6962122,0.6787328,0.64380825,0.96106315,0.7544395,0.611262,0.6791943,0.6735991,0.7192104,0.84487206,0.88972604,0.72313166,0.73826635,0.70097387,0.6790296,0.57418,0.8019228,0.5726449,0.6919731,0.7868197,0.8731994,0.73694897,0.601162,0.6006786,0.49786997,0.78243214,0.6843196,0.62153584,0.7527922,0.6141969,0.7305311,0.6721614,0.7174064,0.61956215,0.67820334,0.86307955,0.7679468,0.72207206,0.71290344,0.74804485,0.6885916,0.76880324,0.6871008,0.6896222,0.8013345,0.5907741,0.6594359,0.70097387,0.72896075,0.74685764,0.81424123,0.92012423,0.7913607,0.7457149,0.6466984,0.67678726,0.6933098,0.6087082,0.6178316,0.7465817,0.6074674,0.8387739,0.67425376,0.6525609,0.7319201,0.6958334,0.6891344,0.73482394,0.63444483,0.67811,0.60411495,0.6391069,0.6586666,0.68566114,0.596468,0.59555316,0.70796484,0.6340301,0.83156276,0.83156276,0.77839994,0.7686443,0.82128876,0.7609638,0.6856012,0.6118542,0.8284557,0.58317065,0.6618173,0.68513036,0.70784533,0.7580329,0.6384591,0.82668626,0.7066144,0.6975906,0.5930888
il,0.6223078,0.70703226,0.5787677,0.59523827,0.7397122,0.42928052,0.5725102,0.44917557,0.83461136,0.9322429,0.70780104,0.7766221,0.6894914,0.8646352,0.7376745,0.7754289,0.66633576,0.6513239,0.71473646,0.55557346,0.66477257,0.7014947,0.7289296,0.7491398,0.64975685,0.8814391,0.7028399,0.69789,0.7218125,0.7519623,0.7206021,0.7021855,0.7149043,0.7002039,0.8350565,0.65721065,0.7510092,0.6577462,0.51127154,0.75078017,0.7405921,0.6704831,0.581045,0.73357964,0.70364636,0.7239942,0.6655978,0.5961857,0.6177035,0.7268629,0.75973934,0.8067079,0.7562613,0.6761642,0.888153,0.72087175,0.47120774,0.8277452,0.71682614,0.71224016,0.73427594,0.7565212,0.6419602,0.6265161,0.7172278,0.69054866,0.720405,0.6820424,0.7094661,0.75863945,0.8700629,0.74831605,0.9124695,0.8181554,0.6729655,0.8138326,0.81816804,0.81246954,0.78698635,0.7432085,0.7688465,0.6107558,0.7880544,0.644523,0.7997318,0.7011663,0.7932921,0.7734421,0.71941143,0.6467799,0.41810113,0.7510809,0.77929807,0.7239179,0.86458147,0.764756,0.6458379,0.7578192,0.6360913,0.6436374,0.88821626,0.7724986,0.7104062,0.8350159,0.71957463,0.78058493,0.9999996,0.6314205,0.79936904,0.79937774,0.71583056,0.8102561,0.80039537,0.72621846,0.86046684,0.51582503,0.6785264,0.8536829,0.600376,0.47793356,0.74072844,0.6957699,0.7535975,0.610358,0.6914613,0.8744433,0.6908958,0.73052764,0.8111936,0.5567171,0.83635783,0.87370044,0.64743155,0.73497176,0.7561144,0.8490978,0.6124673,0.8414573,0.7597736,0.3369583,0.6723334,0.76452893,0.647054,0.53378296,0.6729655,0.7468941,0.7697392,0.67378175,0.6404297,0.669675,0.7085708,0.79517287,0.75967485,0.640192,0.66928214,0.7318114,0.7719446,0.67835915,0.6123433,0.61889523,0.6935454,0.71358114,0.6014165,0.6967557,0.7407875,0.7786559,0.7071214,0.7239317,0.88086057,0.83028144,0.7002039,0.7562556,0.7397347,0.68992037,0.7023117,0.6764399,0.7513926,0.68690324,0.83772635,0.47580445,0.7314218,0.6609966,0.78219885,0.79026866,0.73732036,0.69879806,0.7067577,0.47638386,0.7795438,0.8166121,0.74693763,0.7533802,0.6222629,0.73432636,0.692661,0.78536505,0.77092135,0.7407822,0.7335029,0.66435176,0.74964565,0.79991597,0.73344386,0.64641166,0.7002039,0.7090366,0.85700333,0.88427275,0.6507858,0.8775947,0.70832515,0.7130063,0.717237,0.86792785,0.7169049,0.7315532,0.6757396,0.73437464,0.5926101,0.8104216,0.68857557,0.68461066,0.7849821,0.6071008,0.58277225,0.7263911,0.5658786,0.57132035,0.5800592,0.6359336,0.8008468,0.49010417,0.6621864,0.697522,0.46219465,0.7841007,0.7841007,0.9107006,0.8726065,0.7822407,0.6566347,0.5812965,0.7298737,0.8644836,0.46610832,0.58231896,0.64652854,0.6209258,0.8320265,0.7163764,0.89217657,0.68574643,0.5494873,0.52960336
im,0.74154615,0.60376513,0.57609713,0.7344166,0.48062688,0.9020873,0.7398098,0.720403,0.4735775,0.6512341,0.58887994,0.83635086,0.47345045,0.5459551,0.5609165,0.5809824,0.4977723,0.507048,0.4597756,0.7429029,0.66435045,0.6492342,0.8065055,0.720336,0.6772152,0.7186981,0.8633855,0.7211603,0.71202385,0.5696395,0.42309928,0.44008228,0.86171067,0.7936158,0.56507945,0.7832471,0.6231735,0.82219523,0.27738467,0.45159343,0.64443016,0.71931773,0.9114429,0.6773226,0.48846298,0.7510411,0.6960838,0.9689893,0.74388915,0.657861,0.5964123,0.4731747,0.39335075,0.34568712,0.73676395,0.70629984,0.69381016,0.55889463,0.86205864,0.47029883,0.6791406,0.5654485,0.753787,0.43872833,0.6736806,0.5444544,0.70941216,0.86967725,0.68022144,0.60263014,0.61902153,0.49467018,0.6049705,0.7024561,0.69153714,0.5601252,0.7409534,0.74837273,0.5389267,0.6189855,0.7059343,0.76378393,0.76773566,0.59101933,0.7694812,0.70858455,0.74124783,0.78200763,0.6925545,0.7097601,0.43093127,0.6790102,0.56851393,0.49736995,0.6030943,0.47312087,0.6989485,0.6642808,0.9630259,0.45122093,0.46530253,0.70937544,0.67482823,0.7493982,0.79654366,0.7080821,0.6314205,1.0000002,0.6885884,0.6462177,0.6694833,0.7062221,0.5339664,0.6772727,0.75313985,0.54437214,0.586421,0.71943533,0.5545583,0.9505988,0.6626633,0.7632265,0.63452053,0.5725608,0.74438727,0.6949695,0.6296542,0.4983055,0.32452708,0.74922144,0.776346,0.5311483,0.7052239,0.8202181,0.7765318,0.49430624,0.73484933,0.66811097,0.826596,0.5290245,0.9723368,0.7789264,0.69491976,0.9318887,0.69153714,0.6595466,0.46098143,0.90306914,0.71796113,0.7901014,0.77150494,0.4269232,0.41755873,0.5466124,0.60333663,0.4638465,0.78571236,0.6551299,0.81392574,0.65991485,0.67217463,0.7239909,0.60461736,0.5592123,0.5527517,0.66011846,0.47211117,0.49897638,0.48934954,0.6972078,0.7936158,0.7301539,0.38603365,0.78460395,0.45977134,0.7335486,0.68615395,0.85362506,0.7916208,0.68847054,0.6420042,0.46786708,0.7928077,0.5516892,0.5006609,0.7005453,0.55864227,0.7487935,0.3576607,0.67624825,0.72186804,0.6047804,0.7328264,0.70333034,0.65342987,0.46465188,0.33004677,0.43810016,0.68500775,0.6335938,0.5005576,0.8006896,0.4789109,0.6460097,0.7936158,0.7122796,0.5135613,0.64287806,0.7077495,0.50684,0.70004153,0.43744075,0.56756544,0.49213475,0.66051084,0.4866264,0.70997673,0.4851302,0.7324154,0.5215676,0.6519151,0.6903579,0.67791677,0.5179864,0.87920934,0.40173864,0.9483976,0.82611066,0.94518083,0.8298692,0.4156859,0.8247974,0.32845938,0.5868668,0.7305355,0.7506176,0.7506176,0.6376219,0.5895517,0.76009345,0.5854343,0.7350729,0.49169272,0.71861374,0.94878143,0.6140965,0.88665134,0.8456601,0.5110819,0.6771631,0.7217264,0.57135457,0.46184748,0.6317199
in,0.6262244,0.787183,0.603701,0.54243714,0.70127624,0.5205711,0.6229471,0.6711242,0.7084856,0.8431556,0.69220746,0.88738155,0.6395144,0.7077861,0.6337875,0.6155842,0.6355789,0.5697488,0.6380436,0.60105246,0.81827533,0.63619596,0.7236733,0.71843773,0.67139614,0.7892487,0.72018987,0.7417729,0.9259828,0.73566896,0.68603134,0.5838502,0.77808553,0.73873496,0.6581568,0.80261135,0.6312015,0.6399064,0.5730004,0.6205739,0.6826308,0.630019,0.69015515,0.70267916,0.6597615,0.66501737,0.68204224,0.66851985,0.73473054,0.6116165,0.64456743,0.6019422,0.5183371,0.6160397,0.80153954,0.67075825,0.38170803,0.77572584,0.7739762,0.70055217,0.7607356,0.6843763,0.7432409,0.26601428,0.9483826,0.77616423,0.6715015,0.74770784,0.62769425,0.5889104,0.7718731,0.69810563,0.7787944,0.68549466,0.6265811,0.69777524,0.6997067,0.69525635,0.6643708,0.7586865,0.7091056,0.6703046,0.6873936,0.58197695,0.6880571,0.8802756,0.79327327,0.746603,0.8458282,0.66765237,0.35935456,0.7696938,0.74570835,0.6744443,0.73585075,0.5813618,0.7663492,0.7168876,0.7095601,0.5766271,0.7738085,0.93245727,0.5235705,0.9693465,0.71965,0.736852,0.79936904,0.6885884,1.0000004,0.73125714,0.946388,0.79794943,0.7007635,0.6806598,0.8049756,0.49610353,0.7559127,0.7609642,0.5705508,0.5925913,0.60905,0.73361355,0.8056161,0.5037317,0.6613971,0.7839598,0.65846807,0.67433876,0.64335763,0.6182818,0.8523658,0.7290304,0.44409883,0.7285144,0.71046275,0.82035947,0.67511916,0.93922865,0.8489409,0.5021263,0.71731114,0.7209299,0.63549685,0.6147006,0.6265811,0.7856268,0.668919,0.73677593,0.67631716,0.736746,0.6764856,0.6893929,0.5924627,0.58311987,0.67904043,0.67384905,0.73704904,0.73883486,0.65027386,0.6373209,0.6412905,0.6100038,0.41699475,0.65256286,0.6551776,0.970736,0.63397866,0.6403825,0.7944592,0.95089287,0.73873496,0.6885072,0.57287365,0.7266366,0.64830506,0.6924571,0.74424297,0.6832966,0.8553429,0.64574635,0.58155155,0.58863276,0.75016785,0.7012828,0.69747174,0.667357,0.7894224,0.5709915,0.60203516,0.95704645,0.7045108,0.62136203,0.6333061,0.63668597,0.61446875,0.6280746,0.66609967,0.6134373,0.7631006,0.8655125,0.6559146,0.76437956,0.6854691,0.5739043,0.73873496,0.64611965,0.8522487,0.82249,0.6701076,0.712144,0.61321115,0.65233886,0.7060738,0.8039921,0.78023523,0.8168292,0.64367586,0.6932767,0.61739635,0.706717,0.696755,0.58502716,0.94157535,0.49874747,0.65598834,0.65521556,0.65445983,0.62914044,0.6528479,0.6526353,0.69521105,0.47206414,0.5896397,0.5239852,0.48357886,0.7080881,0.7080881,0.7232872,0.8365713,0.7662253,0.64881146,0.6520869,0.67508334,0.773545,0.58083105,0.70250267,0.6746537,0.55875915,0.6636436,0.94579756,0.791392,0.71588653,0.5630278,0.6085408
io,0.62165534,0.6212434,0.588199,0.58228993,0.7401798,0.45601302,0.6267505,0.4693251,0.7792278,0.8536761,0.6571472,0.71429265,0.75494385,0.829605,0.6629161,0.70479584,0.6592705,0.64394844,0.68414706,0.5714316,0.67481816,0.7083107,0.7005737,0.7413075,0.63004357,0.84329045,0.72089136,0.68484914,0.6625419,0.7418581,0.6630658,0.6429456,0.7109654,0.6560911,0.79705244,0.65244275,0.6756673,0.66257054,0.5061466,0.7046609,0.6671535,0.65286636,0.58639425,0.74426407,0.78141284,0.6960566,0.64073324,0.612174,0.63949114,0.71775806,0.696647,0.72286457,0.6809411,0.6461191,0.8516006,0.6986799,0.4655221,0.7728317,0.6965312,0.61083585,0.6626999,0.7193046,0.66206217,0.6470411,0.6278789,0.6020259,0.7137126,0.63011324,0.62174857,0.77992797,0.89343244,0.7616791,0.86511177,0.821587,0.675864,0.72319,0.807657,0.8073337,0.771032,0.71774673,0.72682244,0.66717315,0.770646,0.6225801,0.8012084,0.64702594,0.72442025,0.7538536,0.7204671,0.67170787,0.46538943,0.6822523,0.8029264,0.7719669,0.83415586,0.7021079,0.65913296,0.7435045,0.6490699,0.7110526,0.7837451,0.6986694,0.6454337,0.7658748,0.731183,0.76412666,0.79937774,0.6462177,0.73125714,0.99999976,0.6244576,0.70619744,0.7066498,0.7161913,0.81690186,0.5644614,0.6010278,0.8265965,0.53245723,0.5057452,0.6711858,0.7083314,0.70021874,0.52560735,0.7174754,0.83273995,0.62054104,0.76832104,0.75022924,0.6309501,0.73378927,0.8250593,0.6162339,0.6803235,0.79179615,0.7188516,0.66276973,0.78254974,0.7033286,0.48243728,0.67986214,0.7658086,0.63290733,0.5458674,0.675864,0.70923936,0.69616324,0.67737824,0.63107085,0.69632506,0.6861145,0.74613917,0.71911645,0.61036426,0.6496591,0.76557577,0.7380996,0.66932744,0.63959926,0.5840866,0.6859373,0.71284145,0.6143794,0.6656685,0.66009235,0.71153814,0.6929042,0.7176599,0.75849384,0.7493573,0.6560911,0.7424606,0.67612064,0.7148589,0.75985116,0.6863192,0.71769494,0.70514125,0.7370742,0.4819503,0.6641419,0.6110867,0.7459268,0.74030477,0.77713543,0.6487286,0.62005925,0.4662255,0.72174025,0.7413026,0.7041844,0.71192884,0.6223968,0.770829,0.71017766,0.68317425,0.69023275,0.6915117,0.69613117,0.6026921,0.6712599,0.79748774,0.7587279,0.65886396,0.6560911,0.7260364,0.75259453,0.8460863,0.64453214,0.8243735,0.6679795,0.6246287,0.6388335,0.7358162,0.6837529,0.5961736,0.7137172,0.75880665,0.5968755,0.7656968,0.6539042,0.7204236,0.6981076,0.6140036,0.59560245,0.700784,0.5778659,0.54951507,0.58448315,0.6158145,0.8271739,0.4677945,0.59357476,0.6504633,0.52721304,0.721639,0.721639,0.80225074,0.7639359,0.77945507,0.6517217,0.6375343,0.7644232,0.84076047,0.49626577,0.60832584,0.61971796,0.58283514,0.7869211,0.62985706,0.8445134,0.6545703,0.5213734,0.58053756
iq,0.55718434,0.804599,0.53636044,0.5147091,0.64188236,0.50572735,0.5318008,0.6606719,0.605839,0.75277555,0.67477196,0.9138092,0.56303126,0.59666395,0.549546,0.51429164,0.54141897,0.46492827,0.5251657,0.5339508,0.7100983,0.54679394,0.64619774,0.62915725,0.58037853,0.65316564,0.6854368,0.62470585,0.8756598,0.6334535,0.5461348,0.49935624,0.68295485,0.7243772,0.51972955,0.71046877,0.5910692,0.55126286,0.4289773,0.52052945,0.6209854,0.53898245,0.69051087,0.5911763,0.5833957,0.6184618,0.58930355,0.6340323,0.644613,0.5031837,0.57147884,0.5233291,0.43901747,0.50927985,0.67241496,0.6097492,0.3001446,0.67577225,0.7507089,0.6027366,0.7373751,0.5694568,0.6492611,0.08031464,0.99036676,0.7656045,0.54968375,0.72107476,0.6000369,0.42109558,0.6448353,0.62889314,0.6530726,0.5361598,0.55122566,0.59874105,0.5548764,0.5548991,0.55555516,0.6434958,0.63058066,0.58729565,0.55806375,0.46052182,0.5448609,0.8259638,0.75222266,0.6777853,0.7802164,0.5748091,0.31074104,0.7431309,0.6542785,0.6012831,0.6114193,0.533872,0.65879595,0.60812837,0.6905333,0.5220378,0.6863909,0.9235139,0.5159691,0.9453536,0.60545385,0.6238856,0.71583056,0.6694833,0.946388,0.6244576,1.0000011,0.79575884,0.6345147,0.5804781,0.6972153,0.3699141,0.75059694,0.62925625,0.508663,0.5912005,0.5726089,0.63390785,0.7089422,0.43231982,0.59400606,0.65681803,0.6612347,0.5992248,0.51350737,0.6094773,0.8220693,0.5994415,0.42170876,0.63008964,0.6289609,0.78722453,0.5555613,0.8732432,0.8464292,0.35703942,0.66869825,0.60247266,0.54588735,0.5820734,0.55122566,0.6812838,0.6009254,0.6788057,0.5773499,0.64883906,0.61233634,0.57017577,0.51566434,0.50404733,0.60602564,0.60476625,0.65261084,0.63256085,0.6124828,0.5379943,0.53566015,0.51366735,0.2823878,0.5575174,0.5861465,0.9003072,0.4895081,0.5184424,0.7557939,0.9378408,0.7243772,0.6103595,0.519038,0.62036693,0.574482,0.5883688,0.65542483,0.6185604,0.8304414,0.6140427,0.55041647,0.50247204,0.6960233,0.6119672,0.62198055,0.61470157,0.77278566,0.53841627,0.49952498,0.931348,0.62619793,0.58051693,0.56278956,0.4793443,0.5139178,0.5562693,0.5386345,0.52608335,0.672744,0.8888991,0.57849354,0.6442852,0.61947334,0.5063122,0.7243772,0.55907714,0.7795254,0.6933551,0.56524235,0.6100033,0.47396147,0.5693373,0.60063326,0.7872809,0.694594,0.8407885,0.5391314,0.6212768,0.55034864,0.6104572,0.5966627,0.4492151,0.93053794,0.43046215,0.61033356,0.50667775,0.649666,0.6087819,0.64041775,0.6007969,0.56929684,0.46957457,0.44964454,0.44389534,0.40690196,0.6196127,0.6196127,0.59162354,0.8056165,0.6378778,0.52222013,0.5354145,0.6024525,0.6281863,0.58806026,0.5840992,0.6456292,0.53672236,0.57911646,0.99063414,0.65103775,0.62625456,0.42785847,0.49542397
ir,0.6388284,0.8406868,0.6206107,0.6989422,0.60966,0.53767025,0.5841972,0.4153487,0.7174801,0.8458928,0.72113776,0.90376824,0.541806,0.7409141,0.6399352,0.7256305,0.5592273,0.57203907,0.64932805,0.61600304,0.5124163,0.6890518,0.7277422,0.7347452,0.7001873,0.77764547,0.7659746,0.71626043,0.6888871,0.6383508,0.6661267,0.5923833,0.79707557,0.74147844,0.6538988,0.5616526,0.65958875,0.63878435,0.52925587,0.6042601,0.7846943,0.7482401,0.71219105,0.704906,0.56737036,0.77064264,0.68270385,0.685611,0.68944955,0.63960236,0.6711308,0.66794556,0.58858275,0.6309453,0.78997374,0.7263591,0.5664828,0.7431709,0.7819358,0.68732595,0.7680612,0.6770511,0.73011637,0.40795457,0.804567,0.7446977,0.652964,0.7759556,0.8605711,0.5818914,0.7113086,0.6174011,0.77154,0.6831279,0.6395999,0.74900955,0.6969701,0.69689775,0.6709339,0.6238716,0.72035646,0.6830331,0.6906221,0.7106216,0.68928033,0.6429107,0.8492145,0.7851413,0.65420383,0.6768797,0.44376686,0.9308632,0.73483926,0.5852236,0.7352628,0.59559417,0.6082677,0.7196319,0.73292375,0.48415393,0.77206886,0.7606157,0.77523345,0.85131234,0.63401115,0.7390951,0.8102561,0.7062221,0.79794943,0.70619744,0.79575884,0.9999999,0.70176303,0.6873895,0.79715055,0.49870193,0.72608703,0.74337435,0.58186275,0.6163006,0.6228326,0.623687,0.6966856,0.687094,0.6671956,0.7566552,0.8663185,0.58923703,0.63753253,0.6472564,0.8824169,0.7433176,0.73951054,0.7233906,0.7668888,0.8126,0.65098464,0.7316846,0.85302395,0.13717748,0.72508514,0.6721509,0.6365836,0.6251188,0.6395999,0.63898194,0.664003,0.73983127,0.6834538,0.76473504,0.6706667,0.6981429,0.6036546,0.6830164,0.6911164,0.5856148,0.74030733,0.55969036,0.65245545,0.57427293,0.6442949,0.67162114,0.6059312,0.6324181,0.64843524,0.7750974,0.61431015,0.6442934,0.8009053,0.82426316,0.74147844,0.7605065,0.5935157,0.7503284,0.5448855,0.59914595,0.6667311,0.6956244,0.890093,0.47448605,0.7783609,0.59736955,0.80925834,0.7218952,0.59997785,0.69805247,0.75085497,0.58657783,0.6081426,0.78006536,0.702065,0.7658967,0.64878213,0.5923702,0.66119146,0.73906684,0.6631229,0.6467346,0.696221,0.7252674,0.6607367,0.7092221,0.5857067,0.66631114,0.74147844,0.70531154,0.8289865,0.72989297,0.6719229,0.7130063,0.62003374,0.6366132,0.71228784,0.8136888,0.61427003,0.8804724,0.6223305,0.5889459,0.63405347,0.6482463,0.64923483,0.60497355,0.819662,0.61501294,0.6686298,0.63664937,0.6796212,0.6598589,0.67411053,0.6581356,0.598715,0.61359346,0.5355962,0.7294076,0.61034465,0.7604515,0.7604515,0.70604837,0.85802495,0.76014656,0.633687,0.6493282,0.59002054,0.7502022,0.60374236,0.41503823,0.7278682,0.7043632,0.6803481,0.8041667,0.7704862,0.567335,0.6081528,0.6003354
is,0.5673127,0.6479924,0.57912433,0.48222673,0.707649,0.29998067,0.40356484,0.387598,0.8050782,0.86844254,0.6553,0.66959894,0.6864801,0.78551817,0.82701045,0.7656075,0.6257827,0.6440991,0.73961085,0.47857577,0.58079135,0.5639137,0.62070537,0.64876944,0.51655334,0.77138793,0.5999835,0.57599664,0.6273152,0.677394,0.68977326,0.71798474,0.5916191,0.63395715,0.7807766,0.5893129,0.65961933,0.57758224,0.4373843,0.6972164,0.6202066,0.5729697,0.48461658,0.6785314,0.69326097,0.63421595,0.55457157,0.4917338,0.5054562,0.69049144,0.6575434,0.732059,0.6269226,0.63858193,0.78683054,0.6374343,0.4121499,0.7539474,0.589542,0.7306394,0.679044,0.63520795,0.5225552,0.5652247,0.641495,0.6600194,0.6793635,0.5314278,0.61087376,0.5649605,0.801795,0.7036284,0.8362172,0.70429075,0.6178596,0.7918618,0.7263434,0.7325419,0.7343536,0.6725693,0.7090996,0.5262339,0.69361675,0.5474586,0.6967179,0.6216532,0.6615958,0.680083,0.5513909,0.60183364,0.45418775,0.6605213,0.796288,0.6976,0.8137129,0.7001685,0.5365815,0.7354501,0.5405198,0.6543686,0.8656839,0.6862386,0.6398175,0.74797446,0.62483066,0.6927808,0.80039537,0.5339664,0.7007635,0.7066498,0.6345147,0.70176303,1.0000005,0.6605975,0.75177604,0.46878237,0.6491824,0.75730544,0.514036,0.3787284,0.69822997,0.6478943,0.65365785,0.48730475,0.6727279,0.76452875,0.6418864,0.6973477,0.76922476,0.52087164,0.6664374,0.7982087,0.57212704,0.5912304,0.6457681,0.7665787,0.43921033,0.774359,0.67358744,0.3142403,0.5518395,0.67111015,0.57480633,0.40420026,0.6178596,0.6608013,0.73488915,0.5477756,0.5645095,0.53638315,0.5624093,0.76501805,0.7616691,0.57590115,0.5519514,0.69575876,0.6914677,0.5848651,0.48986366,0.6201191,0.6199908,0.5905895,0.46952653,0.6282024,0.7615602,0.6815157,0.6815641,0.7033986,0.86436737,0.7630024,0.63395715,0.70122826,0.73388493,0.5613383,0.69659984,0.607473,0.64626503,0.6048267,0.67932564,0.38952848,0.64197075,0.5446862,0.68850774,0.6890934,0.7026274,0.5980292,0.668398,0.3569106,0.786924,0.74595207,0.6575585,0.6830725,0.5630151,0.6230793,0.5650782,0.7041783,0.70470357,0.6862921,0.68289876,0.6060519,0.8753258,0.7047601,0.7029597,0.52227867,0.63395715,0.599208,0.82311875,0.7937052,0.5627832,0.8368574,0.6556773,0.653876,0.63513315,0.84692985,0.6152362,0.71491253,0.63897675,0.70555854,0.5352885,0.7877527,0.5423287,0.5795066,0.6636384,0.59978247,0.48845264,0.6395988,0.46914583,0.46960926,0.47436827,0.5268243,0.7600503,0.38250214,0.5946052,0.61100715,0.39024785,0.73260665,0.73260665,0.73076445,0.82824016,0.67513543,0.62868166,0.42548022,0.6952552,0.747884,0.37316307,0.48916635,0.5589253,0.5081697,0.8118189,0.6440048,0.76551074,0.58183753,0.44345745,0.46138474
it,0.8203057,0.5452524,0.69494605,0.6732025,0.5496323,0.45462576,0.61377066,0.50513405,0.7788002,0.78346896,0.666392,0.6924481,0.53413016,0.7431793,0.64085025,0.7018736,0.67979777,0.73828787,0.6745299,0.84794086,0.65291804,0.6920016,0.6462115,0.74577993,0.79673004,0.7275624,0.6737235,0.6958132,0.64120793,0.6514576,0.6639695,0.6817458,0.76917535,0.6648045,0.7425313,0.60392195,0.7141288,0.73478967,0.4985737,0.6263453,0.642298,0.81164366,0.6785761,0.7879207,0.582116,0.7639507,0.7175158,0.6347453,0.6507112,0.6786244,0.6411161,0.6235247,0.571702,0.5945281,0.77694225,0.7589873,0.51369876,0.66309917,0.73448193,0.64529717,0.72125435,0.737057,0.6724207,0.59976494,0.5876151,0.55493605,0.5942879,0.66161436,0.62942094,0.68501025,0.7608234,0.5688946,0.79687035,0.74138117,0.9759643,0.7016159,0.72317404,0.7455615,0.6941614,0.65379685,0.6762903,0.7103647,0.7031876,0.5884446,0.7198338,0.6229416,0.6309163,0.7267872,0.65925264,0.635027,0.61093175,0.709004,0.72806334,0.57742304,0.8699473,0.6532095,0.6090473,0.6751456,0.7122913,0.4792611,0.7110824,0.6363363,0.68410045,0.7268244,0.69390994,0.98228174,0.72621846,0.6772727,0.6806598,0.7161913,0.5804781,0.6873895,0.6605975,1.0000012,0.77111274,0.6197908,0.52279145,0.70515424,0.5082535,0.5706722,0.6565066,0.6890092,0.74352616,0.6552522,0.6709689,0.75415695,0.6898088,0.5724391,0.6726391,0.6924976,0.67061627,0.7329492,0.58497375,0.71983826,0.75716853,0.6170799,0.66796136,0.71541333,0.68981725,0.484753,0.68048865,0.7217981,0.82046914,0.5998663,0.9759643,0.58101606,0.62125564,0.6903347,0.88618475,0.7628278,0.6631571,0.76667583,0.71495795,0.45012635,0.66288805,0.5553379,0.7569717,0.6465656,0.63912606,0.6078411,0.9830133,0.69977295,0.55640477,0.624167,0.6383819,0.6572361,0.8438253,0.90033525,0.67991674,0.694185,0.6648045,0.6254689,0.5442476,0.7292229,0.5529355,0.64057404,0.7430156,0.8826206,0.6802448,0.55923134,0.56776285,0.4540242,0.7351703,0.63135767,0.5826451,0.7099942,0.5665324,0.722985,0.6419419,0.6725796,0.5793001,0.6361707,0.8621849,0.72635967,0.6793489,0.66214895,0.70756006,0.6379136,0.7261693,0.65642345,0.6560948,0.75204533,0.5572538,0.6253178,0.6648045,0.68503654,0.697144,0.75309914,0.92456436,0.75323707,0.70102787,0.60901606,0.61056954,0.65052813,0.572974,0.575868,0.70808053,0.56866276,0.84080577,0.6331767,0.5881356,0.6878881,0.64790326,0.659309,0.702695,0.5690702,0.6623857,0.5772459,0.60777396,0.62006634,0.63986397,0.56338596,0.55639154,0.65718484,0.6001937,0.7840654,0.7840654,0.7329796,0.7202347,0.7687731,0.724093,0.6418337,0.57265866,0.76309055,0.5569542,0.6195291,0.64626765,0.6724182,0.7329209,0.5993445,0.75830984,0.6747966,0.6504071,0.5411931
je,0.7203838,0.65177196,0.62221134,0.6606921,0.67629486,0.6026485,0.71270555,0.54730266,0.76972985,0.9033148,0.65608656,0.8090185,0.65412647,0.83788604,0.72022045,0.75652283,0.6745951,0.69327223,0.71174645,0.67355824,0.72806174,0.76807624,0.81181455,0.70655465,0.7306961,0.928395,0.7833057,0.78905,0.7525959,0.74802047,0.700545,0.6392328,0.80963075,0.77630943,0.8243132,0.7452354,0.68658566,0.78861284,0.5386028,0.75262284,0.7737409,0.7403699,0.69343,0.7834345,0.6807448,0.77688366,0.7442183,0.7502217,0.7366856,0.76272607,0.711912,0.71058434,0.65559363,0.6460227,0.9367247,0.76867837,0.5946562,0.79138434,0.8001929,0.70519686,0.7618364,0.7733933,0.7601725,0.66999626,0.70294464,0.6329153,0.79212666,0.7597383,0.7295155,0.79756904,0.8571603,0.6885591,0.8889491,0.86043864,0.7233703,0.7789735,0.87105507,0.85957485,0.71566206,0.79036856,0.7691855,0.7445767,0.86037797,0.7229783,0.86361694,0.74001443,0.84819734,0.8332629,0.7544148,0.74416566,0.48590073,0.7705991,0.8125474,0.6874008,0.8627702,0.6673451,0.7308552,0.80184186,0.74602467,0.5998663,0.79496485,0.7732697,0.682747,0.8348795,0.81020904,0.82644105,0.86046684,0.75313985,0.8049756,0.81690186,0.6972153,0.79715055,0.75177604,0.77111274,1.0000001,0.5397253,0.641685,0.92323786,0.5600607,0.6392988,0.66483265,0.7709851,0.7622978,0.6469224,0.7430685,0.9198731,0.6657973,0.68319315,0.7368151,0.6610155,0.8388861,0.8570438,0.6933906,0.8086117,0.8264355,0.7479377,0.75225824,0.8214882,0.8087807,0.5168999,0.8062687,0.8381445,0.73529595,0.6775926,0.7233703,0.78816843,0.71922773,0.77358234,0.7452638,0.78129864,0.7529257,0.7298648,0.68498975,0.65080184,0.7255277,0.673651,0.8330077,0.7305884,0.72186744,0.66998345,0.755307,0.7725711,0.68374527,0.75280863,0.7012945,0.8046688,0.7196272,0.7278111,0.77617764,0.80224645,0.77630943,0.79738307,0.63629866,0.79827785,0.6596144,0.7519792,0.79643404,0.7768649,0.8439373,0.55854815,0.7514124,0.65048623,0.83310103,0.7997765,0.6942888,0.7271981,0.65025544,0.5887653,0.71792686,0.79255295,0.7950552,0.754597,0.72143716,0.82103884,0.76202315,0.7178601,0.6775938,0.69366616,0.7988098,0.6429783,0.7116145,0.8723861,0.67749137,0.7138993,0.77630943,0.78613293,0.7817903,0.89684516,0.74836206,0.8159122,0.76985115,0.6583064,0.7040624,0.7597633,0.763093,0.650044,0.75615615,0.6797712,0.70171577,0.7719195,0.72243226,0.7740691,0.74865603,0.64215535,0.7071809,0.70935166,0.6757941,0.6965096,0.70713043,0.7237319,0.74244165,0.6113756,0.6823038,0.7301422,0.6050599,0.8376092,0.8376092,0.853024,0.809378,0.8649749,0.72129387,0.7231728,0.6855741,0.9314134,0.6271498,0.6708303,0.7515141,0.7223074,0.78216577,0.69467497,0.9270213,0.70648086,0.6099712,0.69889194
jm,0.5258621,0.4789455,0.49049488,0.42209548,0.41284972,0.38058066,0.50441694,0.4123395,0.5797092,0.5875299,0.50606525,0.4756332,0.45468396,0.5704997,0.47914442,0.6029744,0.48118612,0.45003122,0.5757525,0.567009,0.5682535,0.5739267,0.5431405,0.697133,0.56030685,0.6129214,0.53932047,0.59987223,0.5065734,0.52258503,0.53982186,0.58863145,0.66159743,0.50032246,0.6134064,0.54045784,0.47930568,0.60699195,0.557444,0.5586223,0.51793224,0.68887556,0.50370663,0.6403304,0.46373296,0.5687362,0.5422812,0.5330547,0.56210995,0.543984,0.5246511,0.42278272,0.42626694,0.5313961,0.6432735,0.55682087,0.50082576,0.5960241,0.5177323,0.47492695,0.4326798,0.55433077,0.58276206,0.5342362,0.38009852,0.429956,0.6078626,0.54466444,0.4658246,0.60883296,0.60308725,0.45506448,0.5992944,0.6385728,0.5769093,0.582589,0.6542647,0.6730252,0.7884053,0.55920964,0.6713555,0.6281372,0.6203617,0.609587,0.6618556,0.49208108,0.49792442,0.58287567,0.51452565,0.59992254,0.52704734,0.52904135,0.5618914,0.46061298,0.5979981,0.42109305,0.61169153,0.6697197,0.5648378,0.3742029,0.51818347,0.4206969,0.5062185,0.52088565,0.5663121,0.6536878,0.51582503,0.54437214,0.49610353,0.5644614,0.3699141,0.49870193,0.46878237,0.6197908,0.5397253,1.0000004,0.44607466,0.5933945,0.4056822,0.49603173,0.49595863,0.55447435,0.5457068,0.4071845,0.56837046,0.5598913,0.51633507,0.46690574,0.5357438,0.52495277,0.4635257,0.5554179,0.468547,0.6226744,0.55959177,0.4134742,0.5916591,0.5122011,0.48220894,0.46745837,0.55557615,0.58099836,0.5087342,0.52907157,0.5769093,0.5428057,0.4764639,0.6326464,0.6163967,0.6464521,0.5556602,0.60920143,0.45255798,0.5260293,0.51529044,0.4405376,0.58240485,0.55169505,0.46511766,0.4971116,0.58374983,0.5591425,0.5637516,0.58775204,0.5524437,0.51597977,0.57368976,0.58634937,0.4547122,0.46919516,0.50032246,0.56152946,0.36913237,0.66686636,0.43711695,0.6047744,0.532563,0.62501824,0.47760582,0.41055945,0.4076059,0.46007597,0.5876625,0.56616247,0.46715015,0.42364153,0.44378287,0.46949828,0.5282401,0.45087123,0.5077616,0.46772885,0.56342345,0.6197149,0.55318844,0.53028286,0.5944043,0.62304604,0.55412877,0.43799883,0.48407114,0.60668784,0.4309484,0.46162474,0.50032246,0.5646745,0.50856054,0.606226,0.599406,0.55973506,0.625702,0.4329576,0.6008725,0.41260502,0.4317885,0.38659528,0.60108095,0.4428442,0.55407107,0.4993874,0.5813952,0.5497857,0.4563745,0.59522575,0.60258377,0.58971035,0.5151432,0.4700221,0.49814487,0.4533397,0.50845665,0.4412395,0.3764059,0.55699563,0.5566974,0.5813297,0.5813297,0.57065797,0.5260045,0.67878944,0.5651728,0.55575526,0.46154785,0.62791836,0.48827893,0.5498168,0.5138897,0.48114607,0.54715544,0.38625464,0.6118866,0.44686455,0.5780291,0.50155383
jo,0.45214236,0.8490059,0.54555297,0.57552123,0.5613411,0.3895718,0.4462066,0.41259003,0.62715536,0.73264855,0.68548906,0.7622194,0.471146,0.6019611,0.5897391,0.60920894,0.45484486,0.41971335,0.56278884,0.48738188,0.5874562,0.33666128,0.49588692,0.5624227,0.43099132,0.6234751,0.572116,0.5855655,0.7313649,0.47045884,0.5811611,0.68850243,0.60753894,0.6010973,0.53272474,0.633617,0.5255135,0.51338613,0.4577967,0.54822254,0.5891416,0.48033974,0.5930999,0.637272,0.48335338,0.5173202,0.49297404,0.53294075,0.45459864,0.5324637,0.63554645,0.60783285,0.49647865,0.5252703,0.64743334,0.41847342,0.5316835,0.6182798,0.63841623,0.6126788,0.6650234,0.60061556,0.48049146,0.29144323,0.7569107,0.94588226,0.64612645,0.63919497,0.61001885,0.4186301,0.6489415,0.5462621,0.64074904,0.5337718,0.50302106,0.69692236,0.54488873,0.55673575,0.57872206,0.4980604,0.604329,0.47027642,0.5407952,0.561695,0.54517937,0.69579446,0.54433477,0.54621804,0.622738,0.61820906,0.31010064,0.69639885,0.6510533,0.49384096,0.59312147,0.5206792,0.6008366,0.73274463,0.6065668,0.42666626,0.72637266,0.7448967,0.5444375,0.8187294,0.6539463,0.5756962,0.6785264,0.586421,0.7559127,0.6010278,0.75059694,0.72608703,0.6491824,0.52279145,0.641685,0.44607466,0.99999934,0.5809366,0.6193583,0.4917248,0.6549256,0.6381259,0.55690473,0.3660408,0.593353,0.60330594,0.724567,0.5123954,0.5614453,0.49578324,0.6768149,0.575824,0.47314095,0.55180246,0.5884863,0.7758438,0.34815422,0.78669345,0.7310873,0.27412194,0.5682884,0.6695862,0.4109221,0.5014919,0.50302106,0.52457845,0.61887115,0.6045673,0.46548125,0.5207242,0.5824142,0.63694364,0.5252926,0.59449214,0.4777971,0.50886667,0.5114645,0.5915765,0.47746328,0.7060174,0.4600399,0.57082874,0.41249204,0.5834319,0.6589072,0.7664561,0.47174603,0.53203636,0.7593997,0.82120764,0.6010973,0.59174,0.54969627,0.59221625,0.46053857,0.50073475,0.5697611,0.5942579,0.6944192,0.38232124,0.4842274,0.48770326,0.53631395,0.6038245,0.5250148,0.4509732,0.94924104,0.36700448,0.5326972,0.78236943,0.48272917,0.46272892,0.46110454,0.5116813,0.31933856,0.564673,0.5622484,0.4635868,0.65520203,0.7282963,0.6053687,0.6772096,0.52020293,0.3027601,0.6010973,0.3757088,0.7857192,0.5893804,0.4618734,0.61808866,0.5436211,0.5833418,0.70871764,0.76872957,0.5450954,0.7562821,0.5909795,0.5273429,0.45255882,0.527297,0.60032356,0.4041711,0.79184836,0.5120815,0.45264688,0.5437448,0.56911236,0.406087,0.51280004,0.5389316,0.571587,0.37887788,0.49649996,0.5439836,0.4484332,0.60737765,0.60737765,0.550567,0.75983375,0.6338367,0.46862733,0.33800906,0.5105701,0.6028613,0.48679027,0.50125355,0.54552054,0.46146965,0.5840619,0.7663703,0.60237736,0.5370434,0.4212495,0.41910475
jp,0.6712243,0.5890255,0.5730972,0.550033,0.7001446,0.5872903,0.69476974,0.5123876,0.7609208,0.90279526,0.62303513,0.74068993,0.69247234,0.85836387,0.7469979,0.79126996,0.66185915,0.66630846,0.72631925,0.60417414,0.72247505,0.7967595,0.84404516,0.75129235,0.7309425,0.96521294,0.7856605,0.79827917,0.71260566,0.7650958,0.71198124,0.6484493,0.79415023,0.7418611,0.8727784,0.74848163,0.62345785,0.7663363,0.544227,0.7538663,0.77706844,0.73169684,0.58338624,0.72972274,0.7077014,0.7741882,0.7758209,0.73069715,0.7260107,0.77431333,0.70327127,0.70155984,0.6724514,0.6578381,0.963664,0.78204507,0.5888432,0.8205184,0.73628634,0.7098211,0.687876,0.7937903,0.7497369,0.74436194,0.6276444,0.56075233,0.80669594,0.71300375,0.6982596,0.86230314,0.87281144,0.7217457,0.903744,0.9107133,0.63709646,0.7831735,0.9311096,0.9140093,0.77979094,0.83732903,0.80648524,0.7259416,0.8998762,0.72217387,0.92128295,0.7082594,0.86093134,0.8340989,0.731087,0.70658803,0.45612547,0.71486855,0.83505034,0.71501815,0.8496222,0.6675117,0.7082145,0.78950596,0.6843071,0.635423,0.7986579,0.7087021,0.64135385,0.7805888,0.7944615,0.7806052,0.8536829,0.71943533,0.7609642,0.8265965,0.62925625,0.74337435,0.75730544,0.70515424,0.92323786,0.5933945,0.5809366,1.0000014,0.53505915,0.5864032,0.6521063,0.7454433,0.75150317,0.6544123,0.767967,0.9460901,0.60663736,0.7208325,0.7633443,0.6060737,0.7901653,0.8952384,0.69956625,0.802281,0.81769276,0.71711415,0.75572824,0.7855332,0.75028145,0.5501829,0.7897614,0.8270351,0.71249664,0.6373974,0.63709646,0.8262016,0.71513236,0.7786888,0.70810574,0.73451984,0.72446847,0.70960045,0.65965664,0.6621042,0.6954034,0.6993313,0.8307577,0.7245834,0.6961888,0.65491337,0.6860639,0.7817425,0.70943576,0.73078,0.71183366,0.7644699,0.6842027,0.6738496,0.7593132,0.74443674,0.7418611,0.8188665,0.6553683,0.7969796,0.6903807,0.7710189,0.78588235,0.6888573,0.7960789,0.54684454,0.7575015,0.68209773,0.843605,0.8038962,0.7203,0.697951,0.58196104,0.55517524,0.7455174,0.7397864,0.8402487,0.7734202,0.67041993,0.8329784,0.7986345,0.7275555,0.67029047,0.7337188,0.7720661,0.5696427,0.7140082,0.86740637,0.7051416,0.73436683,0.7418611,0.8162105,0.7545048,0.93641686,0.69623566,0.8333524,0.78986686,0.64025545,0.6964602,0.7327197,0.7567321,0.5891238,0.76694196,0.7048407,0.64968014,0.8082598,0.7163139,0.7883402,0.6778137,0.63327783,0.6952269,0.7296544,0.5970519,0.68029284,0.688627,0.7132098,0.769914,0.61036223,0.68031615,0.73864955,0.5806945,0.8353508,0.8353508,0.85975206,0.7939466,0.8672987,0.7007712,0.7211372,0.7164178,0.9553932,0.5842225,0.66416365,0.7417417,0.71530193,0.79547346,0.6178777,0.96650994,0.6842107,0.6077292,0.7115463
ke,0.48217368,0.5185924,0.46298948,0.49879017,0.43090603,0.41573304,0.35573387,0.4304031,0.512211,0.59366643,0.50753736,0.5291573,0.3675544,0.45669538,0.60662925,0.65460426,0.37232536,0.39133137,0.5466054,0.4948433,0.54528475,0.28217626,0.5485186,0.49374723,0.46903056,0.54084116,0.5289254,0.50619173,0.62850565,0.42470312,0.55282235,0.5384473,0.58905977,0.4211975,0.5141813,0.6458308,0.38676092,0.543568,0.41299397,0.39147115,0.5620687,0.5075655,0.48967266,0.5253304,0.37337646,0.4792616,0.5170613,0.55276185,0.38707092,0.6551254,0.59466267,0.52152014,0.4511332,0.3692796,0.57450396,0.40635112,0.63177824,0.53911996,0.5051742,0.54408896,0.44991305,0.48573896,0.40064007,0.36450133,0.5147792,0.6111374,0.5949649,0.6292444,0.5139258,0.43564194,0.52907896,0.42307118,0.5114528,0.5337192,0.4770331,0.63167524,0.59184664,0.5975254,0.43249616,0.48895732,0.60833454,0.44620848,0.6184191,0.5273014,0.61441654,0.6298785,0.4581122,0.4892344,0.5533801,0.52151644,0.33154875,0.4870743,0.48942745,0.4004635,0.50477004,0.33553487,0.49868965,0.62440825,0.5549731,0.30953148,0.572658,0.52966243,0.46504185,0.6012245,0.58975554,0.5434308,0.600376,0.5545583,0.5705508,0.53245723,0.508663,0.58186275,0.514036,0.5082535,0.5600607,0.4056822,0.6193583,0.53505915,0.99999964,0.5087783,0.6261743,0.55473304,0.52427775,0.4435534,0.6203923,0.51557106,0.45588976,0.41216034,0.41084513,0.27519935,0.5966628,0.47184074,0.4285766,0.5413329,0.61257666,0.69138896,0.27845678,0.5859065,0.49279717,0.20408736,0.56303835,0.59267724,0.46931243,0.5188858,0.4770331,0.5129842,0.45044795,0.55908525,0.5332991,0.39413366,0.49975687,0.47399125,0.41493523,0.45526817,0.34481534,0.3788067,0.543013,0.5590242,0.35865957,0.7793947,0.4821159,0.5313604,0.54405385,0.47472757,0.69535697,0.62258756,0.4140634,0.45439732,0.55952454,0.57378495,0.4211975,0.5558069,0.40131018,0.6038995,0.3557168,0.5495275,0.49560755,0.54028785,0.6232553,0.42205524,0.4760771,0.4372919,0.4915688,0.4965967,0.4177742,0.517583,0.6306184,0.48273575,0.4236754,0.5462772,0.49720263,0.3806741,0.4992365,0.45319864,0.281983,0.50654364,0.46386525,0.40104327,0.59986275,0.46122152,0.525476,0.60752183,0.4118673,0.24693449,0.4211975,0.32381195,0.57509536,0.50803703,0.5133388,0.4555675,0.60571015,0.7173956,0.71139264,0.5503491,0.5000154,0.5335703,0.48252466,0.4289224,0.49439758,0.4291595,0.62631184,0.48180526,0.6974213,0.45723298,0.49336946,0.433573,0.5269466,0.46449527,0.54343,0.5078535,0.41792464,0.44637445,0.3771712,0.5105517,0.5139709,0.50111157,0.50111157,0.48240322,0.5768045,0.5730594,0.46842542,0.2604823,0.40554732,0.524075,0.5018095,0.48295555,0.5248292,0.48404756,0.44957837,0.5124235,0.5466331,0.42585155,0.44949841,0.5468111
kg,0.69658303,0.5122741,0.51060945,0.68724585,0.32659414,0.93613446,0.6750501,0.7226593,0.2983267,0.4964014,0.47091654,0.7566461,0.31493357,0.3622206,0.4616696,0.45730007,0.38016707,0.4190215,0.32907286,0.7337979,0.5974645,0.5472295,0.73967814,0.6242835,0.623713,0.58407915,0.80049574,0.65031075,0.6668509,0.4310407,0.29499647,0.327946,0.821394,0.7102915,0.4050215,0.73545754,0.499824,0.77102304,0.23640037,0.29706615,0.55617154,0.66587245,0.8958573,0.5759566,0.32584396,0.6612926,0.6299901,0.9633781,0.70259994,0.55480003,0.47135177,0.3064814,0.23389891,0.21880141,0.6127569,0.60360205,0.69687647,0.41348657,0.79634255,0.36224106,0.58413297,0.44635412,0.7073821,0.3063181,0.6015387,0.4575653,0.6216766,0.87328345,0.60806644,0.4619261,0.45338935,0.33731169,0.42433965,0.57032067,0.59508383,0.45580062,0.62378097,0.63155293,0.37164655,0.50940216,0.60324585,0.7288016,0.6726794,0.5488082,0.66464305,0.6785612,0.65338135,0.6830604,0.5930886,0.67255765,0.38469914,0.5927119,0.4018956,0.33922127,0.4435671,0.2828536,0.6585153,0.5823831,0.94117033,0.28562096,0.28527525,0.6217593,0.5793553,0.641687,0.7228606,0.5960639,0.47793356,0.9505988,0.5925913,0.5057452,0.5912005,0.6163006,0.3787284,0.5706722,0.6392988,0.49603173,0.4917248,0.5864032,0.5087783,1.0000011,0.55438435,0.6902265,0.5317082,0.52603596,0.66396207,0.5554554,0.5390824,0.3403913,0.13941185,0.6595191,0.69497645,0.36972746,0.61385566,0.7755204,0.67592436,0.3646935,0.68494415,0.536567,0.74410063,0.475594,0.9447813,0.6854743,0.63920254,0.9560493,0.59508383,0.5642455,0.30676153,0.87448037,0.6881808,0.73363525,0.6795128,0.25233504,0.22789325,0.46546516,0.5301181,0.30165303,0.68749756,0.5887796,0.7665175,0.6096916,0.58344567,0.6307677,0.54519695,0.4469404,0.46075457,0.5860385,0.35342085,0.36172518,0.3187242,0.57786703,0.7102915,0.6283624,0.21584475,0.7531179,0.29431182,0.66409606,0.57747287,0.78660464,0.71043605,0.67651606,0.53144825,0.35554677,0.69261235,0.43074077,0.34759828,0.60688365,0.4619094,0.7609394,0.20372123,0.5613963,0.62406987,0.46555966,0.69887924,0.5871662,0.5327213,0.3359449,0.17603968,0.2858922,0.60158026,0.5511076,0.38797113,0.70052713,0.31879458,0.52204525,0.7102915,0.6038723,0.361251,0.4879987,0.66791344,0.30308115,0.60752577,0.32764694,0.5252559,0.3303123,0.565012,0.38881406,0.6251925,0.33268702,0.71234393,0.3509213,0.6006082,0.58689374,0.592682,0.43261516,0.8734602,0.2792762,0.9471781,0.80836225,0.93269247,0.7924071,0.22870699,0.8130036,0.21528442,0.4953249,0.7185621,0.6361752,0.6361752,0.4853838,0.44029874,0.6814366,0.52108634,0.6742859,0.3354161,0.591548,0.98818314,0.562738,0.85041124,0.79513735,0.33372653,0.59603465,0.5861177,0.47080913,0.43432826,0.58971274
kh,0.5812566,0.6365549,0.50527793,0.6189799,0.5902926,0.4486177,0.3529922,0.50344294,0.6995913,0.7594609,0.6986358,0.64357024,0.57215893,0.66722614,0.6982897,0.74035555,0.5525687,0.51409763,0.6100975,0.5466927,0.5665239,0.46562707,0.6051881,0.5929721,0.51210093,0.6583479,0.6186711,0.47150856,0.6068872,0.57697326,0.54568493,0.6901138,0.6079294,0.5848564,0.66863394,0.65028054,0.59868383,0.62909645,0.3052245,0.60730964,0.5114193,0.572326,0.60090464,0.63469946,0.5892213,0.6109405,0.50970846,0.61333346,0.42739105,0.75512666,0.71967393,0.71350366,0.64989,0.49541584,0.7073206,0.555488,0.5000166,0.63715833,0.6596233,0.5676526,0.6325901,0.5859337,0.42882156,0.51139605,0.58264315,0.65176547,0.69662404,0.62179035,0.5848863,0.5679149,0.7237284,0.6011928,0.7079954,0.6562066,0.6645651,0.7449674,0.6827295,0.6962767,0.65855294,0.58305097,0.69694597,0.45449015,0.671006,0.4644844,0.699005,0.6285817,0.5788479,0.6804157,0.53333837,0.55698013,0.48228115,0.557693,0.66665184,0.5907713,0.689516,0.6000007,0.5389819,0.7042825,0.6698467,0.5678402,0.73344004,0.64311093,0.6584571,0.6813193,0.6665162,0.67187524,0.74072844,0.6626633,0.60905,0.6711858,0.5726089,0.6228326,0.69822997,0.6565066,0.66483265,0.49595863,0.6549256,0.6521063,0.6261743,0.55438435,1.0000001,0.66751957,0.573919,0.45581424,0.8391179,0.6541035,0.5947239,0.60391635,0.585744,0.40921047,0.5675818,0.6342875,0.5894531,0.57018805,0.6716255,0.6666382,0.37199563,0.7041162,0.6595498,0.23780319,0.6499741,0.68880904,0.5509395,0.5522894,0.6645651,0.5765331,0.6518804,0.6172928,0.5437865,0.5070262,0.668351,0.6381224,0.6676279,0.5600158,0.32214728,0.5780618,0.66360533,0.57592607,0.45684138,0.67816246,0.6338537,0.62314767,0.46938574,0.5699838,0.75586617,0.5732657,0.53504366,0.59181035,0.7487273,0.6982719,0.5848564,0.65323824,0.6292532,0.55625725,0.5744035,0.6474795,0.6297003,0.7116332,0.5918123,0.4541367,0.59214586,0.49316835,0.6476463,0.65017265,0.6064019,0.5148947,0.6603705,0.4853509,0.62742627,0.68057555,0.59909725,0.5287945,0.58196574,0.5762086,0.47677064,0.6364589,0.5120403,0.54823786,0.6279713,0.55699205,0.6592238,0.7085029,0.5971661,0.44390705,0.5848564,0.5297572,0.6974679,0.6693407,0.5622715,0.6976419,0.713107,0.5844635,0.6972957,0.73441714,0.6075298,0.6012575,0.7576189,0.6038052,0.55905855,0.6335274,0.6481784,0.5306889,0.60269713,0.55713415,0.5443874,0.48303446,0.6312054,0.534954,0.5855118,0.61014664,0.6071429,0.52075034,0.42106587,0.53399026,0.48776522,0.6641782,0.6641782,0.66812956,0.73329645,0.62706006,0.48135543,0.36606935,0.5978236,0.66067654,0.552064,0.5031644,0.62439513,0.6062839,0.7109623,0.5932796,0.66438854,0.5522343,0.3726203,0.49863088
ki,0.6741573,0.5618927,0.5824986,0.63280374,0.552323,0.6145541,0.6671333,0.5845493,0.6412202,0.74631226,0.63852787,0.7415665,0.5491554,0.6387123,0.6263325,0.56348705,0.60733753,0.5794032,0.5825311,0.6575171,0.78903323,0.5291878,0.72926986,0.71213424,0.62271523,0.7660413,0.6727239,0.64585733,0.7485384,0.6373381,0.55626905,0.55978334,0.75869775,0.6921537,0.64909786,0.766342,0.6342423,0.7078476,0.43221942,0.58459085,0.5606883,0.650078,0.7170466,0.692604,0.5580101,0.5574656,0.6548618,0.7380456,0.6747774,0.6744501,0.6187538,0.64730144,0.50175345,0.5217533,0.7892185,0.545821,0.58771354,0.6135238,0.74923,0.61238617,0.69358915,0.6342233,0.6776425,0.5442943,0.64655703,0.63001496,0.7379134,0.7486536,0.5648806,0.65167826,0.75640446,0.56031024,0.7219,0.73007643,0.6690078,0.6851244,0.7303972,0.73779297,0.6463868,0.60548395,0.6825002,0.6880758,0.72666776,0.58471084,0.7526666,0.74419284,0.6024897,0.64808637,0.6797994,0.6849737,0.3982607,0.6278501,0.6658826,0.5603602,0.7103263,0.5565379,0.7141545,0.70927763,0.76043093,0.51541805,0.63609457,0.757662,0.51489305,0.78106946,0.90414155,0.72661245,0.6957699,0.7632265,0.73361355,0.7083314,0.63390785,0.623687,0.6478943,0.6890092,0.7709851,0.55447435,0.6381259,0.7454433,0.55473304,0.6902265,0.66751957,0.99999994,0.6543025,0.48207533,0.68865705,0.74404573,0.55339956,0.57657427,0.56482637,0.6419048,0.74520713,0.656777,0.47788173,0.71356595,0.76519394,0.6128256,0.63893485,0.8125958,0.7657634,0.5750568,0.77663773,0.89418566,0.65678555,0.68496317,0.6690078,0.7177998,0.5772208,0.7662176,0.68676734,0.7054439,0.6891275,0.6211658,0.564541,0.4736968,0.60874665,0.53117436,0.7411079,0.71086675,0.68282646,0.7111051,0.6694596,0.6523786,0.53985435,0.6140997,0.61051524,0.73953915,0.5756014,0.6102951,0.631075,0.76954454,0.6921537,0.7036874,0.54888785,0.7059795,0.53488106,0.63805974,0.7153605,0.7464388,0.76273257,0.57552695,0.5293692,0.55007404,0.5996399,0.6393248,0.57322526,0.65013945,0.64892495,0.59846324,0.56509566,0.76733637,0.68540096,0.54440767,0.6821963,0.7968032,0.52419096,0.46799776,0.5307191,0.5094608,0.74232614,0.61272204,0.6267051,0.89659876,0.5508172,0.46852365,0.6921537,0.5725869,0.6772865,0.7218535,0.67916346,0.6596883,0.7104177,0.5966209,0.6251705,0.6163902,0.7603218,0.49176148,0.6735401,0.5618295,0.6712703,0.6339623,0.648787,0.6747104,0.716095,0.5586343,0.70426947,0.56087995,0.7208531,0.5693664,0.7190726,0.69085944,0.6279284,0.53132397,0.5278654,0.5130393,0.60309863,0.8107941,0.8107941,0.7090532,0.6230498,0.7576393,0.6196532,0.61389035,0.5633422,0.76733375,0.68388796,0.69210243,0.6819755,0.6131299,0.6386633,0.6484797,0.7522534,0.6229893,0.501514,0.5892643
km,0.6598238,0.6237588,0.6032909,0.4863352,0.63628095,0.45054975,0.51958996,0.59711844,0.7131156,0.7831305,0.63993585,0.7061917,0.57592636,0.6999126,0.6422357,0.6264503,0.69753224,0.601236,0.6505908,0.6704467,0.6973384,0.68884933,0.66618055,0.7171444,0.8043648,0.76617455,0.6794895,0.74919826,0.746717,0.7121675,0.6653212,0.65878004,0.7660782,0.6520024,0.7100795,0.68448836,0.6025128,0.6307037,0.54403734,0.60787576,0.6177075,0.7115858,0.5968703,0.66474915,0.6124072,0.75806624,0.72656083,0.61848134,0.719795,0.6673695,0.64071375,0.58682215,0.55006677,0.68778133,0.7791457,0.81080174,0.33202145,0.68070847,0.66650873,0.6283847,0.6616429,0.7429499,0.71774435,0.416564,0.7068323,0.5623356,0.6601338,0.6856762,0.5913967,0.67029965,0.7413717,0.64879614,0.7657818,0.72678244,0.6871412,0.711344,0.7353074,0.7398106,0.672879,0.7432749,0.6873938,0.6694331,0.7146574,0.48332816,0.7337847,0.7174971,0.7208596,0.7420845,0.69832087,0.6138625,0.41999218,0.6964916,0.704771,0.6123694,0.75483197,0.5847751,0.7240643,0.7027083,0.643984,0.51786315,0.716554,0.75259554,0.5150247,0.77445173,0.6063358,0.78833294,0.7535975,0.63452053,0.8056161,0.70021874,0.7089422,0.6966856,0.65365785,0.74352616,0.7622978,0.5457068,0.55690473,0.75150317,0.52427775,0.5317082,0.573919,0.6543025,1.0000001,0.5757085,0.6343336,0.7445668,0.61144066,0.61430335,0.66047955,0.5736334,0.73150605,0.7223551,0.4640123,0.702644,0.7170806,0.6442529,0.7222248,0.7854954,0.69189286,0.4793948,0.6613858,0.618707,0.6720549,0.5633977,0.6871412,0.6766989,0.6518601,0.6844729,0.7298576,0.75492966,0.6090885,0.6865865,0.6046952,0.5249017,0.6377317,0.62550557,0.6848182,0.6883752,0.58813643,0.5328566,0.7030067,0.6395037,0.3753065,0.6011778,0.6029022,0.7687417,0.65824914,0.6848528,0.69234675,0.764401,0.6520024,0.6136193,0.5277081,0.6931304,0.58653057,0.70501626,0.68206394,0.66748184,0.73689604,0.6847972,0.50644875,0.51617604,0.7904701,0.65832424,0.62545264,0.69162494,0.5648357,0.59746706,0.6257799,0.7825815,0.62283796,0.60485953,0.6860918,0.617656,0.6714073,0.6590628,0.7009541,0.5890221,0.7131166,0.72889566,0.63453496,0.6702537,0.617546,0.60372895,0.6520024,0.6604406,0.7645743,0.8203832,0.73015803,0.71294117,0.68646395,0.61839324,0.6495902,0.6760142,0.62823373,0.65441906,0.6580294,0.62936145,0.6732055,0.6682761,0.6513822,0.66220945,0.74909216,0.5175431,0.652954,0.6181857,0.5850237,0.56309766,0.58629864,0.5809111,0.65396583,0.47996765,0.59074277,0.49506,0.50633824,0.7310043,0.7310043,0.7234447,0.7034494,0.7652805,0.65319055,0.6981989,0.61193764,0.76301134,0.5230779,0.6314462,0.638064,0.5769432,0.6846086,0.7052884,0.78485024,0.7397643,0.6201064,0.5822677
kn,0.63047355,0.41520515,0.43308824,0.5769551,0.41373062,0.5115202,0.48638988,0.2667866,0.5253917,0.618225,0.4596891,0.5810865,0.34010893,0.5601649,0.5217464,0.5878539,0.4541761,0.49398822,0.4653439,0.62373465,0.36417735,0.60046804,0.64353406,0.5664735,0.71554744,0.6541957,0.62959254,0.6151018,0.48009282,0.43605092,0.5557946,0.47360814,0.6906304,0.5773416,0.5723542,0.4234429,0.42544472,0.6270937,0.4214675,0.41778028,0.60318756,0.7231995,0.52197,0.49013975,0.36457646,0.63297045,0.65926313,0.5959699,0.5765252,0.56935596,0.5025914,0.48555323,0.44915852,0.42888653,0.6630439,0.63361263,0.5468668,0.49136743,0.58662105,0.5258911,0.5181471,0.6004546,0.60844016,0.5112139,0.4296101,0.37833434,0.49182862,0.6329309,0.69992566,0.5456422,0.52732223,0.4253883,0.5929449,0.59623975,0.5952517,0.6052397,0.6316652,0.62726766,0.44839442,0.50236326,0.5447919,0.59047246,0.633937,0.58236325,0.63247544,0.47139907,0.6591252,0.63268584,0.44417956,0.45306432,0.35851824,0.67239726,0.5331696,0.40511146,0.58683443,0.38230017,0.41290504,0.5195722,0.5674772,0.28401688,0.5232799,0.45655963,0.5881816,0.5273806,0.5256324,0.68395334,0.610358,0.5725608,0.5037317,0.52560735,0.43231982,0.687094,0.48730475,0.6552522,0.6469224,0.4071845,0.3660408,0.6544123,0.4435534,0.52603596,0.45581424,0.48207533,0.5757085,0.9999998,0.5596069,0.65634155,0.60377896,0.41041312,0.45428514,0.40915117,0.6442652,0.5945233,0.62687117,0.65826005,0.6233751,0.50409347,0.60184664,0.45856166,0.56577986,0.17046803,0.6249327,0.55472195,0.6696692,0.550484,0.5952517,0.48198494,0.43417192,0.61728424,0.7178849,0.61360365,0.54488015,0.46620739,0.40926978,0.43337995,0.54116905,0.38845775,0.6429915,0.4511149,0.5367595,0.46401262,0.66000044,0.5931787,0.580464,0.3894957,0.47996145,0.505837,0.5433654,0.51147,0.5020832,0.4873947,0.5773416,0.5611264,0.37985808,0.6563774,0.34805793,0.45626098,0.60251695,0.5740865,0.63796026,0.43099895,0.59835035,0.4006719,0.6526707,0.5238802,0.40279436,0.59874773,0.38129774,0.65092766,0.4438769,0.4653762,0.5831248,0.5681323,0.64975846,0.53313243,0.5733338,0.5751787,0.49398842,0.45190105,0.5537499,0.41151348,0.49694842,0.58577,0.39169824,0.53845495,0.5773416,0.5994824,0.5349159,0.5870402,0.7185235,0.5028302,0.581488,0.49594742,0.54601294,0.49433443,0.4320233,0.49553305,0.5434241,0.40658647,0.64244413,0.47221333,0.5140307,0.57490116,0.47802842,0.49938393,0.6152054,0.4551907,0.51988447,0.5941874,0.5730571,0.54337347,0.39215127,0.5955142,0.5902935,0.6224575,0.54562634,0.63507485,0.63507485,0.5749051,0.5533362,0.64822745,0.5841039,0.5722947,0.4060658,0.6405735,0.51063657,0.33715552,0.6202698,0.6602654,0.4839529,0.42067528,0.65932953,0.44700754,0.6390179,0.5568733
kp,0.6474657,0.61121595,0.54742014,0.61880153,0.6022794,0.58694375,0.50178176,0.5629832,0.67023957,0.7683018,0.6436588,0.6935229,0.6024791,0.6956956,0.6955925,0.7435428,0.560982,0.5511633,0.6553979,0.6111114,0.6264058,0.5799592,0.73541296,0.63912463,0.63113415,0.7463624,0.7364451,0.6179553,0.6702722,0.6174859,0.6052807,0.6305916,0.7170969,0.6627546,0.6936927,0.7243447,0.5014515,0.7556051,0.39199466,0.62901133,0.6203321,0.66404134,0.65129894,0.66342425,0.61663675,0.6945309,0.6350128,0.74161375,0.57062125,0.83108974,0.70955706,0.63796645,0.5861743,0.4966071,0.7723746,0.64153594,0.6001318,0.6788747,0.73593557,0.60783184,0.64299405,0.6124808,0.5735346,0.5517686,0.6052938,0.60295224,0.7764775,0.7123194,0.6293507,0.6283925,0.7351288,0.6185268,0.71839267,0.71772593,0.65392995,0.73303145,0.7724795,0.77092487,0.65554833,0.6749399,0.7502367,0.5996005,0.77248764,0.5850166,0.7828914,0.69099194,0.6934157,0.7347852,0.600214,0.6351371,0.4870632,0.6154948,0.7044118,0.6245861,0.6999491,0.5009771,0.61881906,0.74592423,0.7297972,0.5732841,0.6806321,0.6581082,0.6509049,0.7072684,0.7168761,0.70534974,0.6914613,0.74438727,0.6613971,0.7174754,0.59400606,0.6671956,0.6727279,0.6709689,0.7430685,0.56837046,0.593353,0.767967,0.6203923,0.66396207,0.8391179,0.68865705,0.6343336,0.5596069,1.000001,0.7306078,0.5946074,0.6309569,0.5609488,0.4650329,0.6461789,0.6830113,0.6521021,0.6699011,0.74457526,0.64954966,0.54354185,0.69982547,0.70647603,0.36894798,0.76514214,0.72985953,0.6372894,0.6640147,0.65392995,0.6729324,0.6115473,0.73442787,0.64992595,0.6096862,0.692215,0.5812769,0.59969676,0.616522,0.36608446,0.5946552,0.76232296,0.6369958,0.56197006,0.71132034,0.6640223,0.68543094,0.5820777,0.62957525,0.74696046,0.6530314,0.566446,0.58403,0.68114793,0.69087994,0.6627546,0.7352301,0.5699109,0.7035995,0.59667,0.7223601,0.6758683,0.7307104,0.66880965,0.54570204,0.6624275,0.51231325,0.74253374,0.69594455,0.6353202,0.5371826,0.6112537,0.6033646,0.59850806,0.67963016,0.70897144,0.5779104,0.6508482,0.66814214,0.5839726,0.6367771,0.5177392,0.5740026,0.70101386,0.55032146,0.64635736,0.7578502,0.61122084,0.5408303,0.6627546,0.6319539,0.66235703,0.7293375,0.6456068,0.6591611,0.7630351,0.5813934,0.7229287,0.66799444,0.6624992,0.56867534,0.8427203,0.62022245,0.6352471,0.63926375,0.7364698,0.62353325,0.6257939,0.5907509,0.6740597,0.52248996,0.6782276,0.68353736,0.71412885,0.6910776,0.5919563,0.64208233,0.47263253,0.6014864,0.6286765,0.7039404,0.7039404,0.665336,0.71051574,0.71873534,0.5720482,0.52858627,0.62668025,0.7402887,0.65709984,0.56763077,0.71635175,0.7055432,0.67648727,0.60225505,0.75115615,0.56863886,0.4766072,0.7113826
kr,0.6826386,0.6236677,0.5956189,0.6185191,0.7091906,0.54629755,0.689396,0.49793854,0.7835518,0.9135947,0.6415587,0.75507724,0.6795552,0.8690176,0.73304623,0.7777593,0.66826,0.6882853,0.7057513,0.6217056,0.7273886,0.79087186,0.7995349,0.7467595,0.7159947,0.951729,0.75555927,0.78474027,0.72053266,0.77818125,0.7383621,0.6550976,0.7827711,0.73401356,0.8654259,0.7285934,0.66238505,0.74619246,0.5446141,0.75373644,0.76580715,0.71266156,0.6092547,0.76998556,0.7136485,0.7657409,0.73580885,0.6902381,0.7327981,0.7352992,0.7044215,0.69984025,0.65862507,0.6688603,0.949492,0.7686724,0.55045074,0.82666487,0.7523255,0.7200456,0.72712517,0.78770024,0.74651176,0.7194654,0.65405893,0.59901947,0.77064973,0.68941295,0.72017574,0.83887875,0.89041305,0.7187004,0.91838473,0.88642585,0.69461536,0.7832636,0.8906889,0.87806684,0.76027775,0.81415606,0.7693266,0.7110524,0.86899054,0.70663726,0.8765068,0.7097968,0.84042424,0.82410336,0.7345628,0.7099374,0.44843462,0.73034704,0.8346066,0.7192992,0.8785697,0.69228804,0.72563034,0.7785202,0.6777477,0.6239387,0.82252485,0.7270801,0.66953003,0.80217195,0.78442967,0.81668013,0.8744433,0.6949695,0.7839598,0.83273995,0.65681803,0.7566552,0.76452875,0.75415695,0.9198731,0.5598913,0.60330594,0.9460901,0.51557106,0.5554554,0.6541035,0.74404573,0.7445668,0.65634155,0.7306078,1.0000004,0.6322669,0.71813476,0.7873908,0.6142635,0.79973114,0.89327323,0.6582536,0.7834565,0.8006264,0.7419944,0.7456001,0.8067514,0.76280755,0.5366393,0.76098704,0.8188672,0.7157209,0.6145842,0.69461536,0.80585635,0.70694405,0.75072414,0.7107968,0.73932946,0.74087095,0.7389398,0.70798373,0.65992945,0.70657045,0.71357393,0.8171709,0.7008004,0.7104599,0.6407502,0.7393749,0.75926566,0.68902373,0.71477556,0.6939613,0.77814794,0.74427915,0.7314509,0.7872476,0.7708838,0.73401356,0.78740174,0.6492109,0.77768195,0.7012003,0.7552098,0.8032736,0.73234946,0.802786,0.5213721,0.7345131,0.66973996,0.8272437,0.8028773,0.7293112,0.69906,0.6208419,0.5318487,0.7437477,0.76494986,0.795787,0.7586014,0.67851853,0.82486314,0.78894067,0.7187006,0.7200897,0.7302191,0.7636739,0.5986981,0.7263633,0.8581384,0.71353245,0.73545223,0.73401356,0.80723345,0.78427786,0.9301703,0.7185523,0.85013115,0.75217134,0.63696533,0.6893359,0.7642539,0.75951064,0.6224988,0.7580963,0.71804905,0.65410453,0.7898702,0.68987197,0.7571542,0.69527334,0.6021442,0.65540427,0.7424449,0.59093153,0.6578461,0.64533556,0.7053878,0.7966745,0.5428121,0.7017059,0.721937,0.5488615,0.83184797,0.83184797,0.877275,0.8147445,0.86078405,0.70889854,0.71217287,0.71903765,0.9436114,0.54910254,0.65984106,0.69705635,0.6752416,0.789587,0.6471713,0.9560747,0.6967744,0.62047434,0.6673568
kw,0.61793053,0.8469218,0.68434346,0.65928286,0.5263703,0.43295008,0.5046156,0.32101786,0.6957119,0.7415679,0.7571371,0.79861826,0.43952587,0.66508734,0.57164276,0.6499456,0.53221047,0.5447632,0.6080067,0.6670762,0.41638735,0.57506394,0.51691246,0.6883996,0.6557474,0.64891464,0.66038865,0.64245415,0.5632417,0.4448999,0.6008701,0.6896033,0.691211,0.6510655,0.5717515,0.39061713,0.645519,0.58558494,0.42159805,0.5122295,0.6654705,0.7275318,0.66668284,0.646273,0.47137448,0.72243774,0.6459177,0.58277476,0.57268363,0.529041,0.5868172,0.5989351,0.50601393,0.600749,0.665434,0.6936033,0.5282518,0.5696769,0.70533746,0.60531473,0.68002844,0.69650203,0.61581457,0.39430094,0.6741822,0.768616,0.56965977,0.6469473,0.75404716,0.486194,0.6431072,0.53138316,0.68974125,0.5809903,0.6723827,0.67987394,0.59041667,0.60512745,0.64641047,0.48901787,0.6234228,0.599409,0.57867455,0.57302153,0.59366333,0.51736856,0.67816246,0.66810703,0.5343435,0.61370647,0.4585525,0.9146346,0.6596966,0.480505,0.68213755,0.5790417,0.52700615,0.6671281,0.66473424,0.39703047,0.6937565,0.6414266,0.74237627,0.7422572,0.56799626,0.72946733,0.6908958,0.6296542,0.65846807,0.62054104,0.6612347,0.8663185,0.6418864,0.6898088,0.6657973,0.51633507,0.724567,0.60663736,0.45588976,0.5390824,0.5947239,0.55339956,0.61144066,0.60377896,0.5946074,0.6322669,0.99999875,0.49539185,0.5705192,0.6438206,0.70849144,0.6467709,0.6766044,0.6516844,0.6755087,0.68105245,0.5386894,0.63878584,0.76531345,0.14602816,0.6196921,0.60796463,0.58427024,0.54628706,0.6723827,0.41195834,0.5997202,0.64829427,0.6295167,0.69189334,0.5622161,0.68057907,0.594014,0.5383968,0.6141136,0.48912412,0.57403296,0.47448364,0.5669918,0.51624393,0.639764,0.640805,0.4886769,0.5503146,0.56611097,0.6261615,0.6081733,0.6466638,0.72067714,0.72617555,0.6510655,0.6398765,0.5404376,0.653834,0.43597755,0.4856489,0.5907496,0.66866565,0.7207005,0.44787505,0.58587945,0.34040213,0.68955576,0.56158817,0.50099874,0.60237736,0.7472263,0.5794205,0.56044316,0.6700182,0.47186804,0.6824186,0.6349976,0.5559656,0.55023575,0.64888746,0.6192567,0.5468601,0.6416912,0.7508004,0.6040521,0.62566423,0.48733965,0.55856836,0.6510655,0.5944882,0.7448185,0.6064154,0.64439666,0.6585003,0.5318994,0.49972272,0.6058326,0.72479165,0.38610283,0.7650975,0.58516616,0.4918638,0.62755585,0.5569402,0.5213374,0.48798752,0.67342573,0.6221587,0.6479789,0.53611916,0.62278295,0.4967691,0.5537626,0.5540234,0.5358127,0.5384524,0.44841138,0.6662141,0.5467827,0.70236176,0.70236176,0.60316265,0.7630586,0.67918193,0.610977,0.54695255,0.49327618,0.64127624,0.5327224,0.33844638,0.63211447,0.63046914,0.6352469,0.6878071,0.6423279,0.5467334,0.54824805,0.36436328
ky,0.47310707,0.56165415,0.4561141,0.39621598,0.9315349,0.30733562,0.46892697,0.47412404,0.7384023,0.77108467,0.58107495,0.60395306,0.9087941,0.76230466,0.6009234,0.6123831,0.63338035,0.53990114,0.59538066,0.37875086,0.61576205,0.6408655,0.5922506,0.62715536,0.45640323,0.7225736,0.6588679,0.5356117,0.5694016,0.71535075,0.59192014,0.562932,0.54021,0.57613605,0.7307939,0.5633055,0.5942898,0.5379145,0.43510747,0.66149276,0.5730329,0.42302042,0.4430006,0.61710894,0.90683067,0.54829186,0.47535715,0.46329865,0.56086344,0.6604786,0.66217685,0.62949467,0.63863903,0.57168734,0.7316382,0.6007143,0.22907156,0.7256534,0.58027774,0.5370103,0.51783323,0.5604009,0.55626076,0.50585663,0.59255373,0.51462096,0.6068047,0.4734943,0.4805611,0.6575367,0.8280094,0.9585783,0.7870315,0.69134843,0.5376663,0.6078666,0.6950266,0.6915542,0.7327589,0.68313605,0.66455305,0.50474685,0.6446176,0.4434679,0.67444646,0.5549094,0.6560165,0.6431381,0.634645,0.5214876,0.36394995,0.55108064,0.7153287,0.96090585,0.74033284,0.6542812,0.53781873,0.6321185,0.4935297,0.88354445,0.7356051,0.64445645,0.5254681,0.6788957,0.5491612,0.6110587,0.73052764,0.4983055,0.67433876,0.76832104,0.5992248,0.58923703,0.6973477,0.5724391,0.68319315,0.46690574,0.5123954,0.7208325,0.41216034,0.3403913,0.60391635,0.57657427,0.61430335,0.41041312,0.6309569,0.71813476,0.49539185,1.0000002,0.7043621,0.50285417,0.6417816,0.75204355,0.47731903,0.5201759,0.6027251,0.66027784,0.54004514,0.7179145,0.5921446,0.37786582,0.52741313,0.58160067,0.491281,0.36059555,0.5376663,0.6499564,0.6502788,0.5117439,0.45338136,0.54099107,0.58762443,0.65578103,0.69364786,0.54359865,0.50742996,0.9426843,0.658138,0.51586384,0.49614298,0.42742702,0.54846495,0.4891278,0.4350585,0.54599005,0.5901108,0.6236176,0.59157526,0.6025796,0.724385,0.6839418,0.57613605,0.6368729,0.6191231,0.5186895,0.941072,0.582255,0.73397,0.5594547,0.64159673,0.396168,0.57989174,0.59658074,0.6861759,0.67747027,0.9530505,0.55982506,0.53049695,0.29356456,0.6823607,0.6934562,0.6399816,0.6472812,0.45795324,0.6218682,0.65709794,0.58824104,0.6531465,0.64208746,0.5807942,0.5499564,0.61953044,0.6344187,0.95167327,0.614939,0.57613605,0.6613463,0.68930864,0.8005999,0.46777704,0.7797676,0.594282,0.54079664,0.4998667,0.70670253,0.63379616,0.55440515,0.6160397,0.9427331,0.42601684,0.8289053,0.56819564,0.63122505,0.61989987,0.5020747,0.43028924,0.62405217,0.42741328,0.5252735,0.43367466,0.46543014,0.85373855,0.28467622,0.5543751,0.45909286,0.39779237,0.5888994,0.5888994,0.7547374,0.70916665,0.60360783,0.5319407,0.5308684,0.97236896,0.70946586,0.3359743,0.4948454,0.5099892,0.38574475,0.73734885,0.59471583,0.73243135,0.5693886,0.35005215,0.4743093
kz,0.4751752,0.58569425,0.53983974,0.40847573,0.6906743,0.047656678,0.41378066,0.23808281,0.90774274,0.88324946,0.6429772,0.53768724,0.69415295,0.8934878,0.6771446,0.74580127,0.6965211,0.66730666,0.772962,0.4121391,0.57212996,0.649267,0.53120756,0.66427314,0.54725415,0.79120153,0.46852425,0.57502234,0.52980804,0.73995054,0.73176163,0.7448812,0.52029175,0.5063626,0.8521684,0.46251625,0.6617165,0.45688567,0.6186124,0.79607654,0.6291334,0.5746069,0.29553324,0.69685566,0.7215028,0.590715,0.52135265,0.2760964,0.47964072,0.6652749,0.6861352,0.7660025,0.7447648,0.7936842,0.8079368,0.61154246,0.2708549,0.8293523,0.47997645,0.69434136,0.6069716,0.7234236,0.49956107,0.68828773,0.51612484,0.5898737,0.5975828,0.4040915,0.52072346,0.7582989,0.8520797,0.7104627,0.92006433,0.76350236,0.59298736,0.7821155,0.7242442,0.72761923,0.83863413,0.681154,0.6467864,0.51676935,0.65139633,0.5914025,0.7032917,0.50297475,0.60845965,0.62814474,0.5736474,0.5738801,0.4977696,0.6053755,0.8384336,0.7043881,0.8862085,0.7789271,0.53872895,0.71586245,0.34520224,0.63068,0.91982603,0.5775807,0.5770342,0.67318416,0.54722136,0.7150648,0.8111936,0.32452708,0.64335763,0.75022924,0.51350737,0.63753253,0.76922476,0.6726391,0.7368151,0.5357438,0.5614453,0.7633443,0.41084513,0.13941185,0.585744,0.56482637,0.66047955,0.45428514,0.5609488,0.7873908,0.5705192,0.7043621,0.9999993,0.48869035,0.59331447,0.90721303,0.4737633,0.4987659,0.6263204,0.7583917,0.49408543,0.73719424,0.54065555,0.33704463,0.36622447,0.617565,0.5171104,0.20475313,0.59298736,0.6495307,0.7659342,0.4312374,0.54015213,0.54639417,0.4992252,0.9142038,0.8451176,0.5803875,0.62091136,0.7177902,0.62217605,0.5605389,0.42749196,0.46566352,0.61438847,0.57115316,0.51016015,0.6814166,0.6737331,0.6395597,0.75241023,0.79789996,0.86475533,0.681221,0.5063626,0.6316428,0.75810385,0.5414301,0.71325177,0.54613656,0.64982575,0.5095397,0.5982513,0.24908091,0.599974,0.65443337,0.6326233,0.79264784,0.710152,0.53989285,0.6132628,0.24284288,0.90361404,0.6686095,0.5935649,0.6794436,0.50350416,0.66542506,0.63494897,0.7756508,0.89183086,0.79955757,0.60066044,0.5155938,0.73026586,0.65699536,0.7041275,0.55369407,0.5063626,0.61112803,0.83697265,0.85678726,0.54518574,0.9436203,0.63320905,0.6615576,0.63150406,0.824203,0.59156924,0.6373542,0.60557127,0.69900614,0.46862662,0.7940348,0.5672094,0.62342465,0.5974482,0.63860947,0.31376573,0.7954224,0.24847692,0.30637398,0.25203484,0.38406137,0.8734803,0.20669281,0.7150166,0.63879335,0.3375179,0.6841104,0.6841104,0.80092204,0.81942445,0.6834612,0.6085969,0.45052308,0.70429873,0.7834422,0.13029581,0.49855322,0.3671849,0.3709576,0.8975914,0.52022386,0.7958386,0.62974834,0.5343094,0.45390522
la,0.6560261,0.5689454,0.61389637,0.61282516,0.47281846,0.5629428,0.7396669,0.5476218,0.5708627,0.63123703,0.5994433,0.7628779,0.51823646,0.6158287,0.42873424,0.45405415,0.56209874,0.57077414,0.48088306,0.639262,0.57958615,0.67624044,0.62997735,0.7495895,0.59383166,0.6338902,0.68791574,0.6285543,0.52945143,0.5874302,0.36766094,0.40836468,0.6999683,0.71559644,0.57170254,0.53908664,0.76626277,0.5962703,0.3098165,0.4940437,0.5868826,0.6556675,0.75339186,0.6729234,0.5420435,0.665337,0.57610464,0.6812513,0.6806953,0.46472746,0.49018043,0.4543277,0.39365727,0.45695606,0.65760833,0.67222154,0.4186691,0.56299,0.72208935,0.4040223,0.6480492,0.54758507,0.71121,0.43243372,0.61051065,0.49129418,0.500617,0.6164245,0.5121303,0.60946476,0.6261089,0.4941561,0.65655345,0.6498911,0.6994374,0.43977615,0.6222126,0.6489134,0.64670765,0.527109,0.57274616,0.7416216,0.60968596,0.50216395,0.6343602,0.49011385,0.60196024,0.6731819,0.67676365,0.64243793,0.49082217,0.6773268,0.6207206,0.518389,0.6746514,0.67658746,0.5820504,0.5278711,0.7723161,0.49874875,0.50007,0.63115597,0.6367323,0.7048552,0.65629536,0.70038754,0.5567171,0.74922144,0.6182818,0.6309501,0.6094773,0.6472564,0.52087164,0.6924976,0.6610155,0.52495277,0.49578324,0.6060737,0.27519935,0.6595191,0.40921047,0.6419048,0.5736334,0.40915117,0.4650329,0.6142635,0.6438206,0.50285417,0.48869035,0.9999997,0.6821023,0.5878987,0.5877692,0.65516055,0.6866311,0.43579397,0.7117915,0.6446649,0.72851485,0.5721344,0.70740795,0.6683793,0.6102425,0.6538521,0.6994374,0.56166434,0.5005171,0.6837512,0.6345293,0.79677707,0.5962536,0.6073736,0.5517366,0.40106794,0.76352686,0.50048006,0.67271274,0.5415535,0.79502225,0.3952883,0.6402105,0.614083,0.46635813,0.5682568,0.37955475,0.5617452,0.54525244,0.6328329,0.51218325,0.6676537,0.71559644,0.61717755,0.4370161,0.61843544,0.520198,0.5378061,0.6250781,0.74331874,0.69631296,0.48882568,0.547356,0.46751708,0.682759,0.50614816,0.5044423,0.6983487,0.50983477,0.5688418,0.4662889,0.6356552,0.5874336,0.6613709,0.66232544,0.6987439,0.68151957,0.43097568,0.46762612,0.52476037,0.54719186,0.657931,0.45060113,0.6908938,0.49127358,0.68252623,0.71559644,0.693447,0.5288191,0.6200188,0.6326933,0.6391497,0.49529505,0.40003034,0.3278318,0.5003847,0.5608669,0.46957988,0.53269756,0.47604793,0.65073085,0.5666633,0.43455568,0.65010226,0.6218778,0.53761035,0.69281775,0.4583056,0.7343593,0.5883953,0.6794604,0.6062304,0.5250362,0.57398957,0.34301928,0.54413575,0.5815991,0.6915128,0.6915128,0.6209948,0.57519746,0.65920234,0.5516939,0.72097504,0.4987256,0.64772224,0.65851635,0.52556795,0.6633391,0.6434889,0.6199546,0.63270754,0.6361724,0.57493675,0.38064343,0.39639533
lb,0.66602093,0.72061324,0.5874826,0.69117296,0.65415716,0.6637835,0.7276956,0.56388205,0.67253727,0.83066815,0.6872341,0.9076811,0.59792495,0.7321081,0.61156106,0.61158484,0.5790426,0.5795102,0.5606597,0.623793,0.67646366,0.71130353,0.7903797,0.77465403,0.6747767,0.8281472,0.80815107,0.74298376,0.7871292,0.67495817,0.60609347,0.50535476,0.8151321,0.79309934,0.68493146,0.6892365,0.6849599,0.69857895,0.46161956,0.6007311,0.7873056,0.6894638,0.7553422,0.68748474,0.6130865,0.73340595,0.70137954,0.7610952,0.73871076,0.70628476,0.719693,0.6639765,0.59651214,0.5388325,0.8270549,0.7063378,0.5369674,0.73938644,0.81652284,0.60934985,0.74523056,0.680094,0.76675344,0.45098212,0.8231089,0.6846814,0.6586212,0.83491415,0.75046283,0.6606785,0.74621934,0.66728526,0.7809976,0.7401132,0.6312612,0.6738036,0.76105577,0.7502385,0.6652416,0.65648824,0.74644196,0.74769586,0.7555704,0.6550301,0.7519562,0.7577763,0.84423554,0.7783421,0.78673744,0.6766073,0.37369072,0.82115686,0.7216909,0.63495195,0.7348363,0.5827431,0.69132245,0.68806404,0.7866514,0.54879636,0.7028359,0.8374562,0.70742804,0.88266236,0.75497353,0.72956574,0.83635783,0.776346,0.8523658,0.73378927,0.8220693,0.8824169,0.6664374,0.67061627,0.8388861,0.4635257,0.6768149,0.7901653,0.5966628,0.69497645,0.5675818,0.74520713,0.73150605,0.6442652,0.6461789,0.79973114,0.70849144,0.6417816,0.59331447,0.6821023,0.9999995,0.7462884,0.6628262,0.7573822,0.80952954,0.79048014,0.732556,0.8138338,0.8540656,0.35633546,0.81508565,0.7712225,0.6741922,0.68923503,0.6312612,0.74278295,0.6542183,0.78239334,0.6812591,0.7693067,0.7403296,0.6118313,0.58511376,0.5943679,0.76912093,0.6312758,0.78115666,0.67956984,0.77179736,0.5893672,0.65678465,0.7123764,0.5978885,0.6385518,0.6035603,0.8334899,0.5971549,0.58999187,0.7332359,0.85045904,0.79309934,0.77558273,0.5762678,0.7639555,0.5923128,0.64444494,0.7231341,0.72015756,0.9870414,0.5939262,0.73675936,0.60107243,0.79168797,0.69183064,0.64568424,0.79970026,0.6962119,0.6073353,0.56906766,0.8356113,0.7609782,0.73291403,0.65977323,0.71236026,0.6874325,0.6511636,0.6138542,0.6143147,0.74521405,0.73561585,0.62320954,0.80424935,0.6311149,0.66574264,0.79309934,0.7177333,0.745965,0.7861052,0.6824128,0.695829,0.6693341,0.6413393,0.6445111,0.7483457,0.7463806,0.7188784,0.6040403,0.6329583,0.6451959,0.69129443,0.70430064,0.7561266,0.8806021,0.57406,0.7255742,0.61604744,0.74213094,0.6941989,0.7601586,0.72956926,0.63464993,0.63581264,0.5407188,0.6642791,0.62459075,0.79954517,0.79954517,0.75856644,0.7749363,0.78041756,0.64697254,0.7060758,0.63717777,0.79504067,0.68212014,0.5848257,0.7643041,0.710836,0.6619901,0.81372106,0.8302294,0.6537071,0.5566175,0.6308571
lc,0.6377544,0.61843234,0.60577905,0.5180819,0.73622644,0.32193896,0.60195273,0.37879983,0.894941,0.9401898,0.6802984,0.6798008,0.73456615,0.94077134,0.74060345,0.79892063,0.7013219,0.75215745,0.7800651,0.5484814,0.6379805,0.776289,0.7073864,0.75655085,0.6610989,0.9048381,0.66040146,0.7107866,0.61697847,0.77321625,0.75402856,0.7042895,0.6700842,0.65672874,0.9026505,0.5893595,0.70808816,0.62443024,0.57858664,0.79856396,0.74615526,0.6837504,0.46356896,0.7370503,0.7590388,0.7343517,0.66169655,0.5112651,0.603638,0.748889,0.73820037,0.7890501,0.7708847,0.7401091,0.9129453,0.75276995,0.43351394,0.86530304,0.64337087,0.72450334,0.6921209,0.7894327,0.6378937,0.7502178,0.6052234,0.60160744,0.6897369,0.5592853,0.62283057,0.8444362,0.901133,0.75933933,0.96449476,0.8654173,0.66651136,0.783724,0.85745573,0.84619266,0.85164815,0.77722096,0.76315707,0.6589279,0.8015179,0.6777404,0.8387315,0.60492724,0.77298707,0.76240975,0.6916952,0.6725648,0.54683244,0.72204036,0.8853663,0.7485897,0.93124646,0.76627266,0.6124704,0.76148665,0.53806674,0.6765031,0.8983718,0.6726475,0.6964483,0.7585996,0.6764972,0.7873226,0.87370044,0.5311483,0.7290304,0.8250593,0.5994415,0.7433176,0.7982087,0.7329492,0.8570438,0.5554179,0.575824,0.8952384,0.47184074,0.36972746,0.6342875,0.656777,0.7223551,0.5945233,0.6830113,0.89327323,0.6467709,0.75204355,0.90721303,0.5878987,0.7462884,0.99999964,0.64918184,0.6603628,0.7564353,0.79661685,0.64913017,0.7816691,0.6784453,0.43132418,0.595781,0.7376133,0.6808497,0.42075148,0.66651136,0.74329793,0.7849357,0.6093139,0.65859944,0.65206975,0.61471915,0.845841,0.8330914,0.6308606,0.70246005,0.753534,0.7553181,0.66090065,0.58921605,0.554553,0.70462227,0.71064514,0.64701325,0.7325767,0.7101952,0.72258055,0.77687633,0.78645957,0.858374,0.7406984,0.65672874,0.76265305,0.74004656,0.6820985,0.7452823,0.66283846,0.74214625,0.629362,0.7399333,0.3985349,0.7340241,0.6724516,0.7798041,0.81216764,0.7522718,0.6833695,0.6164198,0.41876075,0.87660503,0.7308763,0.7379558,0.81747144,0.64218456,0.78325,0.77617526,0.80686903,0.82528114,0.81516397,0.7110215,0.57975364,0.74744976,0.7790294,0.74478537,0.7137945,0.65672874,0.7680906,0.8212148,0.9276838,0.6710484,0.93487096,0.72409946,0.6807315,0.66217196,0.8280045,0.67732537,0.6577527,0.71022,0.73828286,0.61270404,0.84436184,0.6600055,0.74962044,0.6714665,0.7043807,0.5286588,0.78874606,0.4493383,0.5126339,0.47689173,0.5743025,0.8666959,0.43344718,0.70779306,0.74592584,0.4702916,0.7985611,0.7985611,0.8679297,0.85580355,0.7909103,0.6997208,0.61762697,0.7475506,0.90207744,0.35239956,0.57161415,0.58380955,0.5769254,0.90749973,0.5986688,0.9229764,0.68081343,0.56972855,0.5940168
li,0.5674303,0.54755545,0.47048745,0.6667026,0.4476498,0.6155288,0.59485203,0.22070561,0.56176835,0.6731435,0.54243445,0.66942275,0.45355767,0.681686,0.533925,0.6853039,0.4074008,0.5000371,0.49776226,0.5215671,0.23092777,0.6620653,0.67008644,0.62482345,0.53298724,0.69492364,0.7426406,0.57548773,0.37418738,0.48679787,0.44256663,0.4553888,0.6576688,0.65811473,0.6227983,0.43559927,0.57945085,0.65355027,0.23261084,0.5373713,0.65226454,0.65474904,0.6333617,0.6045094,0.4691935,0.75984514,0.548513,0.6956628,0.41751376,0.63279593,0.5964115,0.6591317,0.5998514,0.3779634,0.6963853,0.67833817,0.65680844,0.5880408,0.67706203,0.4476012,0.5805498,0.55727756,0.48103237,0.63908327,0.43080634,0.44830194,0.5893728,0.6186038,0.7201125,0.62395364,0.602767,0.48601195,0.6627113,0.67719734,0.5741868,0.5595664,0.69489574,0.692628,0.6031995,0.4910742,0.651542,0.5958189,0.68572384,0.63866764,0.694672,0.37280124,0.7103489,0.70766664,0.46575308,0.57001066,0.49098164,0.68822503,0.6335851,0.480245,0.6371614,0.53920597,0.34859827,0.6009323,0.6914198,0.44267058,0.55762774,0.4536574,0.8602032,0.55127805,0.54848075,0.6153747,0.64743155,0.7052239,0.44409883,0.6162339,0.42170876,0.73951054,0.57212704,0.58497375,0.6933906,0.468547,0.47314095,0.69956625,0.4285766,0.61385566,0.5894531,0.47788173,0.4640123,0.62687117,0.6521021,0.6582536,0.6766044,0.47731903,0.4737633,0.5877692,0.6628262,0.64918184,0.99999845,0.6430948,0.7043319,0.5344952,0.5566044,0.449147,0.6656836,0.18756539,0.72106653,0.6088015,0.55780965,0.6099946,0.5741868,0.44930667,0.5126268,0.6640631,0.5459969,0.60266554,0.65487206,0.50997865,0.52736354,0.6004382,0.540423,0.4724927,0.6784042,0.52927023,0.6217901,0.486463,0.5746163,0.6843912,0.7008949,0.5563323,0.55714196,0.42557272,0.48323262,0.50816345,0.56436473,0.5046888,0.65811473,0.6884154,0.49533862,0.6480378,0.4459356,0.5543227,0.5227908,0.664834,0.66592854,0.32641196,0.8328323,0.4869691,0.7536697,0.5887141,0.46278512,0.59266794,0.45765963,0.49764743,0.49230826,0.44859332,0.65579754,0.73914075,0.5529245,0.6167151,0.6787623,0.71791667,0.40688267,0.5571709,0.5376614,0.3983243,0.50072706,0.62712926,0.44860935,0.68346024,0.65811473,0.6996312,0.50135684,0.5773115,0.54850674,0.6095519,0.6236641,0.41924685,0.48772588,0.5543762,0.41366324,0.4991396,0.6311945,0.4348965,0.5388035,0.54500866,0.5195102,0.640179,0.4629221,0.6033337,0.6373829,0.47528258,0.6524529,0.6417772,0.66430825,0.63842064,0.45650312,0.7557552,0.35523924,0.8378175,0.55226266,0.7171061,0.7171061,0.6293621,0.64150316,0.65282613,0.49584448,0.57107484,0.47409198,0.6875212,0.60994995,0.27289206,0.7194453,0.80033165,0.62834686,0.4326635,0.7109964,0.3942511,0.42004806,0.5202885
lk,0.70980823,0.58083034,0.6057543,0.61058617,0.51522285,0.7291895,0.71436155,0.5981539,0.5787859,0.7313248,0.57056814,0.7648905,0.4840948,0.624588,0.63966656,0.6623933,0.5552406,0.56473756,0.60085624,0.72100437,0.70425856,0.713781,0.80526006,0.75589323,0.7486769,0.8079983,0.7874899,0.80749655,0.7489625,0.6103446,0.62613827,0.5501333,0.8763003,0.71760976,0.6617368,0.7492724,0.6019274,0.77528584,0.49645233,0.5271758,0.7123629,0.79230034,0.7538056,0.7194992,0.48821494,0.73288804,0.7717737,0.83210593,0.76592594,0.62010103,0.5522454,0.5045445,0.43535647,0.5071506,0.82093966,0.73995125,0.6717326,0.64699364,0.7791058,0.6029136,0.6541698,0.67775613,0.7897982,0.53777134,0.6384819,0.5423475,0.70958006,0.8181756,0.715798,0.6729871,0.6887907,0.5250684,0.700119,0.7562002,0.66645247,0.6763308,0.7981641,0.7973999,0.6103557,0.7155898,0.6976383,0.75863796,0.809414,0.70576656,0.81503654,0.7379544,0.77509415,0.7735124,0.6843422,0.72043425,0.4178984,0.74059653,0.60494095,0.51659226,0.68793726,0.5144458,0.722239,0.727334,0.8172393,0.4109899,0.58424985,0.6722557,0.6175399,0.7491626,0.77590424,0.7711202,0.73497176,0.8202181,0.7285144,0.6803235,0.63008964,0.7233906,0.5912304,0.71983826,0.8086117,0.6226744,0.55180246,0.802281,0.5413329,0.7755204,0.57018805,0.71356595,0.702644,0.65826005,0.6699011,0.7834565,0.6516844,0.5201759,0.4987659,0.65516055,0.7573822,0.6603628,0.6430948,1.0,0.7409705,0.5713671,0.7809162,0.68995696,0.76628494,0.5569095,0.85869455,0.7763555,0.7093605,0.8389336,0.66645247,0.7192229,0.52249587,0.8621859,0.7894596,0.8138065,0.6987366,0.5670659,0.44289425,0.55043685,0.69569725,0.4938847,0.78019536,0.7068194,0.7129951,0.6584348,0.7016231,0.7264294,0.6541162,0.6215434,0.6107633,0.7355851,0.62600046,0.6091566,0.561617,0.686264,0.71760976,0.6999094,0.44572634,0.8485975,0.4717651,0.72233677,0.71563476,0.7624656,0.7656584,0.64416355,0.62385315,0.5177768,0.7811975,0.6180591,0.5261203,0.67589515,0.55401784,0.7197473,0.49658382,0.67159545,0.73616076,0.6307445,0.7224413,0.7371069,0.68711925,0.58320993,0.53373957,0.54580957,0.7349724,0.63201237,0.6029763,0.8054061,0.5028286,0.62841743,0.71760976,0.73369473,0.61474437,0.7383032,0.766391,0.5920412,0.70609856,0.52291185,0.66730046,0.54770905,0.6490526,0.5374161,0.70413387,0.5255686,0.71951914,0.60474366,0.6634892,0.67583233,0.67617714,0.56485856,0.823412,0.59349555,0.7725692,0.7473441,0.78896934,0.7329849,0.51881146,0.69539475,0.5111275,0.67789316,0.64826477,0.7404659,0.7404659,0.74513614,0.65609527,0.84180725,0.7185937,0.7432728,0.5190698,0.8183193,0.7679422,0.65007186,0.79997617,0.7439977,0.56229573,0.63355905,0.81009,0.6271645,0.6528894,0.64516413
lr,0.73277485,0.60432106,0.64371467,0.67192346,0.5939604,0.61638314,0.682858,0.5250135,0.71654737,0.81324136,0.70485944,0.7724695,0.5740187,0.7489178,0.6508913,0.7104515,0.63719904,0.6501726,0.65045756,0.70247144,0.6461895,0.70755833,0.7695179,0.7753469,0.7223539,0.819618,0.78061,0.7278592,0.67320275,0.66673875,0.61760354,0.6040696,0.7910336,0.67506963,0.71632916,0.6877669,0.7033028,0.74364525,0.4161219,0.6418311,0.7177142,0.75305784,0.711696,0.7141265,0.59857696,0.79056215,0.73957115,0.75611544,0.6757435,0.7339299,0.67998314,0.6977595,0.61454374,0.56951684,0.8401123,0.7512069,0.60837734,0.7048612,0.80240774,0.5576856,0.7327244,0.7248516,0.700287,0.6277439,0.63575673,0.5829066,0.70389134,0.75353235,0.6884922,0.7366922,0.77518034,0.6103686,0.8023044,0.79726297,0.7323385,0.7038463,0.808859,0.80826116,0.7111158,0.67026985,0.74857044,0.73749274,0.79675674,0.6309936,0.8293012,0.6614082,0.7561949,0.7776468,0.6951138,0.6881188,0.49547082,0.73539597,0.7423433,0.5989834,0.79223204,0.63533616,0.67599326,0.7209869,0.7720064,0.53396946,0.7013381,0.69778126,0.7271568,0.7652101,0.76890534,0.80142003,0.7561144,0.7765318,0.71046275,0.79179615,0.6289609,0.7668888,0.6457681,0.75716853,0.8264355,0.55959177,0.5884863,0.81769276,0.61257666,0.67592436,0.6716255,0.76519394,0.7170806,0.6233751,0.74457526,0.8006264,0.6755087,0.6027251,0.6263204,0.6866311,0.80952954,0.7564353,0.7043319,0.7409705,1.0000008,0.68854225,0.69492596,0.73715705,0.77442336,0.4467225,0.7989726,0.79353917,0.7276996,0.6654325,0.7323385,0.6980112,0.64126885,0.7826036,0.7303164,0.7482866,0.7064543,0.6609323,0.6431382,0.5635362,0.66572344,0.5834772,0.7760144,0.6797397,0.7104833,0.65156996,0.73911065,0.7763523,0.6604685,0.6756506,0.6544475,0.70093304,0.6563816,0.67757845,0.6904181,0.7313717,0.67506963,0.74908143,0.62501293,0.77129436,0.56545836,0.7157944,0.7153134,0.7686104,0.8213996,0.58790815,0.6836928,0.53144675,0.788004,0.67885906,0.6043786,0.7323407,0.596889,0.6439116,0.62983316,0.71060157,0.71616256,0.71851414,0.73297817,0.77148134,0.7088285,0.6656321,0.61061454,0.6420381,0.76853985,0.6287377,0.6543878,0.8218323,0.58889705,0.67491746,0.67506963,0.73633975,0.6891125,0.785266,0.7370209,0.73789877,0.6973193,0.6530702,0.63558894,0.6751236,0.6806876,0.5731462,0.70301104,0.591127,0.71746874,0.6857775,0.64926064,0.7448711,0.7238502,0.6358185,0.74898744,0.59695315,0.7210277,0.6613164,0.73816466,0.72043,0.6351726,0.67785925,0.53129953,0.70093656,0.62544715,0.83281744,0.83281744,0.7526821,0.72365004,0.7967972,0.687196,0.677911,0.5940273,0.81775844,0.6651118,0.63062024,0.7555759,0.7670207,0.71947986,0.6371095,0.8209403,0.65850145,0.54809326,0.61310315
ls,0.51283914,0.7571269,0.5369122,0.51710725,0.69245934,0.28677908,0.4585868,0.3759738,0.79540205,0.88744944,0.7202942,0.7721113,0.6176972,0.78118914,0.69224334,0.7463385,0.56134236,0.55419284,0.6839051,0.45880952,0.6087474,0.49572682,0.6161644,0.6331357,0.5300274,0.74923456,0.5963979,0.58977586,0.75293773,0.6298204,0.7147239,0.678568,0.60032827,0.59836996,0.68950707,0.6133099,0.61380345,0.5182344,0.53454673,0.67048377,0.7283372,0.5620456,0.49237913,0.6294706,0.63521206,0.6084151,0.573317,0.46230385,0.45526826,0.65714216,0.68578166,0.7603369,0.68104184,0.60497475,0.75667864,0.56447315,0.46730047,0.79644877,0.64359725,0.721719,0.71187234,0.6687711,0.48061082,0.43019202,0.79635084,0.8201888,0.60125023,0.6080552,0.65269905,0.5580441,0.7727509,0.6893474,0.8089144,0.64718777,0.55742604,0.7776587,0.65614647,0.6480565,0.6953438,0.64200854,0.6975239,0.49174982,0.63025767,0.5931086,0.6371387,0.7332094,0.6939231,0.6253246,0.6838599,0.5557862,0.37096697,0.7360704,0.7701231,0.6518519,0.7531341,0.6289106,0.5436237,0.69698054,0.5198455,0.5583616,0.8938453,0.7781477,0.64575744,0.8626305,0.61853635,0.6702762,0.8490978,0.49430624,0.82035947,0.7188516,0.78722453,0.8126,0.7665787,0.6170799,0.7479377,0.4134742,0.7758438,0.71711415,0.69138896,0.3646935,0.6666382,0.6128256,0.6442529,0.50409347,0.64954966,0.7419944,0.68105245,0.66027784,0.7583917,0.43579397,0.79048014,0.79661685,0.5344952,0.5713671,0.68854225,1.0000006,0.3747238,0.83893174,0.736832,0.22438169,0.53099364,0.6636061,0.539098,0.38953555,0.55742604,0.6668993,0.7303256,0.5567976,0.5514911,0.48394668,0.5936064,0.73931247,0.68741584,0.5682404,0.5661476,0.6615422,0.65529406,0.62775344,0.46158323,0.67721075,0.57751256,0.59521174,0.5106866,0.6514312,0.7793247,0.83305115,0.6256108,0.6372378,0.9200603,0.86003387,0.59836996,0.6632741,0.7156332,0.6209425,0.6239242,0.5434636,0.6471914,0.5542695,0.7945755,0.41049305,0.67612314,0.58958656,0.6442653,0.74072677,0.6732673,0.59684354,0.8309643,0.40590614,0.7254602,0.828745,0.6387077,0.65326035,0.52301794,0.5729254,0.47261408,0.7526435,0.7470239,0.69106746,0.69389385,0.7063032,0.72734886,0.6939552,0.6705972,0.4437768,0.59836996,0.5047982,0.87447894,0.75575143,0.5572496,0.78339946,0.57160616,0.79196024,0.74782836,0.9296418,0.6525535,0.84741694,0.58095473,0.6741601,0.49668455,0.7093656,0.6334294,0.5154984,0.8697618,0.5912877,0.46278185,0.6671185,0.454101,0.45618406,0.46196383,0.52305967,0.7311749,0.3801603,0.59158266,0.6655735,0.38164327,0.6721491,0.6721491,0.7036766,0.91300493,0.6626826,0.55738556,0.342321,0.6600208,0.7139101,0.34922874,0.51818377,0.53680587,0.498501,0.7463899,0.79107213,0.7474461,0.56975806,0.50445944,0.5073733
lt,0.65824646,0.47751823,0.55572504,0.5746068,0.50850487,0.67541957,0.7880786,0.577968,0.5209015,0.62926036,0.45495397,0.68947905,0.5264561,0.6317215,0.42954937,0.45592412,0.57008183,0.5709159,0.48981428,0.65878326,0.6474886,0.8853907,0.730708,0.750483,0.7400715,0.7680986,0.74505126,0.8086983,0.60608953,0.6783921,0.52220154,0.35982564,0.83741236,0.7156968,0.643389,0.59274983,0.5574509,0.70051444,0.5215097,0.5082785,0.6189462,0.71903163,0.69245917,0.6964655,0.54948485,0.724702,0.696793,0.7466674,0.87057644,0.5540001,0.5494079,0.3851026,0.4174972,0.5441333,0.77217025,0.76478964,0.38930517,0.62200034,0.70065165,0.45859125,0.57306665,0.62709177,0.88302886,0.49488863,0.5483711,0.3304462,0.6144415,0.72290015,0.60711163,0.7520071,0.65552515,0.54030293,0.67766947,0.75806576,0.6194856,0.48201483,0.7516879,0.7526026,0.59975004,0.68374825,0.60453135,0.8183381,0.7323917,0.6383312,0.7529155,0.5689907,0.7751569,0.77168405,0.6988504,0.70005095,0.41196126,0.67161405,0.5990633,0.5484024,0.67157644,0.4745553,0.7540715,0.61522853,0.73741,0.45884776,0.446704,0.5926355,0.5130559,0.6427331,0.6497519,0.7206248,0.6124673,0.73484933,0.67511916,0.66276973,0.5555613,0.65098464,0.43921033,0.66796136,0.75225824,0.5916591,0.34815422,0.75572824,0.27845678,0.68494415,0.37199563,0.63893485,0.7222248,0.60184664,0.54354185,0.7456001,0.5386894,0.54004514,0.49408543,0.7117915,0.732556,0.64913017,0.5566044,0.7809162,0.69492596,0.3747238,0.9999991,0.5880764,0.6661916,0.5809032,0.78654,0.6496745,0.66713464,0.7192837,0.6194856,0.6862539,0.45669112,0.77474385,0.71843946,0.9268387,0.651457,0.53054595,0.43112954,0.5681374,0.74281734,0.53172,0.7190075,0.60113704,0.7793377,0.32027376,0.65595776,0.644585,0.5991573,0.56246394,0.34516972,0.62617886,0.60978085,0.59561175,0.40048736,0.57431537,0.7156968,0.6711589,0.3230523,0.77076983,0.5243021,0.6780609,0.6712361,0.7083225,0.7182884,0.5866596,0.5491179,0.52242607,0.7933848,0.5830076,0.5521557,0.6620593,0.3474659,0.59994286,0.44622758,0.5897033,0.67466456,0.6347561,0.66393054,0.73336256,0.8632181,0.50438076,0.52876204,0.5262178,0.6234857,0.54941356,0.43160594,0.6957704,0.5213253,0.8023019,0.7156968,0.85630476,0.4995259,0.75219524,0.71534723,0.5682157,0.6280479,0.32998955,0.49534175,0.37965342,0.61767244,0.3997622,0.6345032,0.5257462,0.65861803,0.5855991,0.64475185,0.77289915,0.57102674,0.4617232,0.7379998,0.6102191,0.6869455,0.69149643,0.70265645,0.67122924,0.54092574,0.58982116,0.5067379,0.54057825,0.6707157,0.6955248,0.6955248,0.708988,0.50723785,0.79892737,0.6886532,0.97051555,0.54344064,0.78306717,0.675595,0.5993719,0.703441,0.6389628,0.52056164,0.54512614,0.78155136,0.6623275,0.60862494,0.64025867
lu,0.62888783,0.7388709,0.6159469,0.56735915,0.73061454,0.44767174,0.5937746,0.60680026,0.7937343,0.8944734,0.7470987,0.8504573,0.6933467,0.7643298,0.7010788,0.62326133,0.68777144,0.61369956,0.68854463,0.5847452,0.832063,0.5517462,0.7095767,0.73682696,0.62908036,0.8168243,0.67693096,0.66706437,0.8923133,0.74043703,0.68274534,0.67266536,0.7211483,0.72420067,0.7375828,0.79663557,0.7041051,0.6365665,0.52541214,0.70326984,0.6553735,0.61342686,0.65089524,0.7207029,0.7095299,0.61039513,0.6574776,0.6233491,0.6570738,0.6783922,0.69534945,0.71232164,0.6033394,0.65084,0.8309293,0.609707,0.40480992,0.7715243,0.7555281,0.7034038,0.7692648,0.7100729,0.6664736,0.4235785,0.87659085,0.8048688,0.72096187,0.69760674,0.5847967,0.6455583,0.85436773,0.72827315,0.8464148,0.73256886,0.672174,0.77985865,0.7361337,0.7370768,0.74746233,0.7162016,0.7395891,0.6382025,0.7123636,0.5573285,0.7280204,0.86328274,0.69014424,0.69631135,0.82533354,0.65661824,0.3748798,0.7198049,0.8046418,0.71268564,0.8059669,0.69696236,0.72544456,0.7375798,0.6831086,0.65255547,0.8477211,0.9398535,0.5450681,0.95873594,0.8110797,0.7617534,0.8414573,0.66811097,0.93922865,0.78254974,0.8732432,0.7316846,0.774359,0.71541333,0.8214882,0.5122011,0.78669345,0.7855332,0.5859065,0.536567,0.7041162,0.8125958,0.7854954,0.45856166,0.69982547,0.8067514,0.63878584,0.7179145,0.73719424,0.6446649,0.8138338,0.7816691,0.449147,0.68995696,0.73715705,0.83893174,0.5880764,1.0,0.82502407,0.5475806,0.6831139,0.82106674,0.6340415,0.55651605,0.672174,0.78477234,0.744009,0.69693166,0.6527073,0.6849382,0.6833707,0.76881784,0.71042144,0.532471,0.6686748,0.7117057,0.75058407,0.7545756,0.63632756,0.70086586,0.66981775,0.6586921,0.41192356,0.6899813,0.7003113,0.9218355,0.66139466,0.6975309,0.8672805,0.9742935,0.72420067,0.70990604,0.6886932,0.6718682,0.6988225,0.64548516,0.76738954,0.697932,0.82477,0.57769537,0.58149546,0.6205182,0.6836152,0.7383906,0.7313519,0.67581034,0.82098776,0.5240737,0.71101224,0.97888446,0.71100056,0.6176536,0.6378314,0.74407184,0.536662,0.6240896,0.70500225,0.64377517,0.7730439,0.8164653,0.72448397,0.8475858,0.7255002,0.48268083,0.72420067,0.5740959,0.8972707,0.8460329,0.6518064,0.81539387,0.6512193,0.7264931,0.6900274,0.8663875,0.818983,0.7498987,0.6760595,0.7286917,0.6143656,0.7706744,0.6750339,0.61803806,0.90374345,0.5615119,0.6154894,0.6669046,0.6188117,0.5480854,0.6126164,0.6327793,0.7866611,0.4265615,0.635218,0.5267878,0.4513732,0.74994457,0.74994457,0.77289915,0.83016276,0.75583637,0.6329528,0.55594426,0.7148437,0.80452824,0.53021353,0.7246663,0.632456,0.543375,0.7756882,0.8795202,0.8142047,0.7417356,0.50277126,0.557436
lv,0.68206143,0.78010035,0.62291795,0.6879207,0.6032506,0.67510957,0.68085766,0.5980915,0.64952433,0.80077183,0.72836894,0.9460627,0.55678695,0.6859301,0.5907737,0.6243373,0.5701722,0.56078327,0.58623916,0.65895927,0.671028,0.63977826,0.77146447,0.731568,0.6727952,0.7691977,0.79923844,0.7043638,0.7935241,0.6385358,0.58155787,0.53786623,0.8091296,0.78251433,0.53289306,0.7196026,0.6893017,0.7008433,0.41102123,0.57690114,0.72154474,0.70043486,0.8453084,0.69656795,0.5746966,0.73039556,0.69666237,0.7962984,0.7027613,0.62169504,0.5844397,0.6552094,0.4923645,0.5154797,0.7783962,0.6914066,0.5676802,0.6887756,0.92023414,0.6140083,0.85162854,0.6444266,0.72749734,0.36635366,0.85929585,0.7302637,0.6747174,0.8124611,0.73943436,0.5504109,0.71399105,0.60982925,0.73628116,0.6538195,0.6685841,0.6773545,0.6509205,0.6486109,0.6329651,0.6464912,0.64677215,0.7052977,0.6506773,0.6209365,0.6808277,0.75779736,0.80299115,0.7700459,0.65340024,0.68693405,0.42092288,0.8247658,0.67742753,0.587635,0.7036553,0.6011133,0.66987115,0.6951938,0.8307015,0.5205729,0.68991214,0.8572685,0.69512236,0.9090326,0.7569702,0.7333993,0.7597736,0.826596,0.8489409,0.7033286,0.8464292,0.85302395,0.67358744,0.68981725,0.8087807,0.48220894,0.7310873,0.75028145,0.49279717,0.74410063,0.6595498,0.7657634,0.69189286,0.56577986,0.70647603,0.76280755,0.76531345,0.5921446,0.54065555,0.72851485,0.8540656,0.6784453,0.6656836,0.76628494,0.77442336,0.736832,0.6661916,0.82502407,1.0000007,0.41572785,0.8285596,0.76567674,0.6661475,0.7419712,0.6685841,0.69849765,0.6242877,0.83822155,0.69015837,0.7752078,0.72196066,0.62573886,0.56341994,0.5792385,0.67370677,0.5850015,0.7721828,0.66554636,0.7378826,0.6408393,0.65577734,0.67951053,0.5133937,0.62847656,0.6258764,0.81123745,0.5661667,0.5965458,0.73627657,0.8844648,0.78251433,0.72773826,0.59176236,0.74755365,0.5549886,0.6441533,0.71338946,0.7611925,0.86907274,0.5997243,0.7018319,0.5511862,0.78017044,0.6725679,0.60337204,0.65796643,0.74711084,0.65965873,0.53937095,0.8519775,0.7289757,0.6941315,0.6836344,0.67631257,0.62100196,0.6107266,0.53252256,0.5792585,0.7258228,0.7835038,0.6427583,0.7908509,0.5845318,0.6167921,0.78251433,0.675105,0.7565492,0.7277175,0.6750951,0.67316073,0.635199,0.5579736,0.62663335,0.75076425,0.71887565,0.7382207,0.681385,0.59092283,0.67215705,0.6398404,0.61978436,0.60499036,0.83176756,0.57039076,0.7685777,0.5423295,0.7922119,0.718226,0.7907154,0.73299116,0.5772008,0.6610037,0.47652876,0.6358881,0.60051405,0.7922689,0.7922689,0.7285241,0.8025395,0.7593025,0.60789466,0.66017914,0.5892199,0.7608914,0.7456322,0.56783307,0.78229815,0.73742014,0.6509211,0.8668092,0.7686821,0.56578034,0.5072563,0.58232176
ly,0.47646403,0.1734007,0.37525788,0.26755702,0.33120975,0.47964022,0.65081334,0.5629671,0.33588755,0.4130863,0.2611813,0.38986933,0.39696503,0.41894966,0.32921836,0.28403535,0.42646244,0.4131357,0.32579762,0.47181416,0.71427596,0.4605451,0.49832335,0.49994045,0.4193032,0.54556537,0.438346,0.5400616,0.5462308,0.46891618,0.3274569,0.28754446,0.51993704,0.45869127,0.47386074,0.64852184,0.3996849,0.52529895,0.31590283,0.3562367,0.33081195,0.39786863,0.45776302,0.49524495,0.4083748,0.37172258,0.47102717,0.5193789,0.4926305,0.33404672,0.27810514,0.21742094,0.22045994,0.26367244,0.54305524,0.4167253,0.3312286,0.4153908,0.46384257,0.30442026,0.36421835,0.42494154,0.48502558,0.42378086,0.3499102,0.25106573,0.44689828,0.40249997,0.14855832,0.5584891,0.508723,0.34978616,0.47248447,0.558892,0.4630802,0.2811209,0.55456436,0.56274396,0.43213606,0.54219854,0.41120115,0.55388695,0.53773826,0.36427444,0.56789416,0.5462777,0.35126066,0.42390782,0.6113663,0.48951507,0.2934884,0.2305829,0.42312533,0.38488314,0.4783582,0.372334,0.5845104,0.42076024,0.50944346,0.3502133,0.29096803,0.45025933,0.16292454,0.48371994,0.625159,0.51213545,0.3369583,0.5290245,0.5021263,0.48243728,0.35703942,0.13717748,0.3142403,0.484753,0.5168999,0.46745837,0.27412194,0.5501829,0.20408736,0.475594,0.23780319,0.5750568,0.4793948,0.17046803,0.36894798,0.5366393,0.14602816,0.37786582,0.33704463,0.5721344,0.35633546,0.43132418,0.18756539,0.5569095,0.4467225,0.22438169,0.5809032,0.5475806,0.41572785,1.0,0.5494818,0.5995235,0.475572,0.51856977,0.4630802,0.56746113,0.28026313,0.5410097,0.49812678,0.5232004,0.45748782,0.36491606,0.29412535,0.20138073,0.50264657,0.3618543,0.50406843,0.6636614,0.58070195,0.43104053,0.4776115,0.46251068,0.35603708,0.42849007,0.30420983,0.50927186,0.43536687,0.43141246,0.23550954,0.42897728,0.45869127,0.37592995,0.22873707,0.5244037,0.39027637,0.5220238,0.52205276,0.521008,0.3552636,0.49401122,0.2041442,0.34061006,0.41325215,0.36204755,0.38101268,0.405195,0.28155982,0.4068619,0.3040852,0.4520528,0.46065256,0.2820465,0.4757206,0.6651756,0.47021157,0.20992453,0.29935375,0.33641422,0.47298187,0.39188048,0.30896392,0.6121322,0.36013675,0.38970485,0.45869127,0.45564216,0.27515298,0.5454043,0.49571353,0.41036302,0.43047926,0.26558658,0.26954946,0.19844839,0.5225816,0.063807815,0.48839903,0.36442652,0.4710284,0.4221155,0.40629986,0.5038138,0.4002774,0.3090278,0.5218358,0.3951295,0.47371066,0.41049382,0.48303583,0.46307418,0.43524975,0.32924995,0.3349321,0.31231266,0.33996516,0.4499117,0.4499117,0.48124462,0.29318547,0.55722284,0.4667604,0.53892344,0.3740565,0.5744366,0.4781396,0.7236053,0.44005126,0.3670452,0.3741132,0.3547935,0.55232346,0.5157347,0.33763105,0.39126396
ma,0.75100195,0.5916854,0.573516,0.7316832,0.5102904,0.9224172,0.7722158,0.7104417,0.49301523,0.6926688,0.5758379,0.83643883,0.4958459,0.5874447,0.5927565,0.61175144,0.5150389,0.53734094,0.48154584,0.7439593,0.6917741,0.7011984,0.8490313,0.73538107,0.709292,0.7834341,0.88491446,0.76800555,0.74239546,0.60316306,0.4777189,0.45004135,0.89143836,0.8066969,0.617388,0.80673647,0.6013076,0.8529906,0.33102646,0.4857411,0.6864973,0.7394041,0.8893473,0.69121486,0.5091885,0.7711249,0.73580545,0.9805566,0.78015953,0.69005775,0.6185989,0.48711544,0.4241347,0.3716156,0.79629195,0.7328555,0.7159595,0.5998069,0.86684257,0.5098197,0.68661636,0.6157892,0.79229355,0.4982602,0.67398286,0.53744686,0.7446596,0.88879025,0.71072227,0.66028744,0.65814936,0.52634716,0.64775246,0.7540754,0.6782763,0.5956652,0.7979679,0.796983,0.5566056,0.6697159,0.73918843,0.79041964,0.819816,0.6448498,0.81908774,0.7478642,0.7978457,0.81027144,0.7178791,0.7299118,0.4205362,0.69640124,0.60264724,0.52430516,0.6357746,0.45905337,0.7322744,0.69498086,0.9536577,0.4619647,0.49468222,0.7207704,0.67456377,0.75932723,0.8237382,0.72522223,0.6723334,0.9723368,0.71731114,0.67986214,0.66869825,0.72508514,0.5518395,0.68048865,0.8062687,0.55557615,0.5682884,0.7897614,0.56303835,0.9447813,0.6499741,0.77663773,0.6613858,0.6249327,0.76514214,0.76098704,0.6196921,0.52741313,0.36622447,0.70740795,0.81508565,0.595781,0.72106653,0.85869455,0.7989726,0.53099364,0.78654,0.6831139,0.8285596,0.5494818,1.0000004,0.80898005,0.7235829,0.93404126,0.6782763,0.711006,0.4854405,0.9234209,0.74158776,0.80379045,0.7940635,0.43179214,0.4179094,0.58033985,0.63537866,0.49168125,0.8125241,0.6897111,0.82843244,0.67380357,0.6874023,0.75559205,0.66151536,0.58400494,0.5734317,0.7005169,0.5128537,0.5069781,0.5091868,0.70016426,0.8066969,0.764918,0.4020068,0.8301301,0.481037,0.7664696,0.7149405,0.8439504,0.8234864,0.70298535,0.6771421,0.5000759,0.8222068,0.5959437,0.5306183,0.71727157,0.5485275,0.7565297,0.3917149,0.6879246,0.76816225,0.6324914,0.73950434,0.7435811,0.7003536,0.5027594,0.36449277,0.473826,0.7205311,0.6158663,0.5274253,0.834024,0.50565135,0.6792194,0.8066969,0.756001,0.53364706,0.6989128,0.73486495,0.5257095,0.7317281,0.45866367,0.61177135,0.51113224,0.69799227,0.4935708,0.742587,0.51462555,0.7384898,0.55929667,0.69562906,0.73359245,0.68343854,0.5297628,0.89390635,0.46028006,0.9273006,0.8465388,0.94510496,0.85954916,0.45589197,0.83068407,0.39252907,0.62813866,0.73588014,0.77765447,0.77765447,0.6799489,0.61019874,0.80770886,0.62875503,0.7749158,0.52101344,0.78143746,0.9414393,0.65045816,0.9021567,0.85674304,0.52612144,0.66812986,0.7888292,0.60346043,0.5185866,0.6873447
mc,0.6923926,0.5562339,0.6039525,0.7171836,0.5448222,0.64216346,0.7612626,0.47606546,0.68297005,0.8054875,0.6494834,0.7694973,0.5504949,0.72820264,0.66143495,0.6220616,0.5917702,0.6179885,0.6285201,0.66010594,0.7533849,0.5524743,0.77707714,0.7509562,0.6185269,0.8490063,0.70584774,0.6804869,0.7288572,0.617523,0.6067298,0.5869722,0.78095144,0.73721886,0.74416834,0.7573506,0.663086,0.7530838,0.43936485,0.6372105,0.6470112,0.69834334,0.71185535,0.73072964,0.5612134,0.5741593,0.7048508,0.7606056,0.6279695,0.7167956,0.6748914,0.6939881,0.5989189,0.5140614,0.85901755,0.54736173,0.72084427,0.64474505,0.76839864,0.6490089,0.69349223,0.69490856,0.6633816,0.69646674,0.6106833,0.6633402,0.7803358,0.7455212,0.63797396,0.73584795,0.8196638,0.56214255,0.7907735,0.80124414,0.6896973,0.7258735,0.81729287,0.81591284,0.7000435,0.59716254,0.7479627,0.7278275,0.80379236,0.6928995,0.82081735,0.7262822,0.6351186,0.66915935,0.7470595,0.7047007,0.4110999,0.6845015,0.7359229,0.5624517,0.7681884,0.6092771,0.6677573,0.73549056,0.7707893,0.5133848,0.687662,0.7448888,0.60600805,0.795545,0.9926834,0.76891917,0.76452893,0.7789264,0.7209299,0.7658086,0.60247266,0.6721509,0.67111015,0.7217981,0.8381445,0.58099836,0.6695862,0.8270351,0.59267724,0.6854743,0.68880904,0.89418566,0.618707,0.55472195,0.72985953,0.8188672,0.60796463,0.58160067,0.617565,0.6683793,0.7712225,0.7376133,0.6088015,0.7763555,0.79353917,0.6636061,0.6496745,0.82106674,0.76567674,0.5995235,0.80898005,0.99999857,0.69285464,0.7063192,0.6896973,0.7334657,0.6142669,0.78582966,0.707424,0.7142385,0.7316531,0.66341805,0.6082373,0.4748749,0.66656,0.532073,0.79040915,0.76422924,0.7183358,0.7798139,0.7061447,0.7907685,0.6723285,0.6725444,0.6419693,0.75105625,0.6233383,0.651498,0.67426944,0.7747489,0.73721886,0.763362,0.5803688,0.7673963,0.5308371,0.62102854,0.7387837,0.7639376,0.7840542,0.5102246,0.62737423,0.597565,0.5965175,0.69330657,0.57284063,0.69780934,0.6839377,0.6066058,0.60824174,0.7570314,0.74530417,0.6047523,0.6926919,0.9005832,0.5549029,0.5372078,0.5478857,0.5661976,0.77565676,0.5732544,0.63635504,0.9890734,0.5479864,0.5047309,0.73721886,0.596414,0.7028542,0.7461611,0.7061126,0.7192376,0.73634833,0.6571798,0.6462307,0.65708745,0.76362145,0.4920671,0.72423375,0.5535662,0.67760813,0.66911924,0.6884045,0.7342552,0.70741177,0.63337594,0.73012114,0.6104522,0.7196417,0.5751586,0.73369944,0.7218683,0.67437315,0.5924573,0.58397955,0.6732107,0.62663543,0.8172463,0.8172463,0.7558598,0.6646436,0.80673474,0.65616333,0.62099266,0.56856704,0.8479344,0.6754707,0.69021624,0.71229345,0.6869255,0.69329315,0.6114519,0.83643615,0.6440294,0.53625196,0.64270097
md,0.9690776,0.43119663,0.59733075,0.59608436,0.47179,0.5624682,0.63716096,0.5319676,0.6372971,0.69051754,0.5627703,0.6667714,0.44782883,0.63197273,0.61275995,0.6058248,0.68280303,0.81361663,0.5650546,0.8636947,0.6097729,0.65002716,0.7495052,0.65385437,0.8134572,0.72351336,0.69501764,0.6816331,0.6048405,0.5261225,0.54671544,0.52512354,0.71125805,0.64257723,0.6473605,0.6246432,0.63550836,0.68898976,0.37142578,0.49626955,0.6112304,0.7788178,0.638005,0.53822523,0.48470217,0.7218556,0.75807667,0.68916106,0.64339226,0.6252292,0.5037918,0.52065146,0.47559133,0.49269623,0.7445976,0.7315059,0.5403381,0.57721543,0.69881344,0.56246555,0.62993026,0.650572,0.6611844,0.53657806,0.5537689,0.43215168,0.53284925,0.65655565,0.5227408,0.6343287,0.65055794,0.4885801,0.6891466,0.7029608,0.82371575,0.59025913,0.7128014,0.7150654,0.5770458,0.62236696,0.64623106,0.71271014,0.70950603,0.5089597,0.72409654,0.59744114,0.6705559,0.6956357,0.62901783,0.61811393,0.5411039,0.68717086,0.6283579,0.49306166,0.75672275,0.5080544,0.57546955,0.58144414,0.6942953,0.39319077,0.57200533,0.5991045,0.6223581,0.6642175,0.68031466,0.8287214,0.647054,0.69491976,0.63549685,0.63290733,0.54588735,0.6365836,0.57480633,0.82046914,0.73529595,0.5087342,0.4109221,0.71249664,0.46931243,0.63920254,0.5509395,0.65678555,0.6720549,0.6696692,0.6372894,0.7157209,0.58427024,0.491281,0.5171104,0.6102425,0.6741922,0.6808497,0.55780965,0.7093605,0.7276996,0.539098,0.66713464,0.6340415,0.6661475,0.475572,0.7235829,0.69285464,0.99999994,0.6506584,0.82371575,0.63639015,0.528841,0.6978896,0.9068065,0.68724936,0.5065462,0.57324475,0.5904305,0.3598665,0.6141159,0.46165994,0.7594665,0.6063179,0.6355721,0.57865524,0.83913493,0.6810882,0.53921956,0.54478985,0.54536134,0.6329735,0.64989865,0.6664551,0.5550731,0.6208993,0.64257723,0.6095507,0.4383091,0.7296013,0.45768335,0.56932163,0.70874727,0.7245688,0.6811302,0.6117029,0.5566109,0.44216102,0.70130503,0.5208823,0.5053366,0.7385226,0.44332245,0.7545808,0.5560918,0.6097015,0.65409756,0.6193678,0.9683977,0.6826111,0.6499018,0.54963034,0.52463025,0.5654899,0.70816994,0.5660896,0.59469324,0.72496194,0.47066236,0.6145174,0.64257723,0.6596205,0.57426965,0.69732034,0.92644686,0.61461914,0.65409315,0.5965936,0.5483153,0.54001904,0.58489805,0.48241714,0.63589704,0.48131463,0.9574176,0.58041704,0.54982543,0.6576445,0.59464204,0.6486809,0.74714196,0.4286986,0.6514258,0.65392447,0.66994333,0.64385736,0.5047819,0.66241735,0.43616453,0.59762913,0.5701637,0.7375134,0.7375134,0.6403161,0.6116233,0.66458917,0.7537616,0.6538082,0.48857874,0.7348608,0.6230444,0.5655093,0.7071826,0.73340815,0.6323615,0.55076,0.73410213,0.5718675,0.60202926,0.60746956
me,0.69252545,0.5161166,0.5222977,0.672784,0.344767,0.9054754,0.7009789,0.69551873,0.3362933,0.5317854,0.4644946,0.74453527,0.3365308,0.411742,0.48692477,0.5081086,0.39980182,0.43667454,0.38221377,0.73257655,0.6268728,0.58520037,0.75383735,0.6387015,0.6509117,0.6362108,0.7859846,0.70396113,0.680711,0.4717139,0.3699243,0.3635796,0.84427994,0.70458406,0.45513654,0.75186694,0.4976516,0.7721197,0.31273243,0.331322,0.5833229,0.69027007,0.863528,0.6147569,0.34831247,0.67473507,0.66650796,0.9397843,0.7274627,0.54492944,0.4724543,0.32722032,0.2580964,0.27439454,0.6581062,0.6268206,0.7143556,0.4651042,0.7872827,0.41515186,0.5903741,0.4941079,0.7369774,0.36433434,0.58870435,0.46523103,0.6561354,0.8548278,0.6334636,0.5188881,0.5002082,0.35459617,0.47570717,0.61749184,0.6054968,0.4928591,0.66326034,0.67145026,0.40507925,0.5740644,0.6081673,0.7086164,0.70883024,0.5992254,0.7030042,0.6856523,0.67313385,0.7047099,0.61302227,0.69131297,0.37500322,0.6099992,0.42700914,0.36063907,0.48531556,0.31835267,0.68790704,0.61324537,0.9189291,0.29135913,0.33562312,0.60833037,0.56299007,0.6538619,0.73772067,0.6340236,0.53378296,0.9318887,0.6147006,0.5458674,0.5820734,0.6251188,0.40420026,0.5998663,0.6775926,0.52907157,0.5014919,0.6373974,0.5188858,0.9560493,0.5522894,0.68496317,0.5633977,0.550484,0.6640147,0.6145842,0.54628706,0.36059555,0.20475313,0.6538521,0.68923503,0.42075148,0.6099946,0.8389336,0.6654325,0.38953555,0.7192837,0.55651605,0.7419712,0.51856977,0.93404126,0.7063192,0.6506584,0.99999976,0.6054968,0.60134625,0.3232302,0.88545513,0.7114651,0.75836366,0.68628323,0.3137476,0.24474443,0.5026709,0.54162145,0.3235182,0.7073556,0.614505,0.75129515,0.6318255,0.6044112,0.65451425,0.59395844,0.47452027,0.4844088,0.6103413,0.40624663,0.41222516,0.34686986,0.5831543,0.70458406,0.6462309,0.23652942,0.7873013,0.32001317,0.68524945,0.606853,0.78523886,0.70131284,0.6549346,0.54269725,0.40033767,0.7107852,0.46383238,0.3675565,0.5983309,0.47800732,0.7520408,0.24290214,0.5659478,0.64626694,0.48395467,0.69947565,0.6263143,0.57200396,0.37670705,0.24771136,0.32743993,0.62015885,0.5462272,0.41652557,0.72243017,0.3410259,0.55223286,0.70458406,0.63654804,0.4027602,0.5403012,0.69247556,0.3512088,0.63799506,0.35333267,0.5635106,0.3500569,0.58042336,0.4018603,0.6423626,0.3567189,0.709931,0.38528222,0.618785,0.5905827,0.5954926,0.42453018,0.85688865,0.35299462,0.9093113,0.8028046,0.9056488,0.7847045,0.28226703,0.78174025,0.28237557,0.5365419,0.7075506,0.6356063,0.6356063,0.5498992,0.47399876,0.72777635,0.5546765,0.70569736,0.35622713,0.64580613,0.951558,0.59072435,0.83185494,0.7793393,0.35777795,0.5861702,0.6376411,0.48820215,0.5045111,0.6193608
mf,0.85295665,0.5261406,0.68810844,0.687858,0.5147638,0.47428453,0.58952814,0.5218749,0.7297534,0.7256396,0.6633277,0.67167646,0.49718097,0.68633974,0.59007806,0.648041,0.6728379,0.7366584,0.60510033,0.87099665,0.6068644,0.64358556,0.58307564,0.6890155,0.74915886,0.6589132,0.6632378,0.6340104,0.5837761,0.5903341,0.5667835,0.65323764,0.71110266,0.6503978,0.6873776,0.5730905,0.7259808,0.736257,0.37703755,0.58010083,0.57403404,0.7545454,0.6967083,0.74966913,0.54901963,0.75640726,0.6642262,0.63711685,0.6070308,0.6459744,0.6198047,0.5870924,0.52814996,0.5469433,0.7149879,0.73855007,0.4881181,0.58770525,0.7345082,0.5712662,0.7073196,0.6905859,0.6227726,0.55587876,0.559378,0.529026,0.5676528,0.6286995,0.56986773,0.6315125,0.7126847,0.53339523,0.7386418,0.6899755,1.0000007,0.6307617,0.6680361,0.6937282,0.6424102,0.58992046,0.6415795,0.6786958,0.65600044,0.49134836,0.6664303,0.57235724,0.57966,0.69463885,0.6262718,0.6288704,0.6064096,0.6685678,0.67655563,0.5433937,0.83233714,0.6380334,0.6014697,0.63588786,0.7252331,0.459832,0.6443645,0.61289066,0.69234884,0.6845541,0.6670017,0.9518106,0.6729655,0.69153714,0.6265811,0.675864,0.55122566,0.6395999,0.6178596,0.9759643,0.7233703,0.5769093,0.50302106,0.63709646,0.4770331,0.59508383,0.6645651,0.6690078,0.6871412,0.5952517,0.65392995,0.69461536,0.6723827,0.5376663,0.59298736,0.6994374,0.6312612,0.66651136,0.5741868,0.66645247,0.7323385,0.55742604,0.6194856,0.672174,0.6685841,0.4630802,0.6782763,0.6896973,0.82371575,0.6054968,1.0000007,0.5025043,0.5820981,0.66056293,0.8309729,0.7174282,0.6479221,0.69813764,0.70153475,0.41191182,0.60389185,0.51927686,0.705094,0.59678763,0.6311996,0.5763317,0.9760088,0.6792472,0.514959,0.5890516,0.5807229,0.59242797,0.79955685,0.86265,0.62855846,0.6583515,0.6503978,0.59027165,0.5045013,0.6776858,0.51829606,0.6318549,0.7106421,0.9106566,0.6426398,0.56415963,0.50994617,0.36902407,0.7039633,0.5720283,0.54772514,0.7065389,0.53390217,0.69184303,0.5837166,0.6372084,0.5011787,0.60151905,0.87827057,0.6871797,0.6451199,0.5938396,0.61977327,0.5837177,0.6924371,0.6300111,0.603737,0.7135018,0.52206266,0.6115661,0.6503978,0.65182245,0.63097847,0.6891127,0.8948117,0.70312,0.66307944,0.5471643,0.5477506,0.6038516,0.5153237,0.5253793,0.68519276,0.53101254,0.85590833,0.5782136,0.5462807,0.65443885,0.60377514,0.6432613,0.69227785,0.48046386,0.69040996,0.55901027,0.6141064,0.61780775,0.5849024,0.5807912,0.47193956,0.5979131,0.57609624,0.75551146,0.75551146,0.67773443,0.6636389,0.6920829,0.6957446,0.61050653,0.5376458,0.7000098,0.58085155,0.58212066,0.63833916,0.67924905,0.70214134,0.5727749,0.69440705,0.62559706,0.550627,0.47673088
mg,0.58279926,0.5451692,0.4081976,0.46713853,0.636892,0.52608675,0.63101995,0.63029385,0.6404319,0.7861223,0.48629016,0.70123994,0.6716042,0.7092372,0.6427262,0.64454144,0.5938865,0.5388195,0.6129105,0.4225852,0.81047815,0.6820632,0.8914468,0.70703995,0.59521735,0.8324777,0.6923903,0.7353912,0.7650433,0.7685726,0.6256662,0.4587147,0.7326495,0.6852125,0.726963,0.811391,0.5648702,0.63870555,0.5456608,0.654549,0.6886985,0.6318244,0.58216673,0.63602924,0.6465822,0.5928326,0.61982006,0.66497165,0.71780676,0.6804752,0.57540625,0.5460614,0.5412972,0.5585114,0.82937026,0.61182564,0.45279655,0.82795125,0.66660994,0.61277837,0.65834475,0.513111,0.7141841,0.5167639,0.6770371,0.51547134,0.65790355,0.67828065,0.5705677,0.70929766,0.74294776,0.6362367,0.771898,0.763061,0.5025043,0.6699897,0.7945809,0.7850253,0.68821424,0.77157074,0.70595837,0.6636101,0.76996887,0.6431247,0.7969004,0.7538719,0.7508532,0.7279907,0.7369151,0.6125445,0.3547351,0.591999,0.71034306,0.6618147,0.7049889,0.56478006,0.73329544,0.67353654,0.6478252,0.5993697,0.69309837,0.72090274,0.4892004,0.775116,0.72974217,0.6351876,0.7468941,0.6595466,0.7856268,0.70923936,0.6812838,0.63898194,0.6608013,0.58101606,0.78816843,0.5428057,0.52457845,0.8262016,0.5129842,0.5642455,0.5765331,0.7177998,0.6766989,0.48198494,0.6729324,0.80585635,0.41195834,0.6499564,0.6495307,0.56166434,0.74278295,0.74329793,0.44930667,0.7192229,0.6980112,0.6668993,0.6862539,0.78477234,0.69849765,0.56746113,0.711006,0.7334657,0.63639015,0.60134625,0.5025043,1.000002,0.6346304,0.7142782,0.64672774,0.67989945,0.66302127,0.6179444,0.54994464,0.56774765,0.63387704,0.6398688,0.8628594,0.6773986,0.6448546,0.6023842,0.5528543,0.6075557,0.5443404,0.69677246,0.6434643,0.78308815,0.5595625,0.5482609,0.6682171,0.74082553,0.6852125,0.7461014,0.5781116,0.71889096,0.6593812,0.6808744,0.7013695,0.5953405,0.74741924,0.52144134,0.6529061,0.7807512,0.72676927,0.7047868,0.6736735,0.62038267,0.5572197,0.48514187,0.619375,0.7495156,0.9172795,0.6068152,0.57924885,0.7194612,0.6694589,0.5731247,0.6206613,0.69122654,0.7010778,0.5780801,0.6231916,0.7863241,0.6580265,0.59435046,0.6852125,0.6888024,0.686113,0.8368921,0.5980849,0.70382893,0.6887145,0.64110935,0.6512363,0.6531968,0.88086396,0.556325,0.6579151,0.66827327,0.5491364,0.7400561,0.6696441,0.6872182,0.7164097,0.47911558,0.6121321,0.6891968,0.57995236,0.69517684,0.6512716,0.66038835,0.6572462,0.52928895,0.54838336,0.54337883,0.54238015,0.6892761,0.6892761,0.75099224,0.7112269,0.7133094,0.61523503,0.64353985,0.653773,0.8085619,0.5574132,0.7014417,0.68236125,0.59538287,0.65264314,0.66924834,0.8234265,0.66192657,0.52336675,0.71575433
mh,0.5057893,0.6170929,0.47429627,0.45563862,0.68178356,0.24990451,0.42428812,0.395488,0.7884666,0.8253899,0.65702254,0.6341092,0.6392598,0.7841102,0.63241935,0.6624326,0.59317875,0.5477007,0.6470441,0.43103597,0.56515545,0.5696832,0.5753407,0.6192638,0.54911655,0.7348486,0.56405854,0.56081516,0.5651582,0.57262206,0.61158043,0.6813978,0.5124366,0.5814528,0.739564,0.51106405,0.62856734,0.49369353,0.44523427,0.8005342,0.6407689,0.57764024,0.44224378,0.58538795,0.64044315,0.6111733,0.5440484,0.4229479,0.49951392,0.67186654,0.66870403,0.6980406,0.66958517,0.6739978,0.7594429,0.61265486,0.30831018,0.7033351,0.5677575,0.593195,0.67335355,0.66352314,0.53214633,0.5409964,0.60869825,0.6138377,0.5937314,0.49370098,0.53026044,0.64428556,0.77361834,0.66906375,0.8163618,0.68678415,0.5820981,0.7045959,0.6734556,0.6715924,0.7590993,0.649192,0.6563473,0.4756262,0.62306285,0.47854954,0.656281,0.5487736,0.6355428,0.66272974,0.592748,0.4864554,0.4485498,0.64271545,0.78051037,0.64006686,0.76231265,0.6882227,0.5262616,0.66838056,0.47369835,0.60966235,0.8167726,0.67074496,0.5487217,0.70955914,0.56787425,0.6657284,0.7697392,0.46098143,0.668919,0.69616324,0.6009254,0.664003,0.73488915,0.62125564,0.71922773,0.4764639,0.61887115,0.71513236,0.45044795,0.30676153,0.6518804,0.5772208,0.6518601,0.43417192,0.6115473,0.70694405,0.5997202,0.6502788,0.7659342,0.5005171,0.6542183,0.7849357,0.5126268,0.52249587,0.64126885,0.7303256,0.45669112,0.744009,0.6242877,0.28026313,0.4854405,0.6142669,0.528841,0.3232302,0.5820981,0.6346304,1.0000002,0.49200776,0.5006454,0.5305729,0.5752435,0.7552347,0.74155444,0.4917014,0.5492334,0.65174997,0.62865365,0.50760484,0.45444426,0.48264426,0.5838037,0.61600065,0.41459697,0.71461666,0.6430067,0.64730674,0.5842252,0.63672256,0.8156734,0.72704697,0.5814528,0.6502913,0.70110214,0.5312419,0.6380894,0.54751545,0.62112015,0.54405504,0.6601945,0.3684716,0.57647043,0.57026446,0.65222263,0.70069885,0.6660769,0.59756637,0.6183001,0.3410354,0.743996,0.71864885,0.6102767,0.66025054,0.51143587,0.59186685,0.57260025,0.6688668,0.67059034,0.7514716,0.6278609,0.5934649,0.661602,0.65507233,0.6717185,0.53439456,0.5814528,0.5638545,0.7760527,0.7892295,0.5164082,0.82405895,0.61096066,0.6544664,0.5646183,0.7972982,0.59319264,0.641499,0.6229559,0.67255604,0.47714138,0.7221035,0.55829805,0.59452266,0.647012,0.617627,0.43048352,0.63943136,0.40715072,0.40105742,0.4155944,0.50057334,0.7335279,0.40379363,0.5863927,0.5390448,0.40088934,0.6860039,0.6860039,0.70718837,0.77136886,0.6086807,0.49760196,0.43829137,0.64806724,0.7280876,0.29887462,0.48787898,0.5237327,0.5176929,0.8079282,0.61006665,0.7363342,0.621766,0.41177064,0.4482974
mk,0.7165828,0.61974096,0.6083164,0.6869684,0.4886218,0.8197596,0.72448033,0.66311216,0.529669,0.70771307,0.5875021,0.82160115,0.47844347,0.59243697,0.6030373,0.63566655,0.51799655,0.53460217,0.54923356,0.73893327,0.71243685,0.69011784,0.8259527,0.76868546,0.73543507,0.7813397,0.83099526,0.77944934,0.77715313,0.60333467,0.5598788,0.5273189,0.8992654,0.7412371,0.59192955,0.7855794,0.57331866,0.79770136,0.47255084,0.49938977,0.7033693,0.77246654,0.8377508,0.7158664,0.49088353,0.748492,0.7647726,0.9069273,0.77925795,0.65267485,0.5852292,0.49789244,0.39815283,0.46452603,0.7962611,0.7202637,0.704399,0.628917,0.8467257,0.5483759,0.7123078,0.6349963,0.79752445,0.47903705,0.6848411,0.57163084,0.72864044,0.88480294,0.7338023,0.6396778,0.6591609,0.50872064,0.6590955,0.73237383,0.66056293,0.6599118,0.7509007,0.75492746,0.593667,0.6804508,0.71088,0.7994127,0.76144177,0.7057591,0.7955423,0.7664989,0.77773046,0.7864379,0.6672219,0.75085497,0.4798871,0.71638477,0.600421,0.503368,0.64719737,0.45458332,0.74694014,0.7477093,0.8901675,0.4148782,0.543011,0.7112037,0.6332951,0.77449805,0.7959839,0.74237907,0.67378175,0.90306914,0.73677593,0.67737824,0.6788057,0.73983127,0.5477756,0.6903347,0.77358234,0.6326464,0.6045673,0.7786888,0.55908525,0.87448037,0.6172928,0.7662176,0.6844729,0.61728424,0.73442787,0.75072414,0.64829427,0.5117439,0.4312374,0.6837512,0.78239334,0.6093139,0.6640631,0.8621859,0.7826036,0.5567976,0.77474385,0.69693166,0.83822155,0.5410097,0.9234209,0.78582966,0.6978896,0.88545513,0.66056293,0.7142782,0.49200776,0.9999996,0.7708892,0.8236986,0.7357918,0.51395786,0.41862008,0.6008257,0.6616833,0.47676384,0.7893411,0.7038832,0.7798883,0.681112,0.6741164,0.7239392,0.66327566,0.58846956,0.6123037,0.73610604,0.5465076,0.55851877,0.54222256,0.7133099,0.7412371,0.73694384,0.44543004,0.8598354,0.46096557,0.7396287,0.6997327,0.7997562,0.79556155,0.6565522,0.6304211,0.5350567,0.79595035,0.62619823,0.5175683,0.66154313,0.58945715,0.74042183,0.44150048,0.69284743,0.7411871,0.62330747,0.73150617,0.7179096,0.66033304,0.5492486,0.45868844,0.5184292,0.72609895,0.6306498,0.58586097,0.811864,0.4807827,0.6094462,0.7412371,0.7169658,0.590078,0.7047643,0.7432362,0.5473577,0.7232055,0.4843093,0.6704443,0.5367556,0.6542247,0.54002804,0.72106516,0.5006974,0.73189175,0.55233854,0.6861626,0.67885333,0.70171005,0.56763536,0.8586878,0.53567284,0.8566834,0.78878355,0.8747178,0.7746009,0.47429648,0.7537809,0.4311054,0.6535833,0.7127446,0.7552301,0.7552301,0.6894064,0.6486228,0.8333132,0.65606815,0.7372116,0.5060843,0.77759755,0.8720648,0.6527416,0.83985555,0.7845657,0.5343779,0.68172455,0.78106844,0.5809938,0.5995225,0.68232846
ml,0.8824293,0.4802858,0.64555615,0.6182257,0.43530533,0.5669938,0.64014,0.5563032,0.64002,0.6981429,0.5561743,0.69275117,0.41431937,0.6139001,0.6404092,0.6468162,0.6217344,0.7466667,0.63059604,0.89258564,0.67278004,0.66445243,0.7576429,0.7222563,0.86266994,0.7212096,0.69542027,0.74687773,0.6948726,0.5686705,0.6276933,0.57423717,0.8312806,0.6466857,0.6383296,0.6633479,0.5973146,0.71393186,0.5616113,0.49556994,0.6629037,0.8690791,0.68813455,0.658947,0.45305604,0.7232484,0.78176314,0.7222043,0.70768595,0.63198906,0.516207,0.4945371,0.44221425,0.5117332,0.75961727,0.72414327,0.61287326,0.6082559,0.71558213,0.6271543,0.6481666,0.6763157,0.7302359,0.5110324,0.58871484,0.4897905,0.5673048,0.75930685,0.61445296,0.62100005,0.64363706,0.45127505,0.6782537,0.7000699,0.8309729,0.6699457,0.7160936,0.72943985,0.5802844,0.6532326,0.6496501,0.7723795,0.7199105,0.658724,0.73875403,0.6769741,0.6676971,0.7084204,0.6364608,0.6662151,0.5875613,0.71515423,0.61898154,0.45446524,0.748835,0.47398517,0.60950774,0.6514232,0.7346972,0.33317146,0.5854403,0.60867614,0.59352887,0.702674,0.70138776,0.8803662,0.6404297,0.71796113,0.67631716,0.63107085,0.5773499,0.6834538,0.5645095,0.88618475,0.7452638,0.6163967,0.46548125,0.70810574,0.5332991,0.6881808,0.5437865,0.68676734,0.7298576,0.7178849,0.64992595,0.7107968,0.6295167,0.45338136,0.54015213,0.6345293,0.6812591,0.65859944,0.5459969,0.7894596,0.7303164,0.5514911,0.71843946,0.6527073,0.69015837,0.49812678,0.74158776,0.707424,0.9068065,0.7114651,0.8309729,0.64672774,0.5006454,0.7708892,0.9999993,0.7827808,0.54777294,0.6335731,0.5282915,0.41117728,0.6726778,0.42499682,0.77684665,0.6648947,0.64951944,0.6403115,0.8718172,0.6720292,0.5714931,0.5565413,0.6213218,0.69494635,0.704094,0.7361268,0.5517231,0.6433082,0.6466857,0.6079655,0.40600747,0.80850416,0.41932917,0.59935594,0.7057576,0.76515734,0.69376034,0.6141622,0.560976,0.4751519,0.71528244,0.5683651,0.46676788,0.6806585,0.5065249,0.84319407,0.55830336,0.62303174,0.6565342,0.57981926,0.9340744,0.6856655,0.62654054,0.5935276,0.5999984,0.544333,0.7281166,0.6239527,0.6235357,0.74111474,0.43327823,0.55802137,0.6466857,0.6510576,0.613137,0.6955297,0.9765839,0.59318167,0.691982,0.60642654,0.64684045,0.5300737,0.5903205,0.534262,0.65668267,0.45220226,0.9367348,0.5443208,0.60799706,0.6504389,0.6478042,0.63976574,0.7928162,0.50688076,0.6872788,0.6719873,0.69237256,0.6422849,0.48466155,0.63462025,0.50870246,0.64782715,0.66303396,0.73856217,0.73856217,0.6467185,0.6378122,0.7907765,0.75155574,0.6725443,0.45144427,0.7425182,0.6742836,0.6276754,0.71145415,0.7034776,0.59612954,0.58756554,0.72995186,0.61775434,0.74756354,0.65085685
mm,0.7020208,0.62981325,0.676415,0.6752478,0.5197243,0.65492713,0.74087834,0.5883715,0.6163424,0.7056702,0.59516406,0.79411656,0.52227664,0.6575756,0.5279726,0.54723763,0.601646,0.5961449,0.5922866,0.7305438,0.67227197,0.815962,0.7420276,0.8236424,0.77721024,0.76911014,0.7661454,0.80278575,0.6936769,0.6745919,0.6029322,0.49527985,0.89605075,0.74508756,0.6430776,0.63174075,0.64105785,0.7117383,0.58444583,0.5408851,0.6713477,0.795359,0.7959885,0.786885,0.5495777,0.75191927,0.7341535,0.7771415,0.86408687,0.6071012,0.59762764,0.48295537,0.45444128,0.6125936,0.7881333,0.7557462,0.48818383,0.6621893,0.77896416,0.55020636,0.6782205,0.65711874,0.88895386,0.4752624,0.6495601,0.5132331,0.6674775,0.8113816,0.72124255,0.7002612,0.6943803,0.5436608,0.7181444,0.7481338,0.7174282,0.62609124,0.74014896,0.7585695,0.6541674,0.6667194,0.6461956,0.83190125,0.7298645,0.7088847,0.75287944,0.6487159,0.75922227,0.7952275,0.6929775,0.7623827,0.50139743,0.7771767,0.64460796,0.54772043,0.7220377,0.5468956,0.7707755,0.6956713,0.8276934,0.44953418,0.5594706,0.68346995,0.5930574,0.7504448,0.71072197,0.80468893,0.669675,0.7901014,0.736746,0.69632506,0.64883906,0.76473504,0.53638315,0.7628278,0.78129864,0.6464521,0.5207242,0.73451984,0.39413366,0.73363525,0.5070262,0.7054439,0.75492966,0.61360365,0.6096862,0.73932946,0.69189334,0.54099107,0.54639417,0.79677707,0.7693067,0.65206975,0.60266554,0.8138065,0.7482866,0.48394668,0.9268387,0.6849382,0.7752078,0.5232004,0.80379045,0.7142385,0.68724936,0.75836366,0.7174282,0.67989945,0.5305729,0.8236986,0.7827808,1.0000004,0.6861855,0.6620757,0.50579226,0.6076618,0.7782725,0.5332767,0.757246,0.64229655,0.7888394,0.45514926,0.719417,0.67731,0.59793425,0.6261051,0.4699476,0.6886633,0.6536668,0.6987571,0.5319623,0.69863933,0.74508756,0.7127649,0.41500342,0.8159606,0.5200911,0.6757854,0.70184666,0.7959794,0.7755652,0.57600665,0.59693396,0.5682119,0.80435216,0.6323462,0.560219,0.6918812,0.532211,0.6721124,0.49947017,0.6885389,0.6760486,0.64518297,0.724813,0.7387958,0.7748544,0.5776832,0.61125165,0.5558341,0.6798364,0.6668645,0.5466033,0.75280136,0.52615964,0.7163308,0.74508756,0.7986435,0.63672704,0.7421967,0.76827693,0.63316894,0.66787165,0.4438717,0.60619646,0.5124156,0.64314204,0.55486053,0.6721025,0.5394143,0.71825594,0.59955055,0.673337,0.74092376,0.6802381,0.5499554,0.78018034,0.6396014,0.76914895,0.70071673,0.7440642,0.6883547,0.56230855,0.6141861,0.5160207,0.60432935,0.7330332,0.74766934,0.74766934,0.72754836,0.6200824,0.8404906,0.7154068,0.89331144,0.5474944,0.7839674,0.7262622,0.60460806,0.7386923,0.6767581,0.585844,0.660551,0.77082217,0.6754182,0.6532573,0.62930036
mn,0.5301664,0.6178622,0.29076943,0.6842,0.5690048,0.705056,0.63766515,0.520267,0.5351201,0.7259666,0.5767211,0.72758114,0.56478715,0.67235625,0.50098723,0.6364992,0.4331894,0.30004105,0.38339525,0.53048325,0.61929154,0.6511272,0.6947963,0.64377904,0.55112636,0.750394,0.7212858,0.65298223,0.65787125,0.6511307,0.5003699,0.49193612,0.77156854,0.7315308,0.66714203,0.6795699,0.55261415,0.7539665,0.38111654,0.588761,0.59588146,0.6394979,0.7388745,0.67765635,0.56704247,0.66668856,0.51808256,0.74322957,0.6412713,0.6683611,0.6613986,0.570235,0.5299956,0.4337103,0.75293326,0.6314147,0.55660325,0.6646526,0.75334346,0.47342128,0.65133625,0.5885842,0.65529394,0.53893125,0.6053911,0.56038713,0.6733294,0.7127591,0.73120147,0.67700106,0.7135432,0.5839114,0.7065838,0.716887,0.6479221,0.62499946,0.7259599,0.7356763,0.63128555,0.605807,0.679049,0.6127207,0.70940727,0.5934244,0.71752924,0.65870166,0.69096625,0.7276684,0.6538984,0.51054025,0.31334126,0.6070674,0.6640053,0.5868982,0.60883564,0.54627913,0.6652412,0.6432866,0.776715,0.5334988,0.6140381,0.6650573,0.63719267,0.7133537,0.71915185,0.70382017,0.7085708,0.77150494,0.6764856,0.6861145,0.61233634,0.6706667,0.5624093,0.6631571,0.7529257,0.5556602,0.5824142,0.72446847,0.49975687,0.6795128,0.668351,0.6891275,0.6090885,0.54488015,0.692215,0.74087095,0.5622161,0.58762443,0.4992252,0.5962536,0.7403296,0.61471915,0.65487206,0.6987366,0.7064543,0.5936064,0.651457,0.6833707,0.72196066,0.45748782,0.7940635,0.7316531,0.5065462,0.68628323,0.6479221,0.66302127,0.5752435,0.7357918,0.54777294,0.6861855,0.9999996,0.5251751,0.46362564,0.6244409,0.5702631,0.5594959,0.74371773,0.631162,0.73941624,0.5600032,0.6576207,0.6811325,0.6134923,0.59730417,0.5841277,0.63466924,0.5006108,0.48535284,0.6103292,0.6803063,0.7315308,0.68173933,0.5252096,0.69574976,0.5522444,0.7184538,0.6655871,0.8195466,0.7276902,0.5368669,0.6689515,0.55731875,0.73428124,0.65444106,0.58161193,0.6113837,0.5814713,0.5131978,0.42311558,0.6676497,0.69065714,0.5747229,0.50996006,0.6874371,0.6519517,0.57662594,0.48117194,0.56085455,0.61396617,0.54374784,0.50346017,0.7560612,0.57275695,0.62023824,0.7315308,0.6780987,0.6065297,0.70476633,0.5847831,0.629128,0.6704226,0.45737594,0.5889491,0.6022763,0.66198814,0.52167886,0.71874624,0.5805607,0.48083007,0.57943463,0.6529687,0.68007433,0.63466626,0.4341348,0.64702976,0.5960661,0.7392265,0.64901096,0.71596354,0.71914357,0.5727628,0.62835497,0.45035452,0.6118489,0.5963629,0.7097461,0.7097461,0.70511305,0.65936583,0.7364579,0.4364154,0.63282377,0.58057284,0.7426384,0.67098784,0.5717564,0.6947782,0.6927706,0.561199,0.609268,0.7591831,0.5892409,0.5404872,0.57639986
mo,0.5561385,0.6659003,0.64963394,0.5036599,0.6390622,0.121323794,0.46743667,0.2935901,0.9121922,0.86579376,0.71199715,0.6229487,0.64176506,0.8620459,0.6833014,0.7532083,0.68418646,0.6864869,0.8102901,0.5295312,0.5990351,0.6384267,0.54751843,0.74083644,0.6006076,0.75852513,0.5054637,0.6000805,0.588482,0.7060389,0.7666973,0.7615696,0.6133221,0.5453264,0.7992941,0.49839792,0.7239089,0.48176277,0.654181,0.74019545,0.6320674,0.6622534,0.44137985,0.76865655,0.6760734,0.61875725,0.5814856,0.3568795,0.5139614,0.65495217,0.6792706,0.77763313,0.7124858,0.7916549,0.79156965,0.6265493,0.35284203,0.81400806,0.5591585,0.71439373,0.6608965,0.72068965,0.55782187,0.6191569,0.58213896,0.6642293,0.6039891,0.49325776,0.5714675,0.70796907,0.83649576,0.65933406,0.8960021,0.73960567,0.69813764,0.792189,0.6980163,0.71985966,0.84266067,0.66269064,0.646851,0.5770407,0.63763034,0.64106405,0.692704,0.54420036,0.5862604,0.66257,0.60546035,0.64011014,0.60565794,0.69541293,0.8183042,0.65915704,0.8859253,0.780637,0.56779957,0.73328805,0.4654017,0.5704094,0.9002769,0.6158349,0.60691357,0.7388475,0.60160583,0.79684687,0.79517287,0.4269232,0.6893929,0.74613917,0.57017577,0.6981429,0.76501805,0.76667583,0.7298648,0.60920143,0.63694364,0.70960045,0.47399125,0.25233504,0.6381224,0.6211658,0.6865865,0.46620739,0.5812769,0.7389398,0.68057907,0.65578103,0.9142038,0.6073736,0.6118313,0.845841,0.50997865,0.5670659,0.6609323,0.73931247,0.53054595,0.76881784,0.62573886,0.36491606,0.43179214,0.66341805,0.57324475,0.3137476,0.69813764,0.6179444,0.7552347,0.51395786,0.6335731,0.6620757,0.5251751,1.0000001,0.83702296,0.572031,0.66429657,0.6665115,0.64981973,0.6207527,0.4754061,0.53182423,0.68542343,0.5922114,0.51149136,0.697469,0.69800615,0.6682953,0.77002776,0.8682802,0.85048664,0.7364017,0.5453264,0.63307285,0.7163105,0.6116954,0.65867186,0.55086637,0.66021836,0.6161471,0.6267251,0.29328012,0.5917789,0.642339,0.6413289,0.746954,0.6707964,0.5835955,0.6941632,0.3675557,0.851186,0.7048945,0.57357955,0.6720722,0.59448034,0.68224305,0.6159821,0.7845324,0.88419396,0.7708729,0.645753,0.62447226,0.74091774,0.6959904,0.65266347,0.5433496,0.5453264,0.6112992,0.86039037,0.80947465,0.6336364,0.9156342,0.65872484,0.67594105,0.66235304,0.80878067,0.5773329,0.69298804,0.6240818,0.65465504,0.56339973,0.75633776,0.6015685,0.6169819,0.6691715,0.6773298,0.42127728,0.7869466,0.38589877,0.35004604,0.3398052,0.41479364,0.8259257,0.27271828,0.6592337,0.6756777,0.444895,0.7163614,0.7163614,0.783999,0.8372396,0.7267916,0.6625007,0.4923844,0.6602698,0.76810753,0.24384762,0.5227164,0.4331596,0.42329887,0.87405246,0.60313976,0.76516336,0.6355151,0.5810301,0.47432068
mp,0.58346444,0.5570775,0.6144765,0.5107561,0.67625237,0.10320719,0.4239401,0.3205829,0.9061828,0.82077867,0.6849341,0.5715364,0.6965531,0.84442925,0.65227705,0.6662826,0.70667577,0.74944466,0.7536325,0.48242182,0.5071745,0.5955407,0.49629855,0.6508308,0.49406365,0.69281006,0.50514257,0.47532776,0.4546613,0.6843854,0.6364273,0.6669291,0.459882,0.54052854,0.79093033,0.432984,0.7670243,0.4761072,0.35576507,0.7448919,0.5586103,0.5267508,0.40014353,0.67492306,0.71612966,0.60933506,0.45572308,0.34118927,0.41375834,0.6854718,0.71838266,0.7706175,0.7355361,0.6481269,0.7233497,0.619042,0.24140769,0.71895224,0.53259397,0.6029727,0.64615256,0.64487046,0.42818838,0.6261464,0.52132905,0.5512765,0.55785483,0.36940002,0.41906333,0.6828007,0.8018145,0.69739425,0.8681239,0.70472974,0.70153475,0.6615692,0.6559231,0.6640771,0.79768866,0.59265727,0.6474729,0.5147957,0.598401,0.43487927,0.6419618,0.43302086,0.55289567,0.61918414,0.57671237,0.56697184,0.57225186,0.5925495,0.8017573,0.699597,0.89104104,0.7998091,0.45533344,0.6437098,0.43259674,0.68786156,0.8300864,0.5914261,0.68260115,0.6534459,0.5448388,0.71429574,0.75967485,0.41755873,0.5924627,0.71911645,0.51566434,0.6036546,0.7616691,0.71495795,0.68498975,0.45255798,0.5252926,0.65965664,0.41493523,0.22789325,0.6676279,0.564541,0.6046952,0.40926978,0.59969676,0.70798373,0.594014,0.69364786,0.8451176,0.5517366,0.58511376,0.8330914,0.52736354,0.44289425,0.6431382,0.68741584,0.43112954,0.71042144,0.56341994,0.29412535,0.4179094,0.6082373,0.5904305,0.24474443,0.70153475,0.54994464,0.74155444,0.41862008,0.5282915,0.50579226,0.46362564,0.83702296,1.0000002,0.47067255,0.53891915,0.7112766,0.61778367,0.5027798,0.43634453,0.45355475,0.67978746,0.56309897,0.4307238,0.6341917,0.6114152,0.5503213,0.7253447,0.8060778,0.818389,0.6768018,0.54052854,0.6169279,0.722599,0.43372446,0.7215189,0.51665485,0.627572,0.5999885,0.59725296,0.28428948,0.57812417,0.54006135,0.6231287,0.676535,0.697973,0.60748035,0.56387085,0.30132523,0.8578849,0.66134983,0.54122335,0.6972604,0.5817875,0.6532452,0.6188954,0.6829245,0.7611372,0.7101752,0.60867465,0.54868406,0.6766134,0.6384574,0.6950092,0.5889804,0.54052854,0.60905445,0.7511662,0.7683772,0.5618103,0.90042734,0.6105031,0.61115384,0.48870224,0.78770816,0.55388266,0.58349943,0.60018563,0.67678905,0.5481835,0.7802807,0.5152667,0.6321314,0.57387185,0.6543976,0.37836096,0.6164155,0.37455654,0.33978367,0.326653,0.41916206,0.8062656,0.2838007,0.5810629,0.5610284,0.3495795,0.68419886,0.68419886,0.7377424,0.7626634,0.58400583,0.6031726,0.4334136,0.6904763,0.69704413,0.21525066,0.44163197,0.43098745,0.43599036,0.9046856,0.5330492,0.7185067,0.6087932,0.33811414,0.3955133
mq,0.3783348,0.7005324,0.43203408,0.48335692,0.54145217,0.43450227,0.37216774,0.3609582,0.56768215,0.6858427,0.46798745,0.56940216,0.5554487,0.63771576,0.573061,0.70864606,0.4219603,0.43327188,0.5504867,0.36270797,0.42972076,0.6397835,0.5612286,0.5452232,0.45824966,0.6759744,0.5910249,0.6123487,0.53329456,0.7049976,0.5834491,0.51424915,0.6602712,0.52332747,0.6203107,0.5283059,0.43469658,0.57983404,0.551189,0.54281956,0.56590354,0.48978162,0.50567085,0.71494174,0.553824,0.659895,0.39327034,0.5331417,0.5939575,0.6050522,0.655176,0.5246658,0.48607895,0.5985888,0.68187016,0.5722378,0.4227181,0.76154137,0.5623189,0.5506428,0.53366107,0.49002698,0.60690755,0.4505102,0.5085377,0.55038995,0.70253795,0.5725455,0.6759316,0.58390725,0.62589884,0.55911314,0.6588884,0.6474484,0.41191182,0.67309904,0.6515475,0.6599703,0.58166456,0.6137992,0.6079719,0.49421394,0.6322469,0.7168437,0.6548883,0.519258,0.6841062,0.6929219,0.45011282,0.6950882,0.3861015,0.5673152,0.6090419,0.5559983,0.60818624,0.4619549,0.64539003,0.7327095,0.55200934,0.48890573,0.6436891,0.5016571,0.57724893,0.5801036,0.44080243,0.50975734,0.640192,0.5466124,0.58311987,0.61036426,0.50404733,0.6830164,0.57590115,0.45012635,0.65080184,0.5260293,0.59449214,0.6621042,0.45526817,0.46546516,0.5600158,0.4736968,0.5249017,0.43337995,0.616522,0.65992945,0.5383968,0.54359865,0.5803875,0.40106794,0.5943679,0.6308606,0.6004382,0.55043685,0.5635362,0.5682404,0.5681374,0.532471,0.5792385,0.20138073,0.58033985,0.4748749,0.3598665,0.5026709,0.41191182,0.56774765,0.4917014,0.6008257,0.41117728,0.6076618,0.6244409,0.572031,0.47067255,0.9999997,0.4634098,0.5712499,0.58469373,0.46827465,0.50143504,0.4525618,0.41646317,0.47444063,0.6422966,0.5352696,0.58107746,0.5530199,0.5230936,0.52001923,0.61288834,0.5516986,0.52332747,0.6852132,0.5023129,0.61111736,0.5530211,0.691345,0.46063846,0.5880648,0.5913936,0.23092799,0.6677737,0.59843683,0.74254185,0.66212696,0.5623557,0.35353774,0.57352203,0.23517512,0.5448949,0.5383534,0.5872373,0.5644228,0.37326264,0.5014779,0.6221817,0.6525181,0.57789487,0.5559209,0.4838455,0.37872818,0.5732499,0.51820785,0.55205745,0.58060646,0.52332747,0.6802367,0.6387222,0.6742794,0.4017869,0.6011059,0.6383437,0.3120714,0.7216583,0.59402686,0.49832845,0.6106038,0.61455244,0.55465126,0.35922265,0.5543379,0.6514484,0.54006374,0.524634,0.38923657,0.38322014,0.6734077,0.4974238,0.5167312,0.49639037,0.5466835,0.5787707,0.37535566,0.46488288,0.5728044,0.497817,0.5588123,0.5588123,0.6425522,0.6700334,0.6835885,0.50639796,0.5535794,0.55630445,0.66407305,0.45692214,0.3532589,0.5130332,0.44469845,0.5600227,0.5072326,0.6797872,0.46160996,0.47273946,0.5599612
mr,0.59302425,0.55242974,0.5980609,0.5292281,0.5002818,0.47701988,0.6741295,0.4288165,0.6311043,0.7148496,0.5570383,0.7118754,0.4865758,0.6696119,0.5310324,0.52155477,0.5612209,0.59430456,0.52920896,0.5914863,0.6026237,0.7237412,0.6510354,0.7847923,0.6399439,0.73538846,0.6403743,0.68895406,0.6412022,0.61339813,0.5520709,0.49288163,0.7320162,0.6557204,0.65970504,0.52895445,0.6877301,0.5742139,0.5575,0.5310925,0.6799289,0.6792841,0.60749847,0.68426555,0.5117121,0.64214617,0.64639527,0.58291954,0.690751,0.51873976,0.52155906,0.5250072,0.49710488,0.5842401,0.74843997,0.66466296,0.42049825,0.66061896,0.6499098,0.54706526,0.62028587,0.6317845,0.7412438,0.51108426,0.6060955,0.49541283,0.50923437,0.67732286,0.62060225,0.6627039,0.66674215,0.5161471,0.7256174,0.69053084,0.60389185,0.6025049,0.6811584,0.6877366,0.649136,0.59552455,0.6012014,0.7780212,0.65204334,0.66521245,0.68243307,0.6092198,0.6833677,0.67017394,0.6629137,0.66346794,0.48100993,0.7043052,0.66905373,0.51114255,0.7177245,0.5974854,0.6231861,0.60348725,0.62526095,0.40892214,0.60729516,0.6428241,0.57529896,0.7117684,0.6403189,0.71008664,0.66928214,0.60333663,0.67904043,0.6496591,0.60602564,0.6911164,0.5519514,0.66288805,0.7255277,0.51529044,0.4777971,0.6954034,0.34481534,0.5301181,0.32214728,0.60874665,0.6377317,0.54116905,0.36608446,0.70657045,0.6141136,0.50742996,0.62091136,0.76352686,0.76912093,0.70246005,0.540423,0.69569725,0.66572344,0.5661476,0.74281734,0.6686748,0.67370677,0.50264657,0.63537866,0.66656,0.6141159,0.54162145,0.60389185,0.63387704,0.5492334,0.6616833,0.6726778,0.7782725,0.5702631,0.66429657,0.53891915,0.4634098,1.0000007,0.5091967,0.669916,0.6334595,0.7432096,0.40533876,0.6256886,0.6126141,0.5369421,0.59183294,0.46773764,0.66898704,0.6443699,0.6582005,0.59085613,0.66743314,0.6557204,0.6385727,0.4650764,0.7077538,0.48814812,0.54262453,0.6302453,0.6283331,0.7551279,0.44540784,0.5915915,0.5491092,0.67546135,0.61078566,0.5193113,0.7228109,0.51432705,0.5169564,0.5769145,0.64947474,0.6229837,0.6744014,0.6220678,0.70041287,0.6688022,0.5939379,0.631508,0.6048766,0.60306865,0.61521596,0.5608383,0.6978922,0.4974866,0.6033464,0.6557204,0.6770539,0.62103015,0.71721196,0.6644726,0.6641152,0.51245886,0.4997635,0.5071124,0.5789367,0.58232737,0.5296151,0.45348352,0.50599456,0.61048716,0.60294765,0.52463454,0.71539634,0.66206884,0.5709906,0.62982976,0.649909,0.5672753,0.5315361,0.56833375,0.55437505,0.59323835,0.47027618,0.5392109,0.64952815,0.5369997,0.6963748,0.6963748,0.6715032,0.63963723,0.74273765,0.67812103,0.67656565,0.511606,0.7380189,0.516195,0.54990727,0.5884001,0.5570421,0.63816744,0.60618186,0.74570745,0.62313807,0.58832693,0.45909852
ms,0.4429662,0.57507074,0.4564584,0.3831163,0.9325851,0.2617686,0.44573703,0.4616574,0.7332558,0.76720864,0.54822105,0.59679264,0.9231788,0.7634404,0.58973104,0.59645325,0.6164472,0.55017895,0.60677963,0.34128255,0.58999443,0.648777,0.56974876,0.6156196,0.43048638,0.70846176,0.66305697,0.5420316,0.55618036,0.72713464,0.5685095,0.54914886,0.5179183,0.5717987,0.7216253,0.53511214,0.6094056,0.5060232,0.4332041,0.6453357,0.5869882,0.3959588,0.42212307,0.62886184,0.90856224,0.5553432,0.42990345,0.42634848,0.5444205,0.621682,0.64579505,0.6179619,0.63332725,0.57991886,0.71639824,0.61066395,0.17211467,0.74577945,0.5671512,0.5259549,0.5154738,0.53458685,0.53698415,0.47812083,0.5997007,0.5113325,0.57133466,0.44423324,0.4586902,0.63952994,0.8163701,0.9610283,0.78636944,0.6661587,0.51927686,0.5924549,0.66788715,0.66295576,0.7255555,0.67512375,0.6349814,0.48815292,0.6176504,0.4345079,0.64467335,0.53764975,0.65790796,0.6541871,0.62763506,0.5274786,0.36175346,0.5422343,0.71577567,0.9588311,0.745751,0.67077285,0.5236046,0.61562407,0.46420404,0.89984286,0.7379116,0.6430096,0.53714657,0.6740582,0.49502182,0.5879892,0.7318114,0.4638465,0.67384905,0.76557577,0.60476625,0.5856148,0.69575876,0.5553379,0.673651,0.4405376,0.50886667,0.6993313,0.3788067,0.30165303,0.5780618,0.53117436,0.62550557,0.38845775,0.5946552,0.71357393,0.48912412,0.9426843,0.7177902,0.50048006,0.6312758,0.753534,0.4724927,0.4938847,0.5834772,0.6615422,0.53172,0.7117057,0.5850015,0.3618543,0.49168125,0.532073,0.46165994,0.3235182,0.51927686,0.6398688,0.65174997,0.47676384,0.42499682,0.5332767,0.5594959,0.6665115,0.7112766,0.5712499,0.5091967,1.000001,0.6421871,0.4947201,0.4899059,0.38266003,0.5292829,0.45853245,0.40597802,0.5400641,0.5739533,0.616973,0.6015583,0.6146009,0.7308284,0.6821921,0.5717987,0.6281086,0.61699235,0.48729432,0.95538366,0.57065785,0.68961066,0.5421463,0.6314551,0.36903307,0.5864947,0.5944248,0.69542325,0.6692996,0.9483248,0.52022,0.5262934,0.24316466,0.69859123,0.6932006,0.629491,0.64207894,0.42770007,0.59450257,0.66227543,0.5976058,0.66705203,0.6392401,0.533249,0.55632025,0.61019284,0.589451,0.9531548,0.6213292,0.5717987,0.6659517,0.6903311,0.79881865,0.4370862,0.7864875,0.5544046,0.5138571,0.49159864,0.7144244,0.61149687,0.5703278,0.5901369,0.9390753,0.39515728,0.8213246,0.5497378,0.6029723,0.61689574,0.47013572,0.39082918,0.6343758,0.39831233,0.49814558,0.39782435,0.43574202,0.8709135,0.23971862,0.52689725,0.44976744,0.34884986,0.5718114,0.5718114,0.748888,0.7150892,0.5860144,0.51598734,0.5223248,0.94359666,0.69487405,0.29679585,0.4624784,0.48074073,0.34398758,0.74631256,0.6019723,0.72215116,0.57409376,0.32737082,0.4391038
mt,0.726356,0.5767884,0.4971691,0.6506647,0.6268898,0.64059716,0.68746614,0.56423795,0.67591435,0.8116688,0.5438574,0.7763864,0.6619092,0.74497354,0.64868104,0.7060651,0.6015209,0.6222145,0.62951654,0.5930395,0.6868347,0.7198856,0.92910576,0.7557532,0.70465696,0.8375456,0.7915322,0.7412501,0.7048438,0.74373734,0.6140997,0.49469388,0.8115977,0.78318846,0.7480564,0.7550855,0.66585565,0.7564454,0.47760546,0.6346271,0.7135104,0.7656907,0.7165257,0.7121836,0.6450467,0.6953864,0.67487293,0.7757726,0.70874697,0.7318418,0.6194664,0.6318019,0.5879725,0.5231549,0.8466724,0.7032571,0.59481126,0.7835361,0.8251105,0.61006933,0.7022289,0.50410056,0.72881055,0.6048409,0.656258,0.52648133,0.6777217,0.74422747,0.686119,0.6897225,0.7501261,0.6367966,0.7963173,0.76088744,0.705094,0.70347357,0.82001525,0.8199536,0.70319855,0.72208035,0.7514345,0.7325316,0.8067062,0.69453084,0.8231516,0.69632745,0.7732254,0.7881907,0.7113859,0.64396846,0.47604254,0.7063222,0.7330582,0.6737828,0.7763322,0.61665386,0.6217597,0.6819532,0.77967536,0.6067306,0.6939569,0.71414703,0.6795803,0.7772912,0.7725423,0.7769917,0.7719446,0.78571236,0.73704904,0.7380996,0.65261084,0.74030733,0.6914677,0.7569717,0.8330077,0.58240485,0.5114645,0.8307577,0.543013,0.68749756,0.66360533,0.7411079,0.6848182,0.6429915,0.76232296,0.8171709,0.57403296,0.658138,0.62217605,0.67271274,0.78115666,0.7553181,0.6784042,0.78019536,0.7760144,0.65529406,0.7190075,0.75058407,0.7721828,0.50406843,0.8125241,0.79040915,0.7594665,0.7073556,0.705094,0.8628594,0.62865365,0.7893411,0.77684665,0.757246,0.74371773,0.64981973,0.61778367,0.58469373,0.669916,0.6421871,1.0000001,0.68499964,0.7272287,0.6435954,0.7450244,0.67721456,0.6401668,0.65413475,0.66581285,0.72368306,0.6433489,0.65807706,0.68212587,0.74072516,0.78318846,0.78399926,0.585778,0.76606834,0.65874624,0.66393626,0.7400402,0.7700381,0.78925717,0.5226918,0.785287,0.72482437,0.7988611,0.70110995,0.6713418,0.71070427,0.5624134,0.6628162,0.6068382,0.7265047,0.9215793,0.6973556,0.7286701,0.78118235,0.7174769,0.64314324,0.5916475,0.6902108,0.7166812,0.5823107,0.6478467,0.83057445,0.6541325,0.67158324,0.78318846,0.7418071,0.6891843,0.80281734,0.74928176,0.72571117,0.7373288,0.64928865,0.6424579,0.66680336,0.80475533,0.5841766,0.6969229,0.6561699,0.6989222,0.71284616,0.66605157,0.7357528,0.69676465,0.58235633,0.7420235,0.6194103,0.7166563,0.8019166,0.76166236,0.72407115,0.6217673,0.69034386,0.49578372,0.67525244,0.6271531,0.76874995,0.76874995,0.7803909,0.73299223,0.72435087,0.6561865,0.6984757,0.6611832,0.83206916,0.67962956,0.5984497,0.76906,0.7582547,0.70325065,0.65519285,0.84274536,0.6377642,0.5806681,0.7195192
mu,0.59920007,0.52809846,0.5479262,0.49539754,0.47632664,0.54252523,0.63866717,0.51832366,0.61513203,0.7163701,0.5699783,0.6687882,0.4742748,0.66500354,0.6091208,0.6088699,0.5324006,0.54002404,0.5852063,0.59947705,0.719833,0.5776152,0.6787663,0.6787966,0.5614224,0.74180186,0.6306174,0.6545783,0.77959245,0.61013,0.60324687,0.5607418,0.7183484,0.6218067,0.6519435,0.7602749,0.53393656,0.648737,0.4999017,0.5393471,0.52023154,0.6100841,0.60977674,0.6699152,0.4931954,0.5992051,0.6499823,0.6432032,0.42499992,0.6341021,0.59123933,0.6966409,0.6447481,0.48279104,0.7543942,0.56458515,0.5361681,0.68248266,0.65773714,0.5766653,0.60605603,0.626953,0.4735171,0.4880346,0.6415067,0.5901871,0.6360524,0.6955588,0.5111975,0.6347096,0.6896087,0.5103801,0.69263893,0.6967128,0.59678763,0.6345828,0.71361655,0.716008,0.6080081,0.66903955,0.6491798,0.6550074,0.7026917,0.6120814,0.722196,0.7725588,0.6217579,0.6433262,0.71963054,0.65218073,0.512142,0.553086,0.63624436,0.5026086,0.6734627,0.49385327,0.62612,0.68658465,0.65843064,0.39231208,0.62694544,0.6868747,0.5022256,0.75178695,0.75016123,0.6962122,0.67835915,0.6551299,0.73883486,0.66932744,0.63256085,0.55969036,0.5848651,0.6465656,0.7305884,0.55169505,0.5915765,0.7245834,0.5590242,0.5887796,0.57592607,0.71086675,0.6883752,0.4511149,0.6369958,0.7008004,0.47448364,0.51586384,0.5605389,0.5415535,0.67956984,0.66090065,0.52927023,0.7068194,0.6797397,0.62775344,0.60113704,0.7545756,0.66554636,0.6636614,0.6897111,0.76422924,0.6063179,0.614505,0.59678763,0.6773986,0.50760484,0.7038832,0.6648947,0.64229655,0.631162,0.6207527,0.5027798,0.46827465,0.6334595,0.4947201,0.68499964,1.0000005,0.61212975,0.6641276,0.62106967,0.634969,0.52527946,0.6111875,0.6526563,0.7627726,0.58545005,0.60134965,0.60255855,0.7030428,0.6218067,0.60364956,0.49367696,0.7627038,0.4603261,0.6612589,0.64217925,0.65814453,0.67785895,0.5423509,0.55664766,0.54358196,0.6078907,0.6230937,0.50997764,0.5858134,0.61483276,0.54661167,0.55079234,0.6980986,0.64226246,0.50411415,0.61725545,0.69461906,0.54855365,0.7342226,0.5400293,0.55174476,0.71875066,0.6195908,0.5949277,0.7784907,0.47614786,0.46064168,0.6218067,0.5580301,0.6161229,0.6947308,0.6538492,0.61842096,0.659805,0.5775686,0.65243864,0.5834164,0.6364753,0.49404168,0.63220716,0.48836747,0.6070772,0.5810744,0.71290535,0.62924594,0.731638,0.5592284,0.6354806,0.6019438,0.6051391,0.5486077,0.61799574,0.6112019,0.57533467,0.5248046,0.51013863,0.7110745,0.43917614,0.68974084,0.68974084,0.656924,0.6623254,0.7465092,0.6152384,0.5352509,0.50974774,0.7444392,0.57707083,0.7161249,0.6145147,0.5893005,0.62193215,0.6380379,0.75099456,0.6298985,0.55106866,0.5949095
mv,0.6574156,0.54331714,0.48001105,0.69793034,0.46987116,0.7637454,0.75387764,0.5815806,0.45266467,0.6449577,0.51941264,0.7663925,0.49215168,0.60027003,0.4800425,0.48481098,0.4795548,0.49544927,0.33800864,0.6421619,0.6242314,0.7186736,0.72158414,0.7094137,0.626073,0.72808874,0.7744186,0.68523806,0.6353696,0.5880267,0.36020288,0.39388877,0.7867639,0.751696,0.60006523,0.6301152,0.61927474,0.72154987,0.35131228,0.44418573,0.6278929,0.6584604,0.7910607,0.6461507,0.5104801,0.6848878,0.6218159,0.78961414,0.73949695,0.5606618,0.5403866,0.4423491,0.40923935,0.41796708,0.7267441,0.6748213,0.52060264,0.5811528,0.7579073,0.42316166,0.6289752,0.55831194,0.76053745,0.48758018,0.60398465,0.46941566,0.5580201,0.7611754,0.6471592,0.6531699,0.6193191,0.4926624,0.64569384,0.6969864,0.6311996,0.51014215,0.70317435,0.71560645,0.5422103,0.5447808,0.6093759,0.7980801,0.70041025,0.58643746,0.718891,0.6217575,0.70872843,0.72104317,0.6775346,0.6421708,0.39411497,0.62528574,0.59998703,0.50518644,0.6223869,0.54336905,0.6670564,0.5625258,0.8148325,0.45456788,0.47621334,0.6462533,0.61703056,0.6984405,0.71756065,0.6787328,0.6123433,0.81392574,0.65027386,0.63959926,0.6124828,0.65245545,0.48986366,0.63912606,0.72186744,0.46511766,0.47746328,0.6961888,0.35865957,0.7665175,0.45684138,0.68282646,0.58813643,0.5367595,0.56197006,0.7104599,0.5669918,0.49614298,0.42749196,0.79502225,0.77179736,0.58921605,0.6217901,0.7129951,0.7104833,0.46158323,0.7793377,0.63632756,0.7378826,0.58070195,0.82843244,0.7183358,0.6355721,0.75129515,0.6311996,0.6448546,0.45444426,0.7798883,0.64951944,0.7888394,0.73941624,0.4754061,0.43634453,0.50143504,0.7432096,0.4899059,0.7272287,0.61212975,1.0000005,0.4540717,0.6290707,0.6637802,0.5721618,0.49226874,0.44148606,0.6098447,0.4975326,0.5098533,0.48225668,0.64763004,0.751696,0.6598859,0.3969782,0.7235978,0.48778412,0.62637883,0.6530833,0.75509113,0.7638068,0.57563645,0.60727775,0.51670766,0.73072994,0.54494953,0.51188,0.6907135,0.4933666,0.5973235,0.3884158,0.6311362,0.6725879,0.6191248,0.6467089,0.714199,0.697407,0.46807444,0.3987207,0.4840001,0.568684,0.567973,0.46995312,0.7426529,0.47792295,0.66486526,0.751696,0.7088006,0.4980316,0.6667403,0.6537236,0.56177294,0.56342685,0.37190866,0.4689303,0.4756647,0.62162757,0.42745286,0.60937357,0.4760216,0.638004,0.53425467,0.56669915,0.70529455,0.6158723,0.4598911,0.7384014,0.47823673,0.7865421,0.685691,0.7746611,0.7359832,0.4948269,0.6585169,0.36765504,0.58691365,0.63564396,0.7118623,0.7118623,0.648175,0.55797476,0.73000145,0.5452597,0.74475384,0.5018169,0.7265398,0.75840086,0.5795831,0.7373117,0.70858157,0.52395135,0.60824394,0.73067045,0.59844613,0.49222893,0.5163842
mw,0.59305006,0.5364093,0.56620526,0.5832533,0.42029935,0.5143325,0.5002515,0.4574517,0.5716133,0.6800188,0.5529483,0.6119523,0.39058846,0.5289913,0.6939163,0.7135135,0.45714515,0.504341,0.62256414,0.60054374,0.65465456,0.2671545,0.64246446,0.5586554,0.53403604,0.6513993,0.5836321,0.5729417,0.71285945,0.4601957,0.6200646,0.610079,0.6710331,0.530199,0.5658376,0.78075004,0.45222747,0.6520108,0.43394423,0.46448243,0.6211486,0.5877158,0.5978147,0.6229136,0.3973094,0.5137325,0.61482185,0.6618122,0.44152793,0.6631871,0.5596983,0.5635156,0.4351027,0.3838451,0.67633605,0.42923662,0.8193841,0.5638515,0.63144726,0.66087675,0.5964172,0.56271696,0.45888066,0.5008851,0.55339557,0.7055646,0.7092307,0.67053044,0.5624199,0.47908556,0.62540495,0.420815,0.59638673,0.6020355,0.5763317,0.7144411,0.65653336,0.6567946,0.49697077,0.5438947,0.66315055,0.54029644,0.67374766,0.6237232,0.67729366,0.7213782,0.4743751,0.52637994,0.578233,0.6291491,0.34920338,0.549731,0.56698453,0.40933722,0.5998521,0.3883771,0.5706919,0.7068945,0.65883744,0.33276615,0.6375177,0.6028952,0.51196814,0.6963392,0.7807936,0.64380825,0.61889523,0.65991485,0.6373209,0.5840866,0.5379943,0.57427293,0.6201191,0.6078411,0.66998345,0.4971116,0.7060174,0.65491337,0.7793947,0.6096916,0.67816246,0.7111051,0.5328566,0.46401262,0.71132034,0.6407502,0.51624393,0.42742702,0.46566352,0.3952883,0.5893672,0.554553,0.486463,0.6584348,0.65156996,0.67721075,0.32027376,0.70086586,0.6408393,0.43104053,0.67380357,0.7798139,0.57865524,0.6318255,0.5763317,0.6023842,0.48264426,0.681112,0.6403115,0.45514926,0.5600032,0.53182423,0.45355475,0.4525618,0.40533876,0.38266003,0.6435954,0.6641276,0.4540717,0.99999934,0.5877423,0.632936,0.58102804,0.5512373,0.7659384,0.7206325,0.51996505,0.5481276,0.61976546,0.6657345,0.530199,0.62307286,0.46798408,0.6999075,0.3707782,0.59917593,0.58795655,0.6440052,0.62039703,0.46852532,0.5090258,0.46401954,0.50904226,0.57179743,0.42669725,0.523335,0.7252977,0.57885784,0.48372734,0.63115203,0.5880068,0.40606377,0.6084747,0.6374151,0.28004113,0.49683774,0.4774384,0.43604764,0.6989802,0.49480444,0.6143947,0.7757705,0.4072113,0.24526462,0.530199,0.34741977,0.64656395,0.5687591,0.61755687,0.5276425,0.71110183,0.68040556,0.7289304,0.6060837,0.5938223,0.5334219,0.6337242,0.4274864,0.60471535,0.4906348,0.6298738,0.4931202,0.6587925,0.5420702,0.617553,0.48071396,0.61660075,0.5193319,0.6345106,0.6062504,0.47575843,0.5182297,0.45333466,0.6053789,0.568761,0.6519438,0.6519438,0.55591875,0.63789177,0.67680234,0.5669472,0.31022674,0.4191715,0.6499304,0.6010365,0.6136874,0.61537623,0.57980853,0.5219019,0.55147827,0.648314,0.4528412,0.5035158,0.61533034
mx,0.83843696,0.48461545,0.65909195,0.6690081,0.52525187,0.48663297,0.60560995,0.50630605,0.72872937,0.74579054,0.6164982,0.65579575,0.5087045,0.7021486,0.6083161,0.66450346,0.6598389,0.73921335,0.619164,0.8555118,0.6245225,0.67452645,0.63287014,0.6971166,0.7781467,0.7038046,0.67200303,0.6715421,0.60710573,0.61288214,0.61029327,0.6376551,0.7398924,0.6492715,0.71675974,0.59130675,0.69150203,0.7566701,0.43552136,0.5989847,0.6126654,0.7804676,0.6630237,0.74905145,0.55463094,0.74827087,0.6925753,0.64321184,0.6328807,0.66699797,0.6160673,0.58618355,0.5397818,0.53778845,0.75438726,0.74052215,0.5094719,0.6123855,0.72852355,0.6052075,0.69484365,0.70378065,0.64974695,0.59767854,0.54691815,0.4980694,0.57684994,0.6416315,0.5952658,0.6646906,0.72437936,0.5445453,0.75707567,0.7178925,0.9760088,0.65580136,0.70841813,0.721674,0.64151037,0.6291737,0.66184354,0.69425094,0.69439614,0.5462575,0.69948244,0.602851,0.62039024,0.71094173,0.63246775,0.6112647,0.5878106,0.6685092,0.6868854,0.55400354,0.84239924,0.5954813,0.59235156,0.6401909,0.70219666,0.46073768,0.6532575,0.6101085,0.6736282,0.67817557,0.6829127,0.96106315,0.6935454,0.67217463,0.6412905,0.6859373,0.53566015,0.6442949,0.6199908,0.9830133,0.755307,0.58374983,0.4600399,0.6860639,0.4821159,0.58344567,0.6338537,0.6694596,0.7030067,0.66000044,0.6640223,0.7393749,0.639764,0.54846495,0.61438847,0.6402105,0.65678465,0.70462227,0.5746163,0.7016231,0.73911065,0.57751256,0.65595776,0.66981775,0.65577734,0.4776115,0.6874023,0.7061447,0.83913493,0.6044112,0.9760088,0.5528543,0.5838037,0.6741164,0.8718172,0.719417,0.6576207,0.68542343,0.67978746,0.41646317,0.6256886,0.5292829,0.7450244,0.62106967,0.6290707,0.5877423,0.9999997,0.686195,0.5518359,0.5920018,0.5994589,0.6245838,0.82991695,0.86064625,0.6270602,0.6444783,0.6492715,0.6039119,0.50408196,0.7071334,0.52763784,0.63676137,0.72829425,0.8851117,0.65972745,0.56654865,0.54255766,0.402565,0.7138299,0.5946521,0.55839115,0.70199835,0.50193286,0.7195366,0.5979792,0.63221383,0.5574874,0.60682434,0.87085843,0.7129122,0.66857237,0.6143219,0.6380391,0.596604,0.7148343,0.6022788,0.6178076,0.7337951,0.5321121,0.6193395,0.6492715,0.67355293,0.63386935,0.72411144,0.9257611,0.6996105,0.68303573,0.570173,0.57568973,0.6017066,0.5531797,0.5173045,0.6874795,0.5432906,0.84976417,0.59765327,0.563402,0.6819878,0.5990892,0.63162684,0.70524406,0.5142581,0.66139024,0.58702457,0.6106608,0.6249324,0.59608865,0.58120084,0.5304881,0.6244532,0.5706012,0.7623608,0.7623608,0.7026643,0.66461015,0.72691363,0.7102254,0.63286984,0.548264,0.74125606,0.56484365,0.6048193,0.64898217,0.68101084,0.69320256,0.55026627,0.7398348,0.6427711,0.6168976,0.5301075
my,0.68314785,0.5263156,0.56835306,0.65401006,0.47580522,0.60583633,0.68710774,0.42979214,0.63468695,0.7416793,0.63031375,0.69017637,0.44799507,0.6966477,0.59011424,0.6429975,0.563105,0.5719898,0.56281006,0.6757692,0.57843494,0.6293107,0.684616,0.70254284,0.68789434,0.7883593,0.72226214,0.70059514,0.5886657,0.52761483,0.56045204,0.6033048,0.7298825,0.69169396,0.7171728,0.6174633,0.59692484,0.7058655,0.3700484,0.606058,0.6683768,0.74507326,0.6469827,0.6350138,0.4851808,0.7214805,0.7236174,0.70865726,0.59720916,0.6849868,0.6397005,0.62806183,0.57846767,0.50841737,0.7936792,0.6860781,0.6493012,0.59432274,0.68694246,0.5426067,0.6539002,0.7540809,0.6316263,0.6749067,0.5167618,0.555063,0.6767507,0.68898696,0.6451461,0.7373382,0.7228364,0.4967746,0.7401504,0.77423275,0.6792472,0.6469637,0.7830576,0.7811092,0.6669039,0.5909039,0.7072372,0.682762,0.7664851,0.59866446,0.78232956,0.5879536,0.6720869,0.6961827,0.655699,0.61310285,0.41960955,0.6792736,0.6962409,0.47247702,0.71783817,0.56232065,0.6143268,0.6848282,0.71850634,0.41308975,0.62523925,0.6064269,0.6685365,0.67517096,0.7662811,0.7544395,0.71358114,0.7239909,0.6100038,0.71284145,0.51366735,0.67162114,0.5905895,0.69977295,0.7725711,0.5591425,0.57082874,0.7817425,0.5313604,0.6307677,0.62314767,0.6523786,0.6395037,0.5931787,0.68543094,0.75926566,0.640805,0.4891278,0.57115316,0.614083,0.7123764,0.71064514,0.6843912,0.7264294,0.7763523,0.59521174,0.644585,0.6586921,0.67951053,0.46251068,0.75559205,0.7907685,0.6810882,0.65451425,0.6792472,0.6075557,0.61600065,0.7239392,0.6720292,0.67731,0.6811325,0.5922114,0.56309897,0.47444063,0.6126141,0.45853245,0.67721456,0.634969,0.6637802,0.632936,0.686195,1.0000008,0.6417822,0.6551626,0.5775083,0.61776406,0.58810866,0.60050964,0.60558414,0.6389408,0.69169396,0.70524955,0.503877,0.7525777,0.4310372,0.63707227,0.64963067,0.709573,0.7149993,0.540087,0.6014661,0.46075875,0.6911115,0.6175907,0.48358774,0.6850631,0.5585058,0.60914993,0.55506384,0.6151661,0.6365152,0.64167416,0.68034536,0.75787044,0.6357089,0.59496516,0.52946544,0.57089794,0.7019694,0.53981304,0.5439259,0.8029841,0.45955122,0.6003809,0.69169396,0.6463867,0.6052286,0.71179044,0.69291663,0.6717878,0.67896616,0.55838984,0.58395845,0.5883769,0.5716975,0.4703402,0.7129413,0.46812493,0.6667793,0.5681421,0.60850114,0.7141186,0.59945965,0.63403696,0.69829017,0.5406652,0.66626656,0.56309247,0.6774041,0.6873236,0.5642891,0.6887205,0.49479678,0.6918051,0.61139286,0.7707082,0.7707082,0.68975335,0.6341754,0.7562455,0.6202369,0.626736,0.47631788,0.7883618,0.62277925,0.57443935,0.70456374,0.7708396,0.6567611,0.51541245,0.7898405,0.60542554,0.52937907,0.56861997
mz,0.5378289,0.38192362,0.4726204,0.62462527,0.3784549,0.5498215,0.69100964,0.26307315,0.5202836,0.61808836,0.41153833,0.50721717,0.41971394,0.64906865,0.5101045,0.68554837,0.3567696,0.513044,0.5236674,0.5188046,0.44711664,0.63331336,0.63318765,0.60240805,0.48866412,0.72046953,0.60156125,0.61425006,0.41669023,0.48095012,0.55502367,0.41261512,0.6804757,0.5475439,0.6492425,0.48737848,0.4447677,0.6617572,0.49743307,0.48189616,0.6923338,0.62813157,0.53234255,0.6726849,0.42813998,0.6080671,0.54575133,0.61254543,0.5129069,0.61121124,0.6208245,0.49655432,0.5203528,0.4027491,0.71396977,0.545232,0.77168405,0.62519044,0.56586075,0.4922712,0.46752837,0.55299664,0.5581224,0.7580612,0.2821398,0.38738722,0.62941563,0.5913617,0.64292556,0.7008695,0.6140579,0.4201675,0.64268565,0.71859777,0.514959,0.5452749,0.72774047,0.7283348,0.55437416,0.5343784,0.60002184,0.6418932,0.70810825,0.8184552,0.73116076,0.41621011,0.6020979,0.61849344,0.51526284,0.6715755,0.45287338,0.538938,0.5595368,0.43412417,0.6288647,0.41882634,0.52390695,0.6665716,0.60230255,0.33979163,0.5080844,0.32615194,0.6325546,0.47844213,0.6353251,0.611262,0.6014165,0.60461736,0.41699475,0.6143794,0.2823878,0.6059312,0.46952653,0.55640477,0.68374527,0.5637516,0.41249204,0.70943576,0.54405385,0.54519695,0.46938574,0.53985435,0.3753065,0.580464,0.5820777,0.68902373,0.4886769,0.4350585,0.51016015,0.46635813,0.5978885,0.64701325,0.7008949,0.6541162,0.6604685,0.5106866,0.5991573,0.41192356,0.5133937,0.35603708,0.66151536,0.6723285,0.53921956,0.59395844,0.514959,0.5443404,0.41459697,0.66327566,0.5714931,0.59793425,0.6134923,0.51149136,0.4307238,0.6422966,0.5369421,0.40597802,0.6401668,0.52527946,0.5721618,0.58102804,0.5518359,0.6417822,1.0,0.5553206,0.551689,0.47019738,0.553646,0.54577297,0.43853322,0.38686445,0.5475439,0.68121517,0.38151404,0.7359826,0.4027502,0.58121884,0.5327012,0.62916875,0.589414,0.24243246,0.66418064,0.53590375,0.6218583,0.61679053,0.42715442,0.5389726,0.42326003,0.42103624,0.47487444,0.3390813,0.6061565,0.5871924,0.5296261,0.7162924,0.63520217,0.5824633,0.52279764,0.5506259,0.5320257,0.18543367,0.47314322,0.6830133,0.3954404,0.59865767,0.5475439,0.66197515,0.4289953,0.6033487,0.5744917,0.5480041,0.66481394,0.45473298,0.61312425,0.40643263,0.42306966,0.33227944,0.60534084,0.4004439,0.5201622,0.49667418,0.6381945,0.68067,0.4332896,0.5862081,0.5491358,0.61488783,0.5466473,0.54276043,0.5805597,0.59438384,0.50146115,0.53895545,0.44730204,0.7941545,0.65824723,0.628716,0.628716,0.65366316,0.54568475,0.7262804,0.60754025,0.57028943,0.4359577,0.7104366,0.5305587,0.43042898,0.5604941,0.59786594,0.50747687,0.2770382,0.7174971,0.3714134,0.55395645,0.6314454
na,0.5461367,0.5753727,0.551348,0.46168453,0.5540727,0.36213395,0.5719807,0.45394453,0.72134453,0.76166874,0.6081946,0.6325934,0.53221333,0.73281676,0.5762534,0.66160166,0.54986584,0.54672,0.68905973,0.50643337,0.6300046,0.62430096,0.62462777,0.6537394,0.5370005,0.7380122,0.6300519,0.6423046,0.60835826,0.6134362,0.6092851,0.60955775,0.60798305,0.60583985,0.7101392,0.6218204,0.5899759,0.5987078,0.4911886,0.8161507,0.647251,0.63765466,0.5329328,0.6690089,0.5520473,0.66372335,0.59370404,0.5499696,0.54456407,0.6632262,0.63462675,0.61479044,0.5932632,0.61061376,0.7624114,0.6092964,0.46400365,0.73055935,0.60725653,0.58177954,0.7007056,0.64252347,0.56680274,0.5699462,0.5705585,0.56740797,0.6573813,0.58033544,0.52827966,0.68450016,0.7212908,0.5553215,0.7611888,0.7217453,0.5890516,0.64351434,0.70748353,0.7066467,0.71292746,0.6745004,0.6406547,0.579813,0.6807816,0.6061202,0.69786984,0.5945344,0.64572096,0.6569164,0.6425109,0.62164056,0.48823667,0.6254778,0.7187875,0.5470414,0.7305041,0.5860512,0.6649657,0.71083546,0.5686066,0.47885004,0.69965845,0.62197155,0.57180905,0.6910575,0.6413174,0.6791943,0.6967557,0.5592123,0.65256286,0.6656685,0.5575174,0.6324181,0.6282024,0.624167,0.75280863,0.58775204,0.5834319,0.73078,0.47472757,0.4469404,0.5699838,0.6140997,0.6011778,0.3894957,0.62957525,0.71477556,0.5503146,0.54599005,0.6814166,0.5682568,0.6385518,0.7325767,0.5563323,0.6215434,0.6756506,0.6514312,0.56246394,0.6899813,0.62847656,0.42849007,0.58400494,0.6725444,0.54478985,0.47452027,0.5890516,0.69677246,0.71461666,0.58846956,0.5565413,0.6261051,0.59730417,0.697469,0.6341917,0.5352696,0.59183294,0.5400641,0.65413475,0.6111875,0.49226874,0.5512373,0.5920018,0.6551626,0.5553206,0.99999994,0.6282415,0.6678797,0.6052536,0.6422191,0.67484796,0.6598443,0.60583985,0.6685689,0.57000667,0.6670928,0.5322849,0.66714424,0.60533005,0.6188791,0.6594466,0.40259004,0.5670898,0.56349444,0.6616426,0.69742936,0.56917524,0.57144374,0.5819883,0.39991352,0.6638035,0.64326,0.6217183,0.62219304,0.5542405,0.6793293,0.6186466,0.6435778,0.64987475,0.7015957,0.7134192,0.57002455,0.58274275,0.7032669,0.5503827,0.5561458,0.60583985,0.62174493,0.65787065,0.7393392,0.5588383,0.7312625,0.6551457,0.58466107,0.6133863,0.65198946,0.61648893,0.5417605,0.6355882,0.5580176,0.5298117,0.6259939,0.59997696,0.64448583,0.63258326,0.61204034,0.53978693,0.66711783,0.50495857,0.4946807,0.50809145,0.57961345,0.6295471,0.5224611,0.60578406,0.626527,0.5097168,0.71180624,0.71180624,0.6876539,0.7089378,0.68439925,0.58644915,0.5350353,0.549156,0.7480981,0.43288338,0.6157533,0.5864329,0.602494,0.71540546,0.56920785,0.7431367,0.6349701,0.4361338,0.5581545
nc,0.53419363,0.6288833,0.5251088,0.47616702,0.593059,0.34948617,0.34625942,0.44850168,0.72014093,0.8045665,0.6179825,0.6007801,0.57032096,0.6916752,0.8040635,0.8667123,0.49861875,0.5503933,0.70067424,0.5322396,0.62702614,0.49444526,0.6275841,0.61296344,0.53605145,0.70766705,0.5844153,0.5744269,0.7011886,0.5896654,0.7019689,0.75007355,0.64049816,0.51209897,0.6996008,0.67923445,0.5181994,0.588296,0.56776613,0.61640286,0.6499775,0.6099363,0.5011716,0.6649734,0.57251596,0.62334424,0.5670933,0.53365463,0.43900406,0.7437035,0.64936423,0.6869493,0.6065896,0.55275023,0.7492734,0.5815426,0.5830763,0.7491159,0.590969,0.7018932,0.6133214,0.6198206,0.45726,0.5352907,0.5982816,0.65951866,0.6747224,0.6338084,0.6182243,0.5544849,0.715014,0.59497035,0.7331185,0.65877116,0.5807229,0.8248236,0.70193857,0.7105202,0.65750337,0.68533397,0.70332354,0.52065164,0.6878923,0.6368266,0.7159429,0.71650267,0.6209539,0.6475434,0.53017,0.6173338,0.5309072,0.5766616,0.7015114,0.584086,0.71259254,0.53608453,0.5606929,0.778059,0.5577928,0.5053986,0.8100856,0.59529805,0.59713596,0.7039613,0.60840136,0.6735991,0.7407875,0.5527517,0.6551776,0.66009235,0.5861465,0.64843524,0.7615602,0.6383819,0.7012945,0.5524437,0.6589072,0.71183366,0.69535697,0.46075457,0.75586617,0.61051524,0.6029022,0.47996145,0.74696046,0.6939613,0.56611097,0.5901108,0.6737331,0.37955475,0.6035603,0.7101952,0.55714196,0.6107633,0.6544475,0.7793247,0.34516972,0.7003113,0.6258764,0.30420983,0.5734317,0.6419693,0.54536134,0.4844088,0.5807229,0.6434643,0.6430067,0.6123037,0.6213218,0.4699476,0.5841277,0.69800615,0.6114152,0.58107746,0.46773764,0.5739533,0.66581285,0.6526563,0.44148606,0.7659384,0.5994589,0.5775083,0.551689,0.6282415,1.0,0.6872167,0.5935367,0.6362917,0.7893891,0.68054974,0.51209897,0.6424997,0.6517266,0.6540854,0.5634368,0.6804007,0.60795945,0.6083637,0.6248276,0.41439688,0.6249521,0.5616333,0.6575039,0.6864594,0.59764075,0.50551003,0.68254304,0.45986247,0.7182774,0.64799374,0.6215145,0.561831,0.5713357,0.54787356,0.46391502,0.73786175,0.6587301,0.6368867,0.68817616,0.5527637,0.78906345,0.6741501,0.5883559,0.38135314,0.51209897,0.50566524,0.73490673,0.72021884,0.59810346,0.70605814,0.71942115,0.68798894,0.79904556,0.76689327,0.57530046,0.6635218,0.67741436,0.60533893,0.55735284,0.65351146,0.6554165,0.5247951,0.66216433,0.5925144,0.52440673,0.64243287,0.49220237,0.5048092,0.5130041,0.52791953,0.63662636,0.43751165,0.5293951,0.6778271,0.47887847,0.65510076,0.65510076,0.6625724,0.82409835,0.72130084,0.5851693,0.28511816,0.58640796,0.700712,0.45079258,0.5683831,0.56363475,0.5182623,0.70414126,0.5969243,0.71193665,0.51147085,0.55198866,0.5727948
ne,0.6215453,0.7415762,0.60296607,0.52709997,0.64798915,0.5054091,0.63526773,0.6322772,0.68834704,0.83187675,0.6554676,0.85047036,0.5862387,0.6830457,0.6443277,0.6224817,0.5976614,0.57011455,0.6596294,0.60627335,0.8299489,0.56838566,0.72524506,0.6958568,0.66162425,0.7931558,0.6925397,0.73933893,0.9315918,0.6821982,0.6933274,0.5944057,0.76885396,0.70207554,0.6502348,0.8208402,0.58421415,0.64425427,0.61545646,0.61566675,0.70914614,0.634545,0.6506149,0.687489,0.6025658,0.6219894,0.6985726,0.6589293,0.6922992,0.61133367,0.6212692,0.5872988,0.50492394,0.59951055,0.80238616,0.6149513,0.48278478,0.7568103,0.74284106,0.72481364,0.7339871,0.6824377,0.70589995,0.30513766,0.90989673,0.7888566,0.6812204,0.7526425,0.6077208,0.57545006,0.75140494,0.64589435,0.7529825,0.67736596,0.59242797,0.7111462,0.7013604,0.6866018,0.6357342,0.74206835,0.70779604,0.67680764,0.6948816,0.63622564,0.6899703,0.88882655,0.75731045,0.698851,0.8372074,0.6822434,0.35751718,0.748192,0.71985346,0.6188811,0.71867365,0.52297497,0.75214124,0.7362772,0.67788255,0.50866294,0.759845,0.9042541,0.49551317,0.948445,0.7515692,0.7192104,0.7786559,0.66011846,0.970736,0.71153814,0.9003072,0.7750974,0.6815157,0.6572361,0.8046688,0.51597977,0.7664561,0.7644699,0.62258756,0.5860385,0.5732657,0.73953915,0.7687417,0.505837,0.6530314,0.77814794,0.6261615,0.6236176,0.6395597,0.5617452,0.8334899,0.72258055,0.42557272,0.7355851,0.70093304,0.83305115,0.62617886,0.9218355,0.81123745,0.50927186,0.7005169,0.75105625,0.6329735,0.6103413,0.59242797,0.78308815,0.64730674,0.73610604,0.69494635,0.6886633,0.63466924,0.6682953,0.5503213,0.5530199,0.66898704,0.616973,0.72368306,0.7627726,0.6098447,0.7206325,0.6245838,0.61776406,0.47019738,0.6678797,0.6872167,0.9999991,0.6251882,0.6244179,0.77042705,0.919574,0.70207554,0.6802113,0.548412,0.7572184,0.58737284,0.66818225,0.7236647,0.64817107,0.8421101,0.61526877,0.5637382,0.58718723,0.6926095,0.7049363,0.64419526,0.64371604,0.8012705,0.57025707,0.60687155,0.92071563,0.69748676,0.5776765,0.63749444,0.6537624,0.542506,0.6172658,0.661335,0.60088515,0.7812869,0.81129926,0.65791166,0.7851493,0.6280438,0.49246582,0.70207554,0.579456,0.83211523,0.7942503,0.67334646,0.6782525,0.62365013,0.7019505,0.7393751,0.77962756,0.76425993,0.7833041,0.6217488,0.6394536,0.6266051,0.6702937,0.70652354,0.56825316,0.93411446,0.52971184,0.6539144,0.66006464,0.6218117,0.6059833,0.6367672,0.6327439,0.66598743,0.46062943,0.6100056,0.5624388,0.481527,0.69387823,0.69387823,0.6969338,0.8133902,0.772136,0.65879196,0.59134495,0.62379247,0.770894,0.57027143,0.7224871,0.6558229,0.54329103,0.6408101,0.8966135,0.78569835,0.6781988,0.5927357,0.6352732
nf,0.6388403,0.5188903,0.74357015,0.49041623,0.57415986,0.25035632,0.5194093,0.3622412,0.8065698,0.7686173,0.5624022,0.5649968,0.56960547,0.75525373,0.64107764,0.6727909,0.6752189,0.769227,0.71460265,0.6429284,0.5965988,0.67294806,0.5186217,0.6838447,0.61952126,0.7009566,0.5471037,0.65325296,0.57570297,0.68321836,0.71832836,0.6639548,0.6543433,0.5311818,0.7487025,0.49385595,0.6331949,0.6589744,0.5686719,0.6378226,0.6228628,0.644254,0.46571103,0.8360242,0.60718143,0.66736156,0.579782,0.44486737,0.5789434,0.5993407,0.6112623,0.59740883,0.57165825,0.63962305,0.73463583,0.66661316,0.3847726,0.7063141,0.6090171,0.6587825,0.6209619,0.673386,0.6007262,0.6099032,0.5069253,0.52511144,0.59141165,0.51186174,0.5471959,0.63692904,0.75126636,0.5972943,0.7991349,0.68466324,0.79955685,0.6867763,0.6920748,0.6993276,0.6853396,0.63199323,0.60096854,0.62924933,0.657633,0.62117094,0.6729172,0.5593674,0.58743757,0.6380345,0.59052896,0.7036457,0.5395914,0.6274117,0.718676,0.5999678,0.8809849,0.5995452,0.61260766,0.6823913,0.5065853,0.49537092,0.7310977,0.5453143,0.6162916,0.6462708,0.58143365,0.84487206,0.7071214,0.47211117,0.63397866,0.6929042,0.4895081,0.61431015,0.6815641,0.8438253,0.7196272,0.57368976,0.47174603,0.6842027,0.4140634,0.35342085,0.53504366,0.5756014,0.65824914,0.5433654,0.566446,0.74427915,0.6081733,0.59157526,0.75241023,0.54525244,0.5971549,0.77687633,0.48323262,0.62600046,0.6563816,0.6256108,0.60978085,0.66139466,0.5661667,0.43536687,0.5128537,0.6233383,0.64989865,0.40624663,0.79955685,0.5595625,0.5842252,0.5465076,0.704094,0.6536668,0.5006108,0.77002776,0.7253447,0.5230936,0.6443699,0.6015583,0.6433489,0.58545005,0.4975326,0.51996505,0.82991695,0.58810866,0.553646,0.6052536,0.5935367,0.6251882,0.9999991,0.924792,0.68095434,0.6182878,0.5311818,0.6221221,0.5540289,0.64140886,0.5897486,0.6072213,0.6422432,0.72788703,0.5899665,0.3766605,0.50761014,0.42280206,0.65718687,0.6547705,0.6099077,0.55944157,0.5324506,0.4466847,0.70578086,0.609687,0.50108874,0.60647964,0.6677363,0.68271434,0.6492506,0.6674463,0.7885263,0.6515607,0.64740777,0.5539274,0.6826301,0.65579486,0.5834515,0.5728302,0.5311818,0.6499027,0.6925678,0.75464183,0.74227333,0.7581889,0.61079895,0.5314997,0.6109406,0.64850533,0.51209056,0.5502888,0.6255679,0.59596574,0.6454049,0.6637158,0.56664795,0.6187053,0.57073146,0.6167907,0.5175701,0.6756275,0.44195503,0.43608674,0.40805352,0.48481715,0.7109407,0.33409765,0.6225452,0.62590164,0.45275947,0.67237103,0.67237103,0.72355485,0.70040995,0.71834403,0.8007335,0.57014334,0.59750426,0.73793703,0.33725038,0.5660176,0.481537,0.45533127,0.7252252,0.5078911,0.73788524,0.6236206,0.57262146,0.46033537
ng,0.6637549,0.5590861,0.802235,0.56494236,0.5791198,0.21789445,0.52362424,0.38028234,0.8590591,0.79341453,0.6216367,0.5978713,0.59417665,0.7872229,0.6659411,0.70177996,0.6986473,0.8161906,0.79020333,0.68158394,0.60682464,0.66524416,0.5243745,0.7311172,0.6458919,0.6975685,0.55062544,0.6448428,0.5736046,0.6931945,0.7322815,0.7080494,0.65744317,0.5514997,0.767681,0.5034315,0.71106887,0.6090389,0.58783996,0.6670621,0.6273456,0.66944003,0.5141708,0.8822865,0.6328439,0.6837968,0.5953449,0.44740275,0.56882215,0.6354408,0.6550746,0.6564342,0.6208254,0.689914,0.7512654,0.6755222,0.3980989,0.72135675,0.6158145,0.69342947,0.6809706,0.6883478,0.596003,0.62182856,0.52645904,0.56531864,0.6045314,0.52889913,0.54958713,0.6707172,0.78175235,0.5994977,0.8300364,0.71377283,0.86265,0.71609986,0.680528,0.70280105,0.72339356,0.6441867,0.6267836,0.6511846,0.64167154,0.6313668,0.6690154,0.54478884,0.5619307,0.6581905,0.6078652,0.74070334,0.6450038,0.6534579,0.7516841,0.6125776,0.9289731,0.6945004,0.60212845,0.7148371,0.5442546,0.52454704,0.77431786,0.5713817,0.6315713,0.6801819,0.60548544,0.88972604,0.7239317,0.49897638,0.6403825,0.7176599,0.5184424,0.6442934,0.7033986,0.90033525,0.7278111,0.58634937,0.53203636,0.6738496,0.45439732,0.36172518,0.59181035,0.6102951,0.6848528,0.51147,0.58403,0.7314509,0.6466638,0.6025796,0.79789996,0.6328329,0.58999187,0.78645957,0.50816345,0.6091566,0.67757845,0.6372378,0.59561175,0.6975309,0.5965458,0.43141246,0.5069781,0.651498,0.6664551,0.41222516,0.86265,0.5482609,0.63672256,0.55851877,0.7361268,0.6987571,0.48535284,0.8682802,0.8060778,0.52001923,0.6582005,0.6146009,0.65807706,0.60134965,0.5098533,0.5481276,0.86064625,0.60050964,0.54577297,0.6422191,0.6362917,0.6244179,0.924792,1.0000002,0.72461927,0.6593818,0.5514997,0.6321839,0.59411454,0.6433518,0.61539215,0.59823596,0.6591992,0.76753646,0.6015194,0.35306752,0.5266973,0.5004482,0.66426545,0.6813879,0.62431085,0.6035367,0.5822125,0.4669995,0.7559305,0.6374538,0.5029515,0.6355878,0.711514,0.6970981,0.6457242,0.69740677,0.821674,0.6768163,0.67291,0.586829,0.70069027,0.68185836,0.5987643,0.57646847,0.5514997,0.6450389,0.7377553,0.7602886,0.7653072,0.8173033,0.6506768,0.5834182,0.61677504,0.68468595,0.52157843,0.58394444,0.63909054,0.6043441,0.68834025,0.67931354,0.5836776,0.641337,0.6058459,0.6635616,0.5173107,0.6924119,0.4781235,0.41778806,0.4192605,0.47968316,0.7423559,0.33778697,0.629385,0.64488745,0.49873862,0.7097705,0.7097705,0.74034953,0.7376059,0.7312528,0.76776,0.5599026,0.6129393,0.7372076,0.34806073,0.56435,0.48528013,0.46946773,0.79340374,0.5407154,0.7317035,0.6409052,0.54603857,0.4722328
ni,0.5338261,0.7826952,0.5595162,0.5139307,0.7453447,0.22587234,0.36571306,0.3565531,0.8895989,0.9500316,0.77578855,0.7516698,0.6913254,0.84843236,0.773733,0.79467994,0.66037184,0.6116765,0.7437979,0.46417823,0.5900013,0.55203074,0.6103368,0.666553,0.56420475,0.7886918,0.58880967,0.56347895,0.7019645,0.7105651,0.73121756,0.78130317,0.58634025,0.6158502,0.788368,0.5818533,0.6967563,0.5236584,0.5176925,0.76235116,0.6708907,0.5896333,0.47601232,0.6768812,0.7144631,0.6441485,0.56649894,0.43497938,0.48968077,0.6970173,0.71725965,0.8238652,0.7172601,0.72741896,0.80650216,0.625378,0.36605057,0.8207859,0.6394764,0.7556827,0.7455701,0.7137561,0.51522076,0.51182735,0.7625483,0.79211116,0.6537919,0.55191517,0.6720517,0.6204073,0.84430027,0.7440997,0.8954828,0.7040743,0.62855846,0.87120783,0.6998037,0.7019277,0.79173625,0.67133987,0.7283044,0.4873028,0.65823364,0.55751866,0.6822423,0.68431824,0.7001518,0.68455124,0.62121534,0.5668638,0.44628432,0.7429803,0.8576255,0.7182621,0.84174854,0.7633842,0.54561067,0.7343819,0.51079655,0.6531482,0.980766,0.7856459,0.6744712,0.8472343,0.617473,0.72313166,0.88086057,0.48934954,0.7944592,0.75849384,0.7557939,0.8009053,0.86436737,0.67991674,0.77617764,0.4547122,0.7593997,0.7593132,0.55952454,0.3187242,0.7487273,0.631075,0.69234675,0.5020832,0.68114793,0.7872476,0.72067714,0.724385,0.86475533,0.51218325,0.7332359,0.858374,0.56436473,0.561617,0.6904181,0.9200603,0.40048736,0.8672805,0.73627657,0.23550954,0.5091868,0.67426944,0.5550731,0.34686986,0.62855846,0.6682171,0.8156734,0.54222256,0.5517231,0.5319623,0.6103292,0.85048664,0.818389,0.61288834,0.59085613,0.7308284,0.68212587,0.60255855,0.48225668,0.61976546,0.6270602,0.60558414,0.43853322,0.67484796,0.7893891,0.77042705,0.68095434,0.72461927,1.0000004,0.8785555,0.6158502,0.6870471,0.8139427,0.5673236,0.7092833,0.58076626,0.68742716,0.5935558,0.7430321,0.37653562,0.6922152,0.6300884,0.69373626,0.78734547,0.7338052,0.60641605,0.80171865,0.37229657,0.8373534,0.85618955,0.6547804,0.7105292,0.5461476,0.6022272,0.5339653,0.7892579,0.79412496,0.7486697,0.68320346,0.70288455,0.8086466,0.7094132,0.7358243,0.49514765,0.6158502,0.56643486,0.95211375,0.82834595,0.5620416,0.9063454,0.6240021,0.7437746,0.71216905,0.99363303,0.6665349,0.86059004,0.6411742,0.7349995,0.5118092,0.79579955,0.588315,0.53937453,0.78035897,0.6184556,0.4391874,0.7071248,0.4341447,0.4377054,0.42491493,0.51263225,0.81771976,0.3536777,0.6451505,0.63755614,0.3414025,0.72518134,0.72518134,0.7629238,0.94254076,0.6788088,0.57015175,0.3736206,0.722158,0.7630847,0.31121504,0.49258274,0.5255225,0.50339115,0.87390375,0.7661127,0.78844583,0.6301613,0.48979512,0.46581578
nl,0.62530994,0.8192932,0.6178018,0.603303,0.70989066,0.48193502,0.57292897,0.59158325,0.76217586,0.88140297,0.77051425,0.92520905,0.6522348,0.73348874,0.674777,0.6132637,0.6502938,0.5800093,0.65769506,0.5865621,0.7573091,0.549769,0.70686495,0.7248077,0.6322621,0.77862495,0.70785284,0.6549597,0.88447094,0.7046997,0.65224504,0.64196724,0.7309962,0.7526638,0.6703032,0.74903435,0.706494,0.6211751,0.48867267,0.66065776,0.6733752,0.6245153,0.7009409,0.6983144,0.6704071,0.63888556,0.65063906,0.649354,0.6592209,0.633571,0.67120886,0.6941627,0.57208824,0.62636286,0.79422367,0.6229781,0.41081384,0.7491552,0.7943685,0.69560945,0.801544,0.67988694,0.67429763,0.32293686,0.94283724,0.84240365,0.6870414,0.7333249,0.65660506,0.5654266,0.801633,0.7033812,0.8061306,0.6734801,0.6583515,0.7642198,0.6818185,0.6835968,0.7076454,0.67301404,0.7253739,0.6311487,0.6688208,0.5539727,0.67437,0.84471273,0.7349239,0.7111769,0.79716015,0.6465435,0.36702847,0.7972319,0.7796611,0.67958015,0.7637423,0.67492956,0.6895513,0.71354103,0.7162586,0.61657304,0.83086586,0.9616397,0.60084593,0.98461276,0.7629654,0.73826635,0.83028144,0.6972078,0.95089287,0.7493573,0.9378408,0.82426316,0.7630024,0.694185,0.80224645,0.46919516,0.82120764,0.74443674,0.57378495,0.57786703,0.6982719,0.76954454,0.764401,0.4873947,0.69087994,0.7708838,0.72617555,0.6839418,0.681221,0.6676537,0.85045904,0.7406984,0.5046888,0.686264,0.7313717,0.86003387,0.57431537,0.9742935,0.8844648,0.42897728,0.70016426,0.7747489,0.6208993,0.5831543,0.6583515,0.74082553,0.72704697,0.7133099,0.6433082,0.69863933,0.6803063,0.7364017,0.6768018,0.5516986,0.66743314,0.6821921,0.74072516,0.7030428,0.64763004,0.6657345,0.6444783,0.6389408,0.38686445,0.6598443,0.68054974,0.919574,0.6182878,0.6593818,0.8785555,1.0000012,0.7526638,0.7096478,0.67263937,0.66829646,0.6593214,0.6117302,0.739221,0.6979631,0.86372846,0.57679003,0.6239883,0.5971886,0.7082459,0.7221264,0.6999139,0.6754262,0.85394436,0.55157423,0.6624912,0.9904405,0.70134974,0.64620614,0.6335329,0.6686334,0.52666926,0.6321246,0.66273266,0.62055534,0.75162655,0.865169,0.70763016,0.8030727,0.6952424,0.5006293,0.7526638,0.57603925,0.9067446,0.79545075,0.63747656,0.775001,0.5979031,0.6983535,0.6808,0.8925803,0.7824032,0.8415347,0.6470108,0.6973337,0.61280155,0.72910255,0.6478826,0.5601092,0.9348524,0.553679,0.63629144,0.61926144,0.6614143,0.58514684,0.6471368,0.6427597,0.7211121,0.47625065,0.5807789,0.5395886,0.45967346,0.7395384,0.7395384,0.7277961,0.86114967,0.72977185,0.60443807,0.5535239,0.68242294,0.7607467,0.57300925,0.6402965,0.66822606,0.58429456,0.7408042,0.94752824,0.7731631,0.69692934,0.49040502,0.53572017
no,0.6525506,0.6347186,0.5186916,0.6799701,0.57406306,0.6794119,0.729325,0.5764928,0.5909812,0.7312818,0.57853603,0.83709157,0.56787854,0.6741444,0.50675607,0.5455569,0.5532753,0.5213156,0.48911574,0.6091208,0.62515986,0.6857049,0.74150217,0.69062424,0.66615695,0.74512297,0.78884405,0.69386464,0.6762755,0.61649334,0.47253868,0.47175765,0.75923324,0.9999999,0.68210095,0.6555757,0.6401752,0.7510096,0.35452604,0.5742417,0.6627858,0.6748554,0.75924945,0.6529732,0.5724667,0.6934472,0.63311625,0.76862603,0.684172,0.6004025,0.64172655,0.53291595,0.5265813,0.4655732,0.76376593,0.6961905,0.5162414,0.6260493,0.76622546,0.5999321,0.6905383,0.59813285,0.7037288,0.4524488,0.71542567,0.58559674,0.6230665,0.74066275,0.6566947,0.6172713,0.6869991,0.58340913,0.7037405,0.64524424,0.6503978,0.56339324,0.7173338,0.719025,0.6229799,0.6197945,0.71379834,0.71520096,0.7085264,0.56763196,0.6846911,0.65799385,0.75141513,0.7415297,0.76075655,0.6191881,0.38322905,0.7186659,0.71139425,0.5845601,0.67315674,0.5805778,0.6341433,0.63092667,0.7942364,0.5393431,0.5892032,0.7446509,0.6551169,0.78712404,0.7279587,0.70097387,0.7002039,0.7936158,0.73873496,0.6560911,0.7243772,0.74147844,0.63395715,0.6648045,0.77630943,0.50032246,0.6010973,0.7418611,0.4211975,0.7102915,0.5848564,0.6921537,0.6520024,0.5773416,0.6627546,0.73401356,0.6510655,0.57613605,0.5063626,0.71559644,0.79309934,0.65672874,0.65811473,0.71760976,0.67506963,0.59836996,0.7156968,0.72420067,0.78251433,0.45869127,0.8066969,0.73721886,0.64257723,0.70458406,0.6503978,0.6852125,0.5814528,0.7412371,0.6466857,0.74508756,0.7315308,0.5453264,0.54052854,0.52332747,0.6557204,0.5717987,0.78318846,0.6218067,0.751696,0.530199,0.6492715,0.69169396,0.5475439,0.60583985,0.51209897,0.70207554,0.5311818,0.5514997,0.6158502,0.7526638,0.9999999,0.7162246,0.40540314,0.7077149,0.55948156,0.61752117,0.6926117,0.7466362,0.79336846,0.58147275,0.64415175,0.50489175,0.7522256,0.65722674,0.5901722,0.6847095,0.5932824,0.625466,0.48111516,0.7363245,0.720341,0.64483243,0.64621496,0.69052714,0.68311524,0.5482133,0.48091525,0.5432774,0.67336404,0.66082585,0.43984854,0.7641109,0.57543933,0.6744317,0.9999999,0.70378184,0.6198628,0.71307,0.65315306,0.6375904,0.61187994,0.46364892,0.5399876,0.62207735,0.646419,0.5888552,0.6621516,0.5668617,0.6297444,0.6180386,0.6324027,0.66147083,0.70320547,0.54041535,0.71722025,0.52206343,0.7524179,0.69379616,0.764278,0.71380943,0.5551086,0.68381506,0.44539496,0.6010572,0.5887462,0.7887042,0.7887042,0.6364289,0.680596,0.69884473,0.58080274,0.7084721,0.5819654,0.7418558,0.7060082,0.53888255,0.74386644,0.74219966,0.6195869,0.71498376,0.75056016,0.6529964,0.46379852,0.58203804
np,0.60657114,0.64366764,0.60067475,0.62897354,0.6157003,0.5842766,0.6439271,0.48960957,0.6850724,0.80124223,0.5843079,0.7484227,0.66513085,0.74555755,0.6868265,0.6967873,0.5633435,0.60894823,0.67072725,0.5298849,0.6220354,0.6768555,0.7731364,0.74234796,0.5929847,0.816845,0.74974084,0.7165386,0.6422223,0.69294524,0.631416,0.5369125,0.7650077,0.7162246,0.75124574,0.64260095,0.61856663,0.7183617,0.48100847,0.63342667,0.7259593,0.67104465,0.6507943,0.74964565,0.63325876,0.69997215,0.62564164,0.72077036,0.6840668,0.74269354,0.6923881,0.63719124,0.6170935,0.57536644,0.82437474,0.66075605,0.60275584,0.75909996,0.7255403,0.62835014,0.6604307,0.60393083,0.70299464,0.62041426,0.6101329,0.58985,0.77624387,0.7106409,0.6941709,0.6991051,0.7662854,0.6312156,0.7827021,0.7710878,0.59027165,0.70919067,0.8132077,0.8094115,0.710508,0.67557764,0.7631008,0.6927788,0.7935423,0.7190298,0.80845886,0.63345,0.753889,0.7653619,0.67170984,0.740053,0.4389677,0.719325,0.7357387,0.6394359,0.7580681,0.55270815,0.6705729,0.7499035,0.7237019,0.61675996,0.69668025,0.6777986,0.6868789,0.7373386,0.73964,0.6790296,0.7562556,0.7301539,0.6885072,0.7424606,0.6103595,0.7605065,0.70122826,0.6254689,0.79738307,0.56152946,0.59174,0.8188665,0.5558069,0.6283624,0.65323824,0.7036874,0.6136193,0.5611264,0.7352301,0.78740174,0.6398765,0.6368729,0.6316428,0.61717755,0.77558273,0.76265305,0.6884154,0.6999094,0.74908143,0.6632741,0.6711589,0.70990604,0.72773826,0.37592995,0.764918,0.763362,0.6095507,0.6462309,0.59027165,0.7461014,0.6502913,0.73694384,0.6079655,0.7127649,0.68173933,0.63307285,0.6169279,0.6852132,0.6385727,0.6281086,0.78399926,0.60364956,0.6598859,0.62307286,0.6039119,0.70524955,0.68121517,0.6685689,0.6424997,0.6802113,0.6221221,0.6321839,0.6870471,0.7096478,0.7162246,0.99999946,0.6003728,0.73082167,0.62829816,0.68412226,0.6552888,0.7035296,0.786945,0.42942968,0.73285186,0.6215558,0.7679715,0.70718706,0.6455386,0.6507524,0.6083079,0.48554614,0.62979907,0.6900044,0.776656,0.7114402,0.5958514,0.7487849,0.67824686,0.6291481,0.60434955,0.6437796,0.6948607,0.5317516,0.6440961,0.79266316,0.6279411,0.6524576,0.7162246,0.7340141,0.69435894,0.77631307,0.59452605,0.71874076,0.7337526,0.5619589,0.6610696,0.67490906,0.6987031,0.5939064,0.6867408,0.62915397,0.57662004,0.71067715,0.70225936,0.73381793,0.661822,0.6023116,0.6665512,0.6741318,0.66479915,0.65899825,0.71975964,0.69725317,0.66450727,0.59013474,0.50705063,0.6674356,0.6437664,0.7493715,0.7493715,0.74608815,0.7164107,0.76216847,0.6685144,0.65912384,0.6352737,0.80187416,0.62334335,0.5305933,0.7186045,0.6680003,0.69073033,0.60839224,0.81344664,0.5795994,0.48209274,0.6547038
nr,0.41486079,0.56880647,0.41256818,0.38295123,0.621297,0.16190544,0.30862215,0.23710765,0.75286657,0.7861696,0.6282972,0.56065917,0.654946,0.74240834,0.59059006,0.6502896,0.55799276,0.5177524,0.6098178,0.31452993,0.46431786,0.47811905,0.5203123,0.5650992,0.42168194,0.6741861,0.4618166,0.42369172,0.4934935,0.62132436,0.592446,0.615268,0.44101983,0.40540314,0.6421705,0.43556696,0.6126307,0.43665344,0.341294,0.66758376,0.51755995,0.47900164,0.35272193,0.5491643,0.6137998,0.5235936,0.4259147,0.33075336,0.35818237,0.6251212,0.5822188,0.75140554,0.6289203,0.5806789,0.68031734,0.50674045,0.2737483,0.6999456,0.53067154,0.49249563,0.620178,0.5633406,0.3780577,0.5426087,0.53241277,0.567996,0.54812133,0.38828677,0.5075645,0.5668705,0.72745556,0.6277608,0.78037363,0.6559012,0.5045013,0.7019536,0.60047436,0.6015656,0.70278263,0.5425272,0.60074735,0.38185152,0.5541734,0.43433776,0.6077758,0.4799955,0.5496344,0.5779722,0.425416,0.43377414,0.3832402,0.549416,0.66252035,0.61330634,0.72236943,0.69412047,0.40749192,0.5922059,0.38703275,0.6384077,0.8106121,0.5958429,0.56411046,0.638184,0.52406156,0.57418,0.7397347,0.38603365,0.57287365,0.67612064,0.519038,0.5935157,0.73388493,0.5442476,0.63629866,0.36913237,0.54969627,0.6553683,0.40131018,0.21584475,0.6292532,0.54888785,0.5277081,0.37985808,0.5699109,0.6492109,0.5404376,0.6191231,0.75810385,0.4370161,0.5762678,0.74004656,0.49533862,0.44572634,0.62501293,0.7156332,0.3230523,0.6886932,0.59176236,0.22873707,0.4020068,0.5803688,0.4383091,0.23652942,0.5045013,0.5781116,0.70110214,0.44543004,0.40600747,0.41500342,0.5252096,0.7163105,0.722599,0.5023129,0.4650764,0.61699235,0.585778,0.49367696,0.3969782,0.46798408,0.50408196,0.503877,0.38151404,0.57000667,0.6517266,0.548412,0.5540289,0.59411454,0.8139427,0.67263937,0.40540314,0.6003728,1.0000001,0.41652396,0.61456126,0.47908068,0.5421896,0.4746375,0.5897105,0.2530201,0.60578907,0.53200233,0.55869067,0.6488093,0.6113399,0.4917799,0.5821387,0.24161765,0.73462874,0.65476495,0.5832748,0.65972227,0.41296247,0.5508493,0.47706118,0.6531566,0.63945264,0.67416406,0.53970313,0.49526924,0.7326937,0.60379976,0.61473334,0.43731248,0.40540314,0.5007055,0.74421054,0.70228153,0.40656382,0.80523884,0.5542763,0.5883428,0.49502194,0.7962039,0.5716965,0.5968341,0.5391381,0.6183783,0.37710288,0.69050604,0.41109657,0.5173015,0.5650172,0.5162934,0.35029736,0.60072356,0.3198381,0.3276661,0.3458236,0.414537,0.7117333,0.28172714,0.5032232,0.5335555,0.25936583,0.5944667,0.5944667,0.73969764,0.7430683,0.53788996,0.44501233,0.30178052,0.60720754,0.6464967,0.21497045,0.43409216,0.40973753,0.4188336,0.77986586,0.53843844,0.6714229,0.48940837,0.3398562,0.3212554
nu,0.7274393,0.60563594,0.6373968,0.6491173,0.5014597,0.69182676,0.73539567,0.54911786,0.59557533,0.73788595,0.5812044,0.7544994,0.47443533,0.6608107,0.6206759,0.7120773,0.53827935,0.5729803,0.6145725,0.75322115,0.70507854,0.7222179,0.78715503,0.7717672,0.787586,0.8060899,0.8172764,0.83949465,0.7693268,0.57273203,0.6775891,0.5965578,0.8812454,0.7077149,0.6709659,0.73970306,0.5242854,0.7610719,0.6276937,0.54221916,0.7630076,0.83043313,0.7363139,0.73539335,0.49752077,0.776912,0.8210447,0.79282475,0.7181815,0.6678171,0.5883153,0.52819186,0.4869031,0.5730226,0.824101,0.7223446,0.73972034,0.704093,0.7539922,0.6381929,0.67305374,0.69582963,0.7565028,0.56262714,0.6264375,0.5855812,0.7063347,0.8580278,0.7528925,0.69227064,0.71462405,0.5195786,0.70431924,0.7630785,0.6776858,0.70336735,0.79201883,0.7984863,0.6122046,0.7126062,0.70507044,0.79478973,0.7934154,0.79593396,0.80948514,0.75126946,0.759553,0.766708,0.6921992,0.7642106,0.51476324,0.7424748,0.6497058,0.51428527,0.6953249,0.44108874,0.77520275,0.76843446,0.79199487,0.352075,0.6066849,0.62766045,0.6288264,0.7528162,0.75771105,0.8019228,0.68992037,0.78460395,0.7266366,0.7148589,0.62036693,0.7503284,0.5613383,0.7292229,0.79827785,0.66686636,0.59221625,0.7969796,0.6038995,0.7531179,0.55625725,0.7059795,0.6931304,0.6563774,0.7035995,0.77768195,0.653834,0.5186895,0.5414301,0.61843544,0.7639555,0.6820985,0.6480378,0.8485975,0.77129436,0.6209425,0.77076983,0.6718682,0.74755365,0.5244037,0.8301301,0.7673963,0.7296013,0.7873013,0.6776858,0.71889096,0.5312419,0.8598354,0.80850416,0.8159606,0.69574976,0.6116954,0.43372446,0.61111736,0.7077538,0.48729432,0.76606834,0.7627038,0.7235978,0.6999075,0.7071334,0.7525777,0.7359826,0.6670928,0.6540854,0.7572184,0.64140886,0.6433518,0.5673236,0.66829646,0.7077149,0.73082167,0.41652396,1.0000001,0.45909238,0.7246327,0.6915804,0.7586197,0.76627654,0.5980221,0.6326193,0.5702804,0.7694481,0.6784709,0.5404509,0.6668389,0.6103808,0.705654,0.5024659,0.6376404,0.70212305,0.6145927,0.7548786,0.7264235,0.67390156,0.6857742,0.5997118,0.62346756,0.7391412,0.6003969,0.5951962,0.79779613,0.4933838,0.60076267,0.7077149,0.7027722,0.6207929,0.7304538,0.7935372,0.59047633,0.7314646,0.56665444,0.7605641,0.5483037,0.6121366,0.5637411,0.718311,0.5238855,0.7481497,0.5191503,0.7608896,0.69798064,0.7029589,0.6440162,0.78742075,0.6590012,0.73738605,0.71484834,0.75412273,0.72181046,0.54007804,0.7289881,0.5085153,0.78881204,0.7314552,0.7739914,0.7739914,0.6780699,0.6907383,0.84380996,0.74397963,0.7065184,0.52553916,0.8137233,0.7416837,0.66029197,0.75893164,0.77107644,0.55782515,0.6224976,0.8086532,0.60376674,0.7310942,0.72699946
nz,0.43492502,0.5299891,0.4248125,0.36618212,0.8989477,0.24981935,0.44255552,0.48118648,0.71189886,0.75019014,0.5112574,0.56700444,0.96869934,0.7533304,0.5821077,0.5841602,0.59794676,0.55869275,0.6035405,0.3182908,0.6004469,0.6404945,0.57643414,0.6013596,0.4018444,0.69443345,0.6305606,0.5218516,0.5250309,0.7520038,0.5251167,0.507483,0.49810687,0.55948156,0.7281849,0.53841585,0.6221761,0.49440968,0.42762792,0.6650094,0.55646056,0.37499723,0.4012328,0.6301768,0.9464993,0.5222794,0.38630956,0.41861704,0.5529247,0.6136551,0.6214447,0.58427995,0.6070433,0.5531055,0.7053052,0.58214945,0.15409215,0.7412186,0.5495004,0.51106954,0.5014412,0.4910342,0.5426538,0.49028498,0.5677841,0.4644151,0.5783122,0.40064457,0.41058984,0.6422641,0.8164105,0.9176666,0.77990806,0.6668465,0.51829606,0.56748927,0.6694492,0.66708773,0.72195446,0.68058693,0.62787855,0.48045412,0.61750317,0.42764652,0.643919,0.5099074,0.6262789,0.63578326,0.6220435,0.51999086,0.36760437,0.4985299,0.71563625,0.9577565,0.74632037,0.6823991,0.51326025,0.5904214,0.4586933,0.95092404,0.720058,0.62207854,0.51535743,0.64894164,0.49691093,0.5726449,0.7023117,0.45977134,0.64830506,0.75985116,0.574482,0.5448855,0.69659984,0.5529355,0.6596144,0.43711695,0.46053857,0.6903807,0.3557168,0.29431182,0.5744035,0.53488106,0.58653057,0.34805793,0.59667,0.7012003,0.43597755,0.941072,0.71325177,0.520198,0.5923128,0.7452823,0.4459356,0.4717651,0.56545836,0.6239242,0.5243021,0.6988225,0.5549886,0.39027637,0.481037,0.5308371,0.45768335,0.32001317,0.51829606,0.6593812,0.6380894,0.46096557,0.41932917,0.5200911,0.5522444,0.65867186,0.7215189,0.5530211,0.48814812,0.95538366,0.65874624,0.4603261,0.48778412,0.3707782,0.52763784,0.4310372,0.4027502,0.5322849,0.5634368,0.58737284,0.5897486,0.61539215,0.7092833,0.6593214,0.55948156,0.62829816,0.61456126,0.45909238,1.0,0.5669678,0.6949509,0.5442627,0.5921778,0.32313722,0.5775089,0.60026157,0.67972034,0.65221834,0.94995344,0.5033166,0.48505938,0.2284478,0.70035326,0.6735706,0.6460957,0.63934016,0.42052972,0.6064151,0.6645129,0.5495928,0.6456434,0.6404599,0.51571506,0.51496696,0.60259604,0.58956605,0.9460509,0.62602425,0.55948156,0.66606873,0.66687524,0.7950673,0.4272262,0.7874652,0.5467427,0.4989159,0.45845032,0.6890485,0.6406628,0.5339301,0.57869154,0.9241583,0.38703918,0.8219478,0.5146279,0.6003506,0.58051264,0.43560058,0.3768648,0.62173706,0.39462695,0.5073818,0.39418796,0.42878866,0.870206,0.22768597,0.53412426,0.4102351,0.34548506,0.5484802,0.5484802,0.7410145,0.68800336,0.571432,0.48931903,0.52254015,0.9410765,0.69087297,0.29001904,0.46787834,0.46045655,0.3305454,0.7458602,0.5716109,0.7119153,0.55938846,0.30859005,0.44194475
om,0.60608894,0.6046388,0.5581793,0.47963127,0.57893676,0.61191696,0.5222493,0.6973025,0.5984164,0.72244966,0.54811645,0.6167969,0.5688932,0.6429504,0.6510168,0.7603857,0.56907254,0.54810894,0.5818662,0.63508666,0.71298695,0.7455617,0.643999,0.6508378,0.62487173,0.74710435,0.7293237,0.7219926,0.69113183,0.74083304,0.56839734,0.6220701,0.7589953,0.61752117,0.7038272,0.78524023,0.5523325,0.76480806,0.44380966,0.59760916,0.59730214,0.635736,0.6499182,0.747489,0.5907734,0.8165293,0.59694934,0.7390207,0.70189476,0.7245316,0.66235834,0.5118802,0.4600625,0.5382704,0.78171635,0.77772176,0.46893024,0.721427,0.6884598,0.5805214,0.63707334,0.66289824,0.6948121,0.4894534,0.59482735,0.46958953,0.7534811,0.6921716,0.57896847,0.69838214,0.70560795,0.5955414,0.70444494,0.7607765,0.6318549,0.6410565,0.7827014,0.7851043,0.6204803,0.8005146,0.70505685,0.65571016,0.7762915,0.5646202,0.79206204,0.702743,0.7605989,0.80593103,0.6345225,0.74017483,0.5020084,0.52219623,0.6476441,0.5857583,0.69479054,0.50911546,0.82926226,0.7643003,0.7209356,0.51738954,0.6180471,0.6149092,0.568152,0.6653184,0.6173939,0.6919731,0.6764399,0.7335486,0.6924571,0.6863192,0.5883688,0.59914595,0.607473,0.64057404,0.7519792,0.6047744,0.50073475,0.7710189,0.5495275,0.66409606,0.6474795,0.63805974,0.70501626,0.45626098,0.7223601,0.7552098,0.4856489,0.582255,0.54613656,0.5378061,0.64444494,0.66283846,0.5543227,0.72233677,0.7157944,0.5434636,0.6780609,0.64548516,0.6441533,0.5220238,0.7664696,0.62102854,0.56932163,0.68524945,0.6318549,0.6808744,0.54751545,0.7396287,0.59935594,0.6757854,0.7184538,0.55086637,0.51665485,0.691345,0.54262453,0.57065785,0.66393626,0.6612589,0.62637883,0.59917593,0.63676137,0.63707227,0.58121884,0.66714424,0.6804007,0.66818225,0.6072213,0.59823596,0.58076626,0.6117302,0.61752117,0.68412226,0.47908068,0.7246327,0.5669678,1.0000006,0.6206809,0.7633879,0.660117,0.64806855,0.5510988,0.46607974,0.8313629,0.66625553,0.5947921,0.5931741,0.47966635,0.49135932,0.5400771,0.6225255,0.6028112,0.5957718,0.6010933,0.59393114,0.7515547,0.60862374,0.52314776,0.58079153,0.6935256,0.56404555,0.5983643,0.6689017,0.57997656,0.6922674,0.61752117,0.7718188,0.57611835,0.78620434,0.612314,0.62798744,0.7616979,0.44100603,0.6763883,0.55311435,0.6030617,0.51555943,0.7159339,0.59321815,0.5948794,0.59257954,0.67503595,0.6898383,0.60525465,0.47215378,0.669144,0.6114997,0.67413354,0.6361934,0.68830043,0.70047086,0.5887414,0.5654488,0.46608,0.5549786,0.5655463,0.70654976,0.70654976,0.70074487,0.6791765,0.793225,0.6157293,0.6571202,0.5761888,0.7589,0.65279675,0.6897236,0.6789998,0.63083404,0.6210964,0.58821625,0.7763833,0.6083569,0.48813418,0.60681057
pa,0.6970002,0.55135524,0.56377226,0.5648849,0.6945447,0.5225249,0.6190065,0.5818807,0.7076939,0.7928476,0.66176885,0.7175192,0.66490406,0.7285633,0.6134439,0.6536083,0.6709438,0.60780966,0.6063529,0.6570462,0.72735953,0.6784899,0.7179933,0.7015799,0.6711826,0.79860604,0.7360314,0.68690276,0.70010775,0.63229895,0.61201185,0.60488474,0.7031865,0.6926117,0.7338625,0.6958342,0.6448431,0.67524743,0.47820473,0.66968644,0.6527947,0.6176326,0.63158745,0.65323794,0.71535003,0.6243725,0.7135573,0.67167646,0.693482,0.67129105,0.6256806,0.5894535,0.5608887,0.5770595,0.8175315,0.656546,0.4617134,0.66207486,0.7084744,0.6095766,0.6481976,0.7204895,0.6990343,0.54689085,0.6536561,0.57346237,0.6677119,0.67021906,0.5937742,0.7212727,0.7423891,0.7086895,0.78674096,0.76897275,0.7106421,0.6761526,0.7691546,0.76923025,0.68569374,0.7314727,0.70067954,0.66008353,0.7540571,0.54006445,0.76660854,0.68861014,0.71598405,0.6792695,0.7051103,0.6017989,0.43331128,0.66585815,0.71289724,0.7270368,0.766198,0.62235945,0.6410209,0.6741189,0.6849808,0.6112063,0.7028943,0.71409017,0.57618403,0.7618726,0.7255701,0.7868197,0.7513926,0.68615395,0.74424297,0.71769494,0.65542483,0.6667311,0.64626503,0.7430156,0.79643404,0.532563,0.5697611,0.78588235,0.49560755,0.57747287,0.6297003,0.7153605,0.68206394,0.60251695,0.6758683,0.8032736,0.5907496,0.73397,0.64982575,0.6250781,0.7231341,0.74214625,0.5227908,0.71563476,0.7153134,0.6471914,0.6712361,0.76738954,0.71338946,0.52205276,0.7149405,0.7387837,0.70874727,0.606853,0.7106421,0.7013695,0.62112015,0.6997327,0.7057576,0.70184666,0.6655871,0.66021836,0.627572,0.46063846,0.6302453,0.68961066,0.7400402,0.64217925,0.6530833,0.58795655,0.72829425,0.64963067,0.5327012,0.60533005,0.60795945,0.7236647,0.6422432,0.6591992,0.68742716,0.739221,0.6926117,0.6552888,0.5421896,0.6915804,0.6949509,0.6206809,1.0000007,0.70992476,0.7298486,0.5668642,0.5793197,0.5556513,0.73783594,0.68584496,0.7367356,0.6917701,0.58817285,0.6115384,0.6169415,0.73857605,0.6843998,0.64266133,0.7023091,0.7235091,0.6766685,0.58617723,0.6206139,0.61861664,0.72177494,0.631677,0.60880035,0.7854668,0.7087613,0.63105047,0.6926117,0.68823075,0.69763374,0.8080546,0.71895266,0.7331914,0.67509264,0.6140012,0.6046808,0.67094374,0.7018735,0.56995463,0.6911504,0.7086302,0.68084335,0.73185956,0.61492854,0.67622596,0.6859482,0.56793076,0.6583665,0.5805852,0.6272006,0.7287394,0.6334167,0.63844454,0.6592265,0.5547653,0.65182954,0.5616276,0.534789,0.7093256,0.7093256,0.7668972,0.7151004,0.74169034,0.6305344,0.647574,0.7266262,0.7944845,0.5693876,0.65247375,0.69461983,0.6480767,0.6972227,0.65329415,0.80397946,0.6569017,0.55005085,0.57550174
pe,0.78383154,0.6298225,0.644074,0.7792738,0.5345693,0.6978433,0.6830927,0.63092864,0.6406783,0.728585,0.6242982,0.765297,0.54038745,0.66268224,0.58989686,0.6628083,0.5926386,0.64155555,0.54823536,0.81425595,0.66696286,0.6829413,0.67484444,0.7209482,0.66854525,0.70942837,0.772816,0.70769536,0.6732035,0.65599406,0.5385409,0.5856383,0.8319036,0.7466362,0.67416984,0.70225054,0.70595664,0.85150254,0.39262256,0.5684881,0.6183462,0.731234,0.84436584,0.8581575,0.5679655,0.7720447,0.5923551,0.81218725,0.7034308,0.6846052,0.67624736,0.55881816,0.49574316,0.47959194,0.75751805,0.7238357,0.61280346,0.6346468,0.84063536,0.55026424,0.7419299,0.6248689,0.71651006,0.5429064,0.62472343,0.58762544,0.7077922,0.76686996,0.67369336,0.6464971,0.71752244,0.55191964,0.7175488,0.7204219,0.9106566,0.6405206,0.7249398,0.7491143,0.6235934,0.6222896,0.695589,0.75000405,0.72888345,0.62242657,0.7310113,0.66891515,0.6629216,0.7670082,0.6827901,0.76173484,0.56190157,0.67555827,0.6612838,0.567475,0.7740815,0.58685565,0.73456097,0.7260771,0.87794125,0.5024618,0.59884727,0.6775905,0.72634894,0.7400544,0.7580396,0.8731994,0.68690324,0.85362506,0.6832966,0.70514125,0.6185604,0.6956244,0.6048267,0.8826206,0.7768649,0.62501824,0.5942579,0.6888573,0.54028785,0.78660464,0.7116332,0.7464388,0.66748184,0.5740865,0.7307104,0.73234946,0.66866565,0.5594547,0.5095397,0.74331874,0.72015756,0.629362,0.664834,0.7624656,0.7686104,0.5542695,0.7083225,0.697932,0.7611925,0.521008,0.8439504,0.7639376,0.7245688,0.78523886,0.9106566,0.5953405,0.54405504,0.7997562,0.76515734,0.7959794,0.8195466,0.6161471,0.5999885,0.5880648,0.6283331,0.5421463,0.7700381,0.65814453,0.75509113,0.6440052,0.8851117,0.709573,0.62916875,0.6188791,0.6083637,0.64817107,0.72788703,0.76753646,0.5935558,0.6979631,0.7466362,0.7035296,0.4746375,0.7586197,0.5442627,0.7633879,0.70992476,0.9999991,0.7285068,0.58808774,0.59876996,0.45753777,0.77785355,0.6334731,0.57066363,0.68498784,0.5994576,0.656484,0.49778035,0.6770277,0.60658807,0.60433936,0.78805685,0.734629,0.6828692,0.5704725,0.5368386,0.54225516,0.70886517,0.625586,0.58427924,0.7856546,0.5459641,0.6531371,0.7466362,0.716898,0.6098777,0.69863546,0.81003,0.64587533,0.72112626,0.4718441,0.6195943,0.57747084,0.6064114,0.53240275,0.7523153,0.55456716,0.7730649,0.5700884,0.6627013,0.7052254,0.6576907,0.5878828,0.77047193,0.5471917,0.85291076,0.6957124,0.7813203,0.7501289,0.56072724,0.6721255,0.45750755,0.63002115,0.6845986,0.76651967,0.76651967,0.70742613,0.6629393,0.7808508,0.6747937,0.69948727,0.56058496,0.74263215,0.77275336,0.63136744,0.75291455,0.73951983,0.63682485,0.6346365,0.7388842,0.6255779,0.53078,0.56933665
pf,0.67941415,0.7340847,0.614103,0.6902237,0.6539972,0.6606409,0.7155999,0.5816127,0.68420756,0.8353506,0.70390296,0.9181591,0.5970335,0.7262645,0.63087916,0.6293076,0.5950304,0.59055465,0.59993386,0.63781536,0.68921846,0.69770473,0.8021864,0.7829167,0.69096833,0.8305965,0.8215373,0.74184245,0.7974413,0.6775526,0.6077314,0.5271104,0.8216205,0.79336846,0.68158555,0.7122619,0.6973683,0.71390074,0.45531246,0.6138791,0.7932443,0.70123416,0.76506484,0.6951597,0.612738,0.7394305,0.7194826,0.7815286,0.74489975,0.72424424,0.72142446,0.6704438,0.5888719,0.54799575,0.83313054,0.70931256,0.5559684,0.7379387,0.8301044,0.6337162,0.7550744,0.6828525,0.7663735,0.44425458,0.8336761,0.69832265,0.68282145,0.8494916,0.74841887,0.6532593,0.74690545,0.666905,0.77958035,0.7427664,0.6426398,0.6894486,0.76597697,0.7560657,0.67197853,0.6662413,0.7588372,0.7528108,0.76587653,0.6524509,0.7598399,0.76592046,0.8491229,0.788216,0.7827695,0.6900241,0.39306793,0.8259966,0.7207645,0.6348932,0.74163264,0.5972732,0.6945371,0.70221955,0.79784584,0.551799,0.7108796,0.8530948,0.71010685,0.89339924,0.77048326,0.73694897,0.83772635,0.7916208,0.8553429,0.7370742,0.8304414,0.890093,0.67932564,0.6802448,0.8439373,0.47760582,0.6944192,0.7960789,0.6232553,0.71043605,0.5918123,0.76273257,0.73689604,0.63796026,0.66880965,0.802786,0.7207005,0.64159673,0.5982513,0.69631296,0.9870414,0.7399333,0.66592854,0.7656584,0.8213996,0.7945755,0.7182884,0.82477,0.86907274,0.3552636,0.8234864,0.7840542,0.6811302,0.70131284,0.6426398,0.74741924,0.6601945,0.79556155,0.69376034,0.7755652,0.7276902,0.6267251,0.59725296,0.5913936,0.7551279,0.6314551,0.78925717,0.67785895,0.7638068,0.62039703,0.65972745,0.7149993,0.589414,0.6594466,0.6248276,0.8421101,0.5899665,0.6015194,0.7430321,0.86372846,0.79336846,0.786945,0.5897105,0.76627654,0.5921778,0.660117,0.7298486,0.7285068,1.0000011,0.61311084,0.7357435,0.6054449,0.796728,0.69654065,0.64644176,0.8031389,0.71031266,0.6259704,0.5815338,0.84487206,0.7684895,0.7317759,0.67509454,0.7104583,0.677061,0.64400846,0.60782015,0.61222154,0.7622935,0.75179404,0.63829106,0.81667286,0.6311672,0.6577376,0.79336846,0.712946,0.75702775,0.78619057,0.6839462,0.70222956,0.6859052,0.66226083,0.6546747,0.7557133,0.7578864,0.7310575,0.6056287,0.63225746,0.6617616,0.6977484,0.700872,0.75313807,0.89005375,0.5836617,0.7457721,0.60043156,0.75511074,0.70629984,0.7821868,0.731013,0.63026714,0.65060735,0.5364302,0.6562205,0.6388605,0.81055415,0.81055415,0.7602689,0.785573,0.7837344,0.64534,0.69637805,0.63715726,0.79409504,0.6972918,0.59590894,0.7819136,0.72443,0.67453796,0.82771385,0.8257097,0.6492717,0.5418568,0.63523
pg,0.6338282,0.43560106,0.44080135,0.37592268,0.43331885,0.62290376,0.49441844,0.70586115,0.3713415,0.49483037,0.52895844,0.6129454,0.32774532,0.3737714,0.43062836,0.40571168,0.5124671,0.37611163,0.3321757,0.6695798,0.64019924,0.5255646,0.56376064,0.5300822,0.6854828,0.5324959,0.6478051,0.5881993,0.66986096,0.43441352,0.35249352,0.44221163,0.6392694,0.58147275,0.42324293,0.6645774,0.42126086,0.61836565,0.20904176,0.3300851,0.44286078,0.5849423,0.63368946,0.38569826,0.36194453,0.6331349,0.6728092,0.69718903,0.6322024,0.50076663,0.42700735,0.29460543,0.22449124,0.31494564,0.5517634,0.68665445,0.3349378,0.37637576,0.60888314,0.39497393,0.49204323,0.5708443,0.60013443,0.17337473,0.62258255,0.38657266,0.46254736,0.6719252,0.41496715,0.44611084,0.467116,0.43283066,0.44661844,0.5182421,0.56415963,0.40151697,0.5565444,0.5501976,0.40321285,0.56268126,0.5374056,0.56897545,0.5740544,0.17378047,0.5678891,0.6724779,0.6100184,0.6041029,0.5980989,0.4225004,0.23864967,0.49429062,0.4310425,0.381477,0.4412961,0.3035193,0.62949145,0.48302627,0.6725177,0.3004974,0.3564874,0.6214135,0.4002589,0.61454695,0.5429244,0.601162,0.47580445,0.68847054,0.64574635,0.4819503,0.6140427,0.47448605,0.38952848,0.55923134,0.55854815,0.41055945,0.38232124,0.54684454,0.42205524,0.67651606,0.4541367,0.57552695,0.6847972,0.43099895,0.54570204,0.5213721,0.44787505,0.396168,0.24908091,0.48882568,0.5939262,0.3985349,0.32641196,0.64416355,0.58790815,0.41049305,0.5866596,0.57769537,0.5997243,0.49401122,0.70298535,0.5102246,0.6117029,0.6549346,0.56415963,0.52144134,0.3684716,0.6565522,0.6141622,0.57600665,0.5368669,0.29328012,0.28428948,0.23092799,0.44540784,0.36903307,0.5226918,0.5423509,0.57563645,0.46852532,0.56654865,0.540087,0.24243246,0.40259004,0.41439688,0.61526877,0.3766605,0.35306752,0.37653562,0.57679003,0.58147275,0.42942968,0.2530201,0.5980221,0.32313722,0.64806855,0.5668642,0.58808774,0.61311084,1.0000007,0.26772138,0.1844648,0.62823015,0.36697346,0.4016753,0.62221175,0.3679434,0.6824016,0.25645915,0.59812313,0.45946845,0.37359414,0.63430244,0.42676795,0.519056,0.3273029,0.28933147,0.32525086,0.59248763,0.67496973,0.36843675,0.54518574,0.39737946,0.49031696,0.58147275,0.53010803,0.4054953,0.55041677,0.62836236,0.35983258,0.5057288,0.39111835,0.43052036,0.38545376,0.48763338,0.4088103,0.5412383,0.41790968,0.63660437,0.42179137,0.48822516,0.50530636,0.5954935,0.34945777,0.7323059,0.26443663,0.6661199,0.5838413,0.67408144,0.6057143,0.31352922,0.59798056,0.23071589,0.29256827,0.45455247,0.57761455,0.57761455,0.44284576,0.45794392,0.56165886,0.47299907,0.573265,0.38751537,0.5348407,0.6667064,0.6330925,0.6819845,0.6111176,0.36401176,0.6135605,0.5426897,0.5637709,0.4258446,0.4262926
ph,0.51821995,0.59172386,0.39974147,0.6033064,0.5494102,0.53188765,0.5574067,0.2996531,0.6343282,0.766256,0.53306687,0.71141475,0.57610756,0.7391484,0.6054231,0.72026193,0.42835116,0.50460976,0.56596786,0.39676714,0.38765284,0.67270017,0.78809327,0.6475958,0.52899003,0.76095736,0.69194156,0.58366674,0.5114256,0.6671971,0.54753387,0.37412235,0.6715233,0.64415175,0.6774461,0.5402157,0.586186,0.5890036,0.38699272,0.5646478,0.7123234,0.6269934,0.58348405,0.61422753,0.576132,0.6759539,0.53185654,0.63595414,0.48927164,0.6863887,0.57509124,0.6879646,0.6491562,0.42487532,0.74848616,0.62337816,0.5690645,0.7750144,0.6646751,0.5552994,0.6073211,0.5067556,0.54343444,0.5956145,0.5572237,0.49717006,0.58000517,0.62527394,0.7302112,0.6580762,0.672194,0.57946646,0.74084234,0.71672606,0.50994617,0.6503876,0.7218043,0.71316326,0.6434479,0.604707,0.67967355,0.56569237,0.70625174,0.7217663,0.7173687,0.504454,0.76446897,0.72532654,0.533661,0.5457076,0.43991062,0.6885809,0.6872653,0.5940622,0.68004,0.584908,0.37827557,0.57576627,0.6351248,0.54071826,0.68314266,0.5694525,0.764154,0.6577157,0.572259,0.6006786,0.7314218,0.6420042,0.58155155,0.6641419,0.55041647,0.7783609,0.64197075,0.56776285,0.7514124,0.4076059,0.4842274,0.7575015,0.4760771,0.53144825,0.59214586,0.5293692,0.50644875,0.59835035,0.6624275,0.7345131,0.58587945,0.57989174,0.599974,0.547356,0.73675936,0.7340241,0.8328323,0.62385315,0.6836928,0.67612314,0.5491179,0.58149546,0.7018319,0.2041442,0.6771421,0.62737423,0.5566109,0.54269725,0.50994617,0.6529061,0.57647043,0.6304211,0.560976,0.59693396,0.6689515,0.5917789,0.57812417,0.6677737,0.5915915,0.5864947,0.785287,0.55664766,0.60727775,0.5090258,0.54255766,0.6014661,0.66418064,0.5670898,0.6249521,0.5637382,0.50761014,0.5266973,0.6922152,0.6239883,0.64415175,0.73285186,0.60578907,0.6326193,0.5775089,0.5510988,0.5793197,0.59876996,0.7357435,0.26772138,0.99999917,0.7050763,0.7606443,0.67371994,0.576929,0.5922277,0.5334418,0.45892388,0.5876561,0.5813392,0.82059973,0.7762198,0.5108816,0.63148224,0.6692381,0.73977154,0.5262473,0.6711869,0.5259629,0.4416225,0.59630877,0.6632856,0.56692195,0.6682759,0.6441518,0.7036711,0.6308771,0.6878648,0.5319867,0.6909956,0.6394739,0.5853887,0.56571954,0.68684673,0.662142,0.61402786,0.60377556,0.55517906,0.4844292,0.63059044,0.57303065,0.6540228,0.5882972,0.5570826,0.5376284,0.5700426,0.57606566,0.66184884,0.61993355,0.63728523,0.57721794,0.5976005,0.4229023,0.78062665,0.5222483,0.69068,0.69068,0.7040526,0.7474244,0.6614855,0.48028752,0.5382878,0.5824711,0.7358897,0.5264946,0.3092159,0.64432,0.68149483,0.6785771,0.55447125,0.7727915,0.429669,0.47115764,0.6583443
pk,0.38849455,0.50342625,0.27653438,0.4480298,0.56735986,0.32191405,0.48146152,0.32958362,0.6074686,0.6946328,0.41041508,0.56120706,0.5950648,0.6747473,0.54153806,0.5972947,0.46706393,0.42910582,0.5411119,0.22905378,0.530379,0.56007844,0.748503,0.6089785,0.4313838,0.70655787,0.5191746,0.5492552,0.5411141,0.67652863,0.564369,0.38072994,0.5772544,0.50489175,0.6549275,0.5845454,0.4898648,0.39796472,0.5712925,0.5745335,0.58138293,0.5029392,0.4189626,0.58130866,0.5812501,0.44135228,0.42333588,0.4503965,0.50542057,0.5819736,0.5255762,0.5853798,0.58258855,0.54308826,0.70641136,0.4414183,0.40131336,0.7672093,0.47943595,0.54303026,0.51293635,0.3842038,0.5332369,0.52624667,0.49315286,0.44440526,0.54280347,0.5250705,0.5514613,0.67042196,0.6565327,0.579001,0.6967276,0.68726856,0.36902407,0.62816745,0.64891076,0.6566319,0.6414874,0.6047626,0.5955809,0.51415783,0.60967183,0.6655588,0.64832246,0.5138029,0.5900447,0.5885776,0.55044776,0.5208136,0.36791328,0.51846486,0.65220237,0.6020057,0.6229248,0.5649086,0.48045653,0.58583635,0.47074145,0.52684647,0.6657861,0.53694314,0.45862877,0.6161188,0.5629293,0.49786997,0.6609966,0.46786708,0.58863276,0.6110867,0.50247204,0.59736955,0.5446862,0.4540242,0.65048623,0.46007597,0.48770326,0.68209773,0.4372919,0.35554677,0.49316835,0.55007404,0.51617604,0.4006719,0.51231325,0.66973996,0.34040213,0.59658074,0.65443337,0.46751708,0.60107243,0.6724516,0.4869691,0.5177768,0.53144675,0.58958656,0.52242607,0.6205182,0.5511862,0.34061006,0.5000759,0.597565,0.44216102,0.40033767,0.36902407,0.7807512,0.57026446,0.5350567,0.4751519,0.5682119,0.55731875,0.642339,0.54006135,0.59843683,0.5491092,0.5944248,0.72482437,0.54358196,0.51670766,0.46401954,0.402565,0.46075875,0.53590375,0.56349444,0.5616333,0.58718723,0.42280206,0.5004482,0.6300884,0.5971886,0.50489175,0.6215558,0.53200233,0.5702804,0.60026157,0.46607974,0.5556513,0.45753777,0.6054449,0.1844648,0.7050763,1.000001,0.5846625,0.6800145,0.6037848,0.49870938,0.50997007,0.25365344,0.5941694,0.5798398,0.80579543,0.5657376,0.39473778,0.6029768,0.54371095,0.60290116,0.60199475,0.644988,0.49408472,0.36311504,0.5368375,0.6391782,0.59785706,0.48548484,0.5048919,0.5509837,0.6434225,0.68794745,0.41952604,0.6717676,0.5932583,0.5974815,0.57381785,0.60378474,0.7120121,0.5227252,0.52445847,0.59871095,0.3599137,0.6251805,0.60183996,0.58153045,0.5682563,0.4648112,0.36460665,0.68753284,0.40111887,0.50248456,0.42828938,0.45663655,0.624885,0.33944744,0.4833718,0.56947607,0.45060104,0.56273156,0.56273156,0.6596158,0.6448305,0.58361906,0.43012848,0.48276922,0.60299474,0.68108696,0.35202843,0.4151794,0.48922536,0.42354274,0.61852616,0.49867076,0.6961088,0.45390525,0.4722285,0.64266366
pl,0.7043172,0.6936333,0.6019849,0.5935483,0.6862684,0.6449559,0.6173393,0.6515987,0.69906783,0.82369375,0.6414204,0.7840712,0.6663851,0.7706408,0.6744834,0.7870843,0.63896203,0.6294022,0.6408605,0.6683238,0.61730397,0.88895744,0.79041326,0.7680921,0.7717808,0.83589256,0.8574241,0.803546,0.6756699,0.7626706,0.62180316,0.5986099,0.82876474,0.7522256,0.761726,0.69026846,0.67241704,0.76047254,0.47637102,0.6481982,0.7721007,0.75471014,0.72283727,0.7426262,0.692467,0.9266012,0.7144018,0.78530866,0.7923171,0.7358389,0.6921833,0.5806054,0.5675729,0.6089559,0.8498173,0.9205539,0.4738251,0.8018745,0.78267187,0.5967673,0.7103665,0.7084511,0.7974822,0.5296418,0.6957661,0.52314633,0.70079947,0.75576675,0.7374249,0.7519635,0.74503106,0.70691967,0.80978394,0.81789833,0.7039633,0.6876288,0.83342457,0.83407533,0.7176083,0.8323607,0.76377314,0.7381612,0.818825,0.637105,0.83611053,0.6624659,0.91309774,0.9127314,0.67641973,0.7138027,0.5382393,0.74882925,0.7439346,0.69939274,0.7883204,0.63218075,0.72227305,0.74715686,0.7897058,0.6146594,0.7046354,0.6854025,0.75770026,0.75814617,0.5675361,0.78243214,0.78219885,0.7928077,0.75016785,0.7459268,0.6960233,0.80925834,0.68850774,0.7351703,0.83310103,0.5876625,0.53631395,0.843605,0.4915688,0.69261235,0.6476463,0.5996399,0.7904701,0.6526707,0.74253374,0.8272437,0.68955576,0.6861759,0.6326233,0.682759,0.79168797,0.7798041,0.7536697,0.7811975,0.788004,0.6442653,0.7933848,0.6836152,0.78017044,0.41325215,0.8222068,0.5965175,0.70130503,0.7107852,0.7039633,0.72676927,0.65222263,0.79595035,0.71528244,0.80435216,0.73428124,0.6413289,0.6231287,0.74254185,0.67546135,0.69542325,0.7988611,0.6078907,0.73072994,0.50904226,0.7138299,0.6911115,0.6218583,0.6616426,0.6575039,0.6926095,0.65718687,0.66426545,0.69373626,0.7082459,0.7522256,0.7679715,0.55869067,0.7694481,0.67972034,0.8313629,0.73783594,0.77785355,0.796728,0.62823015,0.7606443,0.5846625,1.0000024,0.7141986,0.7008847,0.7136997,0.53399205,0.6139243,0.6245527,0.6979554,0.76026267,0.7955189,0.7035738,0.6466782,0.88420147,0.74220496,0.6333141,0.69431144,0.6850579,0.6639474,0.6491966,0.6681432,0.6883329,0.8504682,0.75222516,0.90280867,0.68001056,0.8637403,0.71482015,0.74069417,0.7473863,0.5010825,0.656059,0.679582,0.64066994,0.67152286,0.74708825,0.68892705,0.6874954,0.72348166,0.6785015,0.7492721,0.6812196,0.57807255,0.7390059,0.63145804,0.7311345,0.8035238,0.7451343,0.73483443,0.63211274,0.69826365,0.5073735,0.6784291,0.63103485,0.7793612,0.7793612,0.7916709,0.7969043,0.8160237,0.66966724,0.7829646,0.6898405,0.8282025,0.6869709,0.567272,0.80416036,0.76964796,0.7222096,0.69298714,0.85864955,0.6589864,0.5685252,0.6416858
pm,0.5025295,0.633333,0.5220961,0.5419363,0.6570833,0.36502662,0.5186117,0.39385492,0.770793,0.8501979,0.608449,0.6786299,0.6433155,0.80764127,0.65114814,0.7343514,0.6371211,0.58632046,0.6675913,0.4760005,0.61085844,0.6596727,0.65237755,0.6610527,0.5677571,0.8118714,0.61636555,0.6306064,0.6467711,0.7091538,0.68361264,0.66236615,0.6541689,0.65722674,0.77590895,0.60939926,0.5948883,0.63196063,0.60435987,0.7606741,0.68719804,0.607978,0.49425986,0.7457642,0.66114867,0.6423593,0.5499326,0.5339955,0.579283,0.6956384,0.6968061,0.68797517,0.68027955,0.678068,0.82789963,0.61941373,0.4679953,0.7857733,0.645244,0.6794083,0.677473,0.6656931,0.6030279,0.6135366,0.6132502,0.6002171,0.7339161,0.62848896,0.65635645,0.7125673,0.81287396,0.67177844,0.83342135,0.74873006,0.5720283,0.77563864,0.7526655,0.7498459,0.74218994,0.6944562,0.7133886,0.59703743,0.7199188,0.68560326,0.74020785,0.63061595,0.7192393,0.7054018,0.6254093,0.6809305,0.47689632,0.63906544,0.76927406,0.66795754,0.79192305,0.64277947,0.64727545,0.7770166,0.55416805,0.5789529,0.8121739,0.6597423,0.62017286,0.7364929,0.65024996,0.6843196,0.79026866,0.5516892,0.7012828,0.74030477,0.6119672,0.7218952,0.6890934,0.63135767,0.7997765,0.56616247,0.6038245,0.8038962,0.4965967,0.43074077,0.65017265,0.6393248,0.65832424,0.5238802,0.69594455,0.8028773,0.56158817,0.67747027,0.79264784,0.50614816,0.69183064,0.81216764,0.5887141,0.6180591,0.67885906,0.74072677,0.5830076,0.7383906,0.6725679,0.36204755,0.5959437,0.69330657,0.5208823,0.46383238,0.5720283,0.7047868,0.70069885,0.62619823,0.5683651,0.6323462,0.65444106,0.746954,0.676535,0.66212696,0.61078566,0.6692996,0.70110995,0.6230937,0.54494953,0.57179743,0.5946521,0.6175907,0.61679053,0.69742936,0.6864594,0.7049363,0.6547705,0.6813879,0.78734547,0.7221264,0.65722674,0.70718706,0.6488093,0.6784709,0.65221834,0.66625553,0.68584496,0.6334731,0.69654065,0.36697346,0.67371994,0.6800145,0.7141986,1.0,0.6884397,0.5661201,0.6280496,0.3575153,0.72768533,0.70502985,0.6824866,0.6552514,0.5274671,0.674261,0.6360802,0.7355141,0.72233284,0.72262603,0.6390117,0.49897292,0.65480304,0.73354197,0.670055,0.57476854,0.65722656,0.6497859,0.77810884,0.81978226,0.5620942,0.800833,0.66802144,0.6251851,0.7125243,0.76618904,0.6571128,0.6564261,0.68006694,0.68314767,0.5046304,0.71289,0.68808776,0.6285813,0.6581961,0.6402955,0.48972672,0.7597629,0.47598383,0.5367107,0.51681143,0.5606788,0.73555565,0.43006125,0.67956007,0.6723665,0.48907182,0.71185404,0.71185404,0.76643384,0.7968911,0.75720406,0.5844505,0.5367986,0.68242013,0.8010298,0.42080516,0.5525392,0.55022883,0.54610795,0.7696264,0.6090146,0.814981,0.58035105,0.530653,0.5932878
pn,0.48300537,0.5830799,0.47112745,0.39910287,0.92840517,0.30444863,0.46183842,0.5003832,0.737371,0.7784914,0.5675613,0.6169926,0.9204622,0.7626057,0.61113983,0.6172631,0.64599764,0.5567083,0.6118232,0.38406956,0.63540506,0.6539613,0.6049782,0.63238376,0.47159204,0.7243192,0.6761085,0.5667958,0.600301,0.7215317,0.5931357,0.5784775,0.5482536,0.59017205,0.732363,0.5779341,0.59762776,0.538379,0.46808133,0.66868174,0.5982703,0.42997664,0.45401028,0.6380855,0.9141015,0.5599568,0.481864,0.46640244,0.5862068,0.64894813,0.6466485,0.60484815,0.6182916,0.6033898,0.7394264,0.61454135,0.21736783,0.74602467,0.589128,0.559314,0.53360987,0.55045676,0.58051157,0.4854228,0.6173997,0.52738994,0.6004151,0.495602,0.4842438,0.64961433,0.832228,0.94198585,0.79069185,0.68449277,0.54772514,0.6228707,0.6924974,0.68960106,0.72487795,0.6995099,0.6596695,0.51272094,0.6474699,0.456742,0.67176974,0.58539957,0.66892904,0.658339,0.64486575,0.5464134,0.3717859,0.5618712,0.72601354,0.9608227,0.75042087,0.6465276,0.56737953,0.6409244,0.4994909,0.8872409,0.7432542,0.6616251,0.52481323,0.6960569,0.5423334,0.62153584,0.73732036,0.5006609,0.69747174,0.77713543,0.62198055,0.59997785,0.7026274,0.5826451,0.6942888,0.46715015,0.5250148,0.7203,0.4177742,0.34759828,0.6064019,0.57322526,0.62545264,0.40279436,0.6353202,0.7293112,0.50099874,0.9530505,0.710152,0.5044423,0.64568424,0.7522718,0.46278512,0.5261203,0.6043786,0.6732673,0.5521557,0.7313519,0.60337204,0.38101268,0.5306183,0.57284063,0.5053366,0.3675565,0.54772514,0.6736735,0.6660769,0.5175683,0.46676788,0.560219,0.58161193,0.6707964,0.697973,0.5623557,0.5193113,0.9483248,0.6713418,0.50997764,0.51188,0.42669725,0.55839115,0.48358774,0.42715442,0.56917524,0.59764075,0.64419526,0.6099077,0.62431085,0.7338052,0.6999139,0.5901722,0.6455386,0.6113399,0.5404509,0.94995344,0.5947921,0.7367356,0.57066363,0.64644176,0.4016753,0.576929,0.6037848,0.7008847,0.6884397,1.0000001,0.54876316,0.543737,0.29375732,0.6812327,0.7106591,0.65060806,0.6400159,0.4714042,0.6103772,0.6607557,0.59405667,0.6673523,0.65344876,0.5751141,0.57333475,0.626723,0.6296464,0.95335084,0.61129427,0.59017205,0.6659873,0.70168704,0.8108574,0.48037612,0.77878267,0.57746977,0.5456255,0.5346406,0.7172056,0.6438508,0.5761814,0.61769027,0.94388455,0.43806028,0.817341,0.582052,0.6143953,0.6354421,0.50935054,0.43409482,0.6419481,0.43408293,0.5368879,0.4374089,0.46810114,0.8646374,0.28559357,0.5531829,0.4551355,0.39881644,0.58851653,0.58851653,0.7484533,0.72459126,0.6034727,0.5484944,0.53491205,0.9621634,0.718564,0.3402378,0.50562304,0.5147227,0.38321754,0.73754615,0.6195322,0.7384024,0.5853171,0.3620875,0.47978893
pr,0.7397422,0.50057214,0.5834729,0.6367914,0.5401584,0.56050456,0.6663946,0.5227088,0.6467417,0.72035193,0.67286325,0.72066647,0.49441743,0.65876293,0.57562625,0.575185,0.63994366,0.6077197,0.5160361,0.67062134,0.5896673,0.66420496,0.6962543,0.7416108,0.70998156,0.7293649,0.71440685,0.624201,0.59620434,0.5499083,0.52045757,0.49014834,0.6948659,0.6847095,0.6971186,0.5944139,0.7172802,0.62691677,0.32410306,0.5076529,0.65599656,0.69261736,0.6663886,0.56998515,0.5413594,0.7055258,0.718497,0.671338,0.6480272,0.7056646,0.6813168,0.5728147,0.53293806,0.52670777,0.7329903,0.744172,0.4760203,0.58409333,0.6671626,0.519961,0.6178508,0.66232085,0.6703068,0.51947427,0.6086798,0.4632638,0.53115535,0.6769541,0.59211236,0.67768216,0.6727526,0.56970465,0.7201986,0.72783774,0.7065389,0.5595667,0.73795533,0.7412688,0.63373864,0.58457774,0.7031856,0.722146,0.72171474,0.45070872,0.7251752,0.5802014,0.68810177,0.7033692,0.7136375,0.5598513,0.4343975,0.7026163,0.6695048,0.54558307,0.7167695,0.6101794,0.57361686,0.57446504,0.71055067,0.46073008,0.6065471,0.66306347,0.6456316,0.70601845,0.6785799,0.7527922,0.69879806,0.7005453,0.667357,0.6487286,0.61470157,0.69805247,0.5980292,0.7099942,0.7271981,0.42364153,0.4509732,0.697951,0.517583,0.60688365,0.5148947,0.65013945,0.69162494,0.59874773,0.5371826,0.69906,0.60237736,0.55982506,0.53989285,0.6983487,0.79970026,0.6833695,0.59266794,0.67589515,0.7323407,0.59684354,0.6620593,0.67581034,0.65796643,0.405195,0.71727157,0.69780934,0.7385226,0.5983309,0.7065389,0.62038267,0.59756637,0.66154313,0.6806585,0.6918812,0.6113837,0.5835955,0.60748035,0.35353774,0.7228109,0.52022,0.71070427,0.5858134,0.6907135,0.523335,0.70199835,0.6850631,0.5389726,0.57144374,0.50551003,0.64371604,0.55944157,0.6035367,0.60641605,0.6754262,0.6847095,0.6507524,0.4917799,0.6668389,0.5033166,0.5931741,0.6917701,0.68498784,0.8031389,0.62221175,0.5922277,0.49870938,0.7136997,0.5661201,0.54876316,0.9999995,0.47500047,0.62703544,0.5110544,0.66429293,0.6424086,0.70147336,0.7277261,0.67118186,0.676595,0.549473,0.54659367,0.58344483,0.6773985,0.6026689,0.53716564,0.72768974,0.5290949,0.6624553,0.6847095,0.67114985,0.6041616,0.70956564,0.71186006,0.6641711,0.68986696,0.6551328,0.4802633,0.5992878,0.60692316,0.52764344,0.53756243,0.5314266,0.70608616,0.6347233,0.5633879,0.80552137,0.6810577,0.6088358,0.69625634,0.49474272,0.66494006,0.60602456,0.6692052,0.6373614,0.55596364,0.6335348,0.42116636,0.5844366,0.60622054,0.7503958,0.7503958,0.6744204,0.6348336,0.65233725,0.6304709,0.6590785,0.5469197,0.6966441,0.5911171,0.5491172,0.68259066,0.7103315,0.6566017,0.6086986,0.74179184,0.6298909,0.4849993,0.5646788
ps,0.4717601,0.8682578,0.5727162,0.5922397,0.56943387,0.35038024,0.46256146,0.3913874,0.6738831,0.76539606,0.7071781,0.7800431,0.48934808,0.63556975,0.60739905,0.63255733,0.47748646,0.45059535,0.59000295,0.4928556,0.6088862,0.3436943,0.51111776,0.58923465,0.45363033,0.6359465,0.5574303,0.58520424,0.7552864,0.50687695,0.62760705,0.6737381,0.6218864,0.59328204,0.55367786,0.6371351,0.5609761,0.508188,0.5089891,0.54361916,0.61946344,0.50869656,0.5911461,0.65657234,0.50277317,0.51239294,0.5074904,0.50561196,0.45369565,0.5472117,0.61525375,0.6378487,0.5214084,0.54330665,0.65042424,0.41688743,0.5341856,0.67586005,0.65134484,0.65690714,0.6817911,0.5936704,0.484479,0.3019269,0.7836848,0.9896707,0.62676597,0.62970376,0.62165326,0.4269651,0.67417485,0.5571877,0.6763936,0.53931934,0.53390217,0.72264844,0.5534829,0.5664185,0.6059487,0.5042025,0.6057551,0.48542067,0.54463565,0.5970831,0.55316305,0.7144191,0.54580814,0.54842585,0.64685297,0.61432946,0.32930344,0.7234258,0.6698389,0.51539934,0.63057184,0.5535008,0.5930052,0.7131541,0.59804493,0.4347239,0.77184814,0.7640608,0.5656885,0.85317075,0.66307217,0.6141969,0.7067577,0.55864227,0.7894224,0.62005925,0.77278566,0.75085497,0.668398,0.5665324,0.65025544,0.44378287,0.94924104,0.58196104,0.6306184,0.4619094,0.6603705,0.64892495,0.5648357,0.38129774,0.6112537,0.6208419,0.7472263,0.53049695,0.6132628,0.50983477,0.6962119,0.6164198,0.45765963,0.55401784,0.596889,0.8309643,0.3474659,0.82098776,0.74711084,0.28155982,0.5485275,0.6839377,0.44332245,0.47800732,0.53390217,0.5572197,0.6183001,0.58945715,0.5065249,0.532211,0.5814713,0.6941632,0.56387085,0.57352203,0.51432705,0.5262934,0.5624134,0.61483276,0.4933666,0.7252977,0.50193286,0.5585058,0.42326003,0.5819883,0.68254304,0.8012705,0.5324506,0.5822125,0.80171865,0.85394436,0.5932824,0.6083079,0.5821387,0.6103808,0.48505938,0.47966635,0.58817285,0.5994576,0.71031266,0.3679434,0.5334418,0.50997007,0.53399205,0.6280496,0.543737,0.47500047,1.0000001,0.40846136,0.5639135,0.8108591,0.5104767,0.48747283,0.48588333,0.548944,0.32091138,0.6016273,0.629135,0.51073486,0.6481734,0.75362444,0.63703835,0.6928457,0.5366807,0.30613977,0.59328204,0.3788409,0.83001554,0.60818326,0.50083816,0.6557618,0.54257095,0.6451641,0.74077356,0.8099781,0.59692013,0.7995112,0.5718568,0.5447463,0.47311622,0.55011064,0.60506934,0.40654027,0.8293708,0.53058016,0.4520473,0.572669,0.5499624,0.41512337,0.48902196,0.53042895,0.6047005,0.35467815,0.50618345,0.57646143,0.44709295,0.61782074,0.61782074,0.5808829,0.8015846,0.640794,0.50143033,0.3344048,0.53004634,0.6181501,0.45571053,0.51488346,0.5156641,0.45179752,0.61059135,0.79556376,0.6203676,0.557118,0.46632835,0.4339777
pt,0.7509465,0.39270714,0.5405184,0.5558433,0.28324613,0.677618,0.5724463,0.5733209,0.41553015,0.50704044,0.5253862,0.66251355,0.22711301,0.38950288,0.44924128,0.47845593,0.44151938,0.45897588,0.4332886,0.8063654,0.55543506,0.5015125,0.6780528,0.61002165,0.8279776,0.5486274,0.68096024,0.6057796,0.61856955,0.36402395,0.4410441,0.4002477,0.74457437,0.6254662,0.4130867,0.6077085,0.45636004,0.6403008,0.30026302,0.29843625,0.5589656,0.7793835,0.71738946,0.43251717,0.27032527,0.63829374,0.7879767,0.76920706,0.61957854,0.51364446,0.3804526,0.33627576,0.26251236,0.28213924,0.5717766,0.6240014,0.59680295,0.38170493,0.6916702,0.4582628,0.5442961,0.5737951,0.6309061,0.304589,0.5512646,0.4074624,0.4432072,0.7432616,0.5585668,0.4532572,0.43860966,0.29491335,0.4531309,0.52184296,0.69184303,0.48491988,0.5732417,0.5818912,0.39867708,0.50901747,0.5573732,0.639349,0.60683674,0.45328727,0.60836935,0.6133346,0.582212,0.60548556,0.5348162,0.43823802,0.40570465,0.63113254,0.4191244,0.28587446,0.4879387,0.30382898,0.46926975,0.4470729,0.7586549,0.18649535,0.36178145,0.55243033,0.50318897,0.60622203,0.6262037,0.7305311,0.47638386,0.7487935,0.5709915,0.4662255,0.53841627,0.58657783,0.3569106,0.722985,0.5887653,0.46949828,0.36700448,0.55517524,0.48273575,0.7609394,0.4853509,0.59846324,0.59746706,0.65092766,0.6033646,0.5318487,0.5794205,0.29356456,0.24284288,0.5688418,0.6073353,0.41876075,0.49764743,0.7197473,0.6439116,0.40590614,0.59994286,0.5240737,0.65965873,0.4068619,0.7565297,0.6066058,0.7545808,0.7520408,0.69184303,0.48514187,0.3410354,0.74042183,0.84319407,0.6721124,0.5131978,0.3675557,0.30132523,0.23517512,0.5169564,0.24316466,0.6628162,0.54661167,0.5973235,0.57885784,0.7195366,0.60914993,0.42103624,0.39991352,0.45986247,0.57025707,0.4466847,0.4669995,0.37229657,0.55157423,0.625466,0.48554614,0.24161765,0.705654,0.2284478,0.49135932,0.6115384,0.656484,0.6259704,0.6824016,0.45892388,0.25365344,0.6139243,0.3575153,0.29375732,0.62703544,0.40846136,1.0000004,0.28465682,0.5315038,0.54156035,0.45361823,0.7921735,0.54557246,0.47830552,0.39419377,0.3186461,0.34323227,0.6088166,0.60239613,0.3924528,0.62855,0.26487282,0.45761865,0.6254662,0.5188997,0.42510483,0.4877696,0.82297254,0.35756698,0.5590396,0.46775156,0.48479772,0.37236997,0.4956801,0.4268164,0.5389497,0.28499478,0.8004229,0.3445023,0.46181476,0.51504385,0.5657248,0.47171462,0.82668835,0.21709767,0.7323835,0.6863572,0.747625,0.64218694,0.23169692,0.73575574,0.27025464,0.4879217,0.626517,0.6421249,0.6421249,0.4592394,0.46967307,0.62910956,0.5417218,0.5823439,0.28421047,0.5598422,0.75848615,0.5278423,0.7232094,0.7570355,0.36995474,0.5515989,0.5554458,0.5004624,0.58642435,0.53703004
pw,0.5293394,0.5441577,0.5673072,0.38017395,0.6697329,0.07261644,0.36873627,0.2916174,0.8925115,0.85203075,0.64684397,0.5329991,0.6828189,0.8426312,0.73450434,0.72489184,0.6593101,0.72552526,0.8368195,0.45474118,0.54876506,0.60515046,0.5402929,0.6316188,0.5211166,0.74999714,0.4855619,0.5207239,0.51453304,0.69319,0.68361396,0.72273177,0.49265397,0.48111522,0.81405956,0.4700735,0.68061674,0.46385264,0.533494,0.7804033,0.60166824,0.5650035,0.29502308,0.6492909,0.70481765,0.59216106,0.5088492,0.3199825,0.43888316,0.6748273,0.67861617,0.7618401,0.731556,0.7326558,0.78852046,0.6006311,0.28406113,0.77481335,0.48469132,0.67212534,0.5960877,0.68848014,0.46041274,0.66054577,0.5089483,0.5495042,0.6194226,0.4051594,0.44790864,0.6989777,0.8091383,0.68920356,0.8706602,0.7329804,0.5837166,0.76877975,0.7091464,0.7086137,0.8102891,0.6648759,0.65774775,0.5169033,0.65215397,0.55463016,0.70207673,0.5044997,0.60064435,0.6185839,0.53629047,0.60145456,0.558714,0.59912634,0.7946777,0.68195873,0.8661917,0.7517664,0.50449777,0.7207051,0.36207268,0.6397234,0.872132,0.5780421,0.5951512,0.6468748,0.544692,0.6721614,0.7795438,0.3576607,0.60203516,0.72174025,0.49952498,0.6081426,0.786924,0.6419419,0.71792686,0.5282401,0.5326972,0.7455174,0.4236754,0.20372123,0.62742627,0.56509566,0.6257799,0.4438769,0.59850806,0.7437477,0.56044316,0.6823607,0.90361404,0.4662889,0.56906766,0.87660503,0.49230826,0.49658382,0.62983316,0.7254602,0.44622758,0.71101224,0.53937095,0.3040852,0.3917149,0.60824174,0.5560918,0.24290214,0.5837166,0.619375,0.743996,0.44150048,0.55830336,0.49947017,0.42311558,0.851186,0.8578849,0.5448949,0.5769145,0.69859123,0.6068382,0.55079234,0.3884158,0.48372734,0.5979792,0.55506384,0.47487444,0.6638035,0.7182774,0.60687155,0.70578086,0.7559305,0.8373534,0.6624912,0.48111516,0.62979907,0.73462874,0.5024659,0.70035326,0.5400771,0.6169415,0.49778035,0.5815338,0.25645915,0.5876561,0.5941694,0.6245527,0.72768533,0.6812327,0.5110544,0.5639135,0.28465682,0.99999905,0.6521221,0.5858106,0.6794335,0.5584586,0.6611448,0.5916313,0.7461165,0.8079802,0.74434453,0.6311949,0.50846684,0.77193505,0.6445135,0.6849692,0.5181901,0.48111522,0.6035916,0.7879287,0.8230282,0.55347,0.8972006,0.6314724,0.64007896,0.62363607,0.80226624,0.57224256,0.6054447,0.60117126,0.6711497,0.5333508,0.79772586,0.57216394,0.59562117,0.57065547,0.6443191,0.3738788,0.71604174,0.27598992,0.33268076,0.29233232,0.38544336,0.82078075,0.22967993,0.6880556,0.60713345,0.33453006,0.6660947,0.6660947,0.75960195,0.78518564,0.6661267,0.63126045,0.4040458,0.6774248,0.7581061,0.19338065,0.47878528,0.4136445,0.38244063,0.90415895,0.50723624,0.76295954,0.60326654,0.45597365,0.44828063
py,0.6095269,0.7845903,0.5936787,0.56317663,0.7210255,0.4745102,0.5443594,0.62051743,0.7436294,0.8664142,0.742449,0.8931358,0.66439295,0.70895535,0.66275907,0.57214,0.66081274,0.570423,0.6383412,0.5662697,0.77505517,0.5465884,0.6962466,0.7041764,0.6261866,0.7710149,0.69220006,0.6458325,0.8906963,0.7193784,0.6341054,0.62184876,0.7136822,0.7363247,0.66980165,0.7609755,0.68570054,0.6141922,0.47812122,0.6587827,0.63049424,0.59071213,0.67384946,0.6767101,0.68243766,0.6139581,0.63432044,0.6368257,0.67608523,0.6297104,0.6648733,0.66812444,0.54782146,0.62541884,0.78653026,0.61299706,0.3403171,0.729665,0.770289,0.67628014,0.77971894,0.66918296,0.6818181,0.29727644,0.9370908,0.80540556,0.68856955,0.7121422,0.61108536,0.56820416,0.795764,0.7126604,0.79338145,0.6694448,0.6372084,0.74785835,0.67881554,0.6757804,0.69113517,0.6834798,0.7160352,0.6158209,0.66483784,0.50810486,0.6681963,0.8584819,0.72622937,0.7017461,0.7999308,0.6269546,0.33127466,0.7559553,0.7668629,0.68974113,0.75007963,0.6514031,0.70467806,0.6970605,0.6945245,0.6340916,0.8097367,0.9723471,0.54481184,0.96668625,0.7519278,0.7174064,0.8166121,0.67624825,0.95704645,0.7413026,0.931348,0.78006536,0.74595207,0.6725796,0.79255295,0.45087123,0.78236943,0.7397864,0.5462772,0.5613963,0.68057555,0.76733637,0.7825815,0.4653762,0.67963016,0.76494986,0.6700182,0.6934562,0.6686095,0.6356552,0.8356113,0.7308763,0.44859332,0.67159545,0.71060157,0.828745,0.5897033,0.97888446,0.8519775,0.4520528,0.6879246,0.7570314,0.6097015,0.5659478,0.6372084,0.7495156,0.71864885,0.69284743,0.62303174,0.6885389,0.6676497,0.7048945,0.66134983,0.5383534,0.64947474,0.6932006,0.7265047,0.6980986,0.6311362,0.63115203,0.63221383,0.6151661,0.3390813,0.64326,0.64799374,0.92071563,0.609687,0.6374538,0.85618955,0.9904405,0.7363245,0.6900044,0.65476495,0.6376404,0.6735706,0.6225255,0.73857605,0.6770277,0.84487206,0.59812313,0.5813392,0.5798398,0.6979554,0.70502985,0.7106591,0.66429293,0.8108591,0.5315038,0.6521221,0.99999964,0.6932699,0.6167697,0.6149037,0.65750635,0.52598375,0.5950142,0.64418405,0.5951669,0.7450462,0.8539377,0.6905152,0.78854144,0.7083853,0.4914847,0.7363247,0.5719582,0.8934853,0.80444074,0.6227694,0.7570222,0.58786654,0.6781273,0.66429895,0.8711648,0.8000642,0.81105554,0.637743,0.7101557,0.59410185,0.73266655,0.6398348,0.56098014,0.9196016,0.50721633,0.6197902,0.60746336,0.63946,0.57657456,0.62916493,0.6374662,0.72423303,0.44442207,0.59160066,0.46912953,0.42163292,0.7152063,0.7152063,0.7218985,0.8219064,0.7131901,0.5925753,0.56837916,0.69134796,0.75303096,0.553959,0.65811205,0.65128374,0.5505352,0.7256681,0.93616074,0.7682463,0.7195919,0.46949655,0.5289556
qa,0.59197074,0.53152525,0.36459765,0.5462597,0.6112454,0.6181938,0.64665043,0.5175196,0.6107989,0.7778628,0.47380602,0.7332643,0.65999794,0.71354866,0.636831,0.66006285,0.5321483,0.5208216,0.58879584,0.4037189,0.6408331,0.68467844,0.96555257,0.707432,0.60960954,0.83782953,0.745142,0.6996619,0.66632426,0.72676104,0.5686538,0.39315492,0.7462416,0.7203408,0.71469563,0.74231714,0.5824768,0.66212356,0.44607466,0.61355627,0.6996814,0.6713294,0.6219255,0.6024503,0.6311183,0.6047911,0.61903423,0.73301494,0.66431856,0.69737035,0.5630408,0.60447276,0.57767785,0.47311056,0.8263501,0.6285188,0.5495607,0.7774327,0.7078434,0.57923114,0.62053937,0.47022852,0.68343896,0.57665014,0.6266608,0.47076216,0.65477735,0.69345856,0.64713407,0.7039935,0.71761787,0.62124735,0.7569754,0.76602024,0.5011787,0.66029704,0.8100195,0.7957256,0.67763036,0.7043154,0.727895,0.6624066,0.79228115,0.67844,0.8118274,0.66078067,0.78479946,0.75048983,0.67369187,0.56417894,0.36920258,0.6474361,0.70069,0.6544732,0.68549764,0.56961507,0.54716307,0.632089,0.6975931,0.61319995,0.6621424,0.68427277,0.61022604,0.733281,0.72705626,0.61956215,0.74693763,0.72186804,0.7045108,0.7041844,0.62619793,0.702065,0.6575585,0.5793001,0.7950552,0.5077616,0.48272917,0.8402487,0.49720263,0.62406987,0.59909725,0.68540096,0.62283796,0.5831248,0.70897144,0.795787,0.47186804,0.6399816,0.5935649,0.5874336,0.7609782,0.7379558,0.65579754,0.73616076,0.71616256,0.6387077,0.67466456,0.71100056,0.7289757,0.46065256,0.76816225,0.74530417,0.65409756,0.64626694,0.5011787,0.9172795,0.6102767,0.7411871,0.6565342,0.6760486,0.69065714,0.57357955,0.54122335,0.5872373,0.6229837,0.629491,0.9215793,0.64226246,0.6725879,0.5880068,0.5574874,0.6365152,0.6061565,0.6217183,0.6215145,0.69748676,0.50108874,0.5029515,0.6547804,0.70134974,0.720341,0.776656,0.5832748,0.70212305,0.6460957,0.6028112,0.6843998,0.60658807,0.7684895,0.45946845,0.82059973,0.80579543,0.76026267,0.6824866,0.65060806,0.6424086,0.5104767,0.54156035,0.5858106,0.6932699,0.99999994,0.68768615,0.58275694,0.72855556,0.686931,0.6069363,0.5262424,0.6720076,0.64213955,0.50513697,0.5996459,0.7907227,0.63826054,0.6442964,0.7203408,0.7157889,0.65135735,0.7841327,0.5966207,0.68677324,0.6909049,0.62950873,0.59715784,0.644663,0.8372829,0.5514028,0.6618313,0.6364037,0.5518833,0.72713494,0.63657343,0.7006563,0.6569476,0.51366216,0.6593964,0.60771245,0.6378999,0.77155477,0.72642726,0.684911,0.60661477,0.64125896,0.472747,0.6335903,0.5586009,0.7062701,0.7062701,0.7494573,0.69861054,0.69204897,0.5575367,0.6554847,0.6421403,0.8082794,0.62047863,0.5374724,0.7477761,0.6987574,0.65904456,0.6190872,0.8300442,0.57694227,0.509867,0.73455685
re,0.5998878,0.60525566,0.55473465,0.52843046,0.63452303,0.43818194,0.5937757,0.38310653,0.7262219,0.79219866,0.6359396,0.7085295,0.62669945,0.78637266,0.5916781,0.69257843,0.5671821,0.63615113,0.62969863,0.5143286,0.46524686,0.7739712,0.6779597,0.7068018,0.61602354,0.77112424,0.7065089,0.6443283,0.48551154,0.66381776,0.5714252,0.5113089,0.63484645,0.6448327,0.7269732,0.46955886,0.7178701,0.5664809,0.36875242,0.6363443,0.70868766,0.6568529,0.54702914,0.6306052,0.6493321,0.75915396,0.6111457,0.5781466,0.5905281,0.6319606,0.6078691,0.6623796,0.62037593,0.5675905,0.77533954,0.7886615,0.41194594,0.7366585,0.6580672,0.55374163,0.6529771,0.6603178,0.63557017,0.58950186,0.5829342,0.47525775,0.5628254,0.5558564,0.6302339,0.71074414,0.7309675,0.65567625,0.80642927,0.759116,0.60151905,0.60249436,0.7397829,0.7342088,0.731562,0.6650274,0.6954771,0.66274005,0.7104921,0.60302204,0.7307559,0.46212855,0.7851609,0.7442159,0.5908625,0.5953109,0.52162015,0.7399727,0.7325677,0.65019965,0.77925366,0.6983489,0.4856161,0.6174221,0.5966572,0.59995383,0.71237475,0.5978916,0.7401566,0.67625487,0.5498979,0.67820334,0.7533802,0.6047804,0.62136203,0.71192884,0.58051693,0.7658967,0.6830725,0.6361707,0.754597,0.46772885,0.46272892,0.7734202,0.3806741,0.46555966,0.5287945,0.54440767,0.60485953,0.5681323,0.5779104,0.7586014,0.6824186,0.6472812,0.6794436,0.6613709,0.73291403,0.81747144,0.73914075,0.6307445,0.71851414,0.65326035,0.6347561,0.6176536,0.6941315,0.2820465,0.6324914,0.6047523,0.6193678,0.48395467,0.60151905,0.6068152,0.66025054,0.62330747,0.57981926,0.64518297,0.5747229,0.6720722,0.6972604,0.5644228,0.6744014,0.64207894,0.6973556,0.50411415,0.6191248,0.40606377,0.60682434,0.64167416,0.5871924,0.62219304,0.561831,0.5776765,0.60647964,0.6355878,0.7105292,0.64620614,0.64483243,0.7114402,0.65972227,0.6145927,0.63934016,0.5957718,0.64266133,0.60433936,0.7317759,0.37359414,0.7762198,0.5657376,0.7955189,0.6552514,0.6400159,0.70147336,0.48747283,0.45361823,0.6794335,0.6167697,0.68768615,0.99999976,0.5914266,0.64158887,0.78491247,0.69831216,0.6163237,0.7478291,0.58813393,0.5643013,0.6171905,0.64749664,0.63504326,0.77623177,0.6448327,0.7830988,0.6555254,0.7713355,0.5823632,0.7805924,0.613474,0.53588223,0.47479352,0.6980147,0.55129635,0.61791813,0.58587146,0.6212116,0.56921375,0.70024174,0.50724757,0.6948487,0.59727716,0.64083517,0.5848894,0.5936198,0.537983,0.58059275,0.55832094,0.57979083,0.6694869,0.55692655,0.48613617,0.69623333,0.486727,0.7373072,0.7373072,0.755334,0.760851,0.68095195,0.5929,0.63785416,0.63946223,0.7705312,0.46016765,0.3822099,0.6373861,0.6580282,0.7704369,0.5837437,0.79621047,0.532544,0.4337759,0.5104746
ro,0.9777745,0.4768072,0.6730033,0.6340157,0.4400858,0.5687437,0.62046033,0.57798105,0.64030004,0.678046,0.60716724,0.68687475,0.40981334,0.6001943,0.6182346,0.612502,0.6812637,0.8098228,0.58872384,0.93940705,0.6304412,0.6326902,0.70142275,0.67374724,0.8344545,0.6821953,0.7016095,0.6803131,0.62767357,0.50931907,0.5284785,0.58610255,0.742086,0.64621496,0.62138265,0.6327946,0.6614969,0.7135527,0.4042436,0.48526812,0.6031662,0.8085078,0.69570786,0.5965342,0.45776585,0.74933237,0.76526076,0.71685356,0.65670854,0.6256546,0.5195623,0.5045458,0.44187394,0.5209592,0.725879,0.7397016,0.5682123,0.5523977,0.7233027,0.56384885,0.65392345,0.66682804,0.6726152,0.4994396,0.57561636,0.47876668,0.55339336,0.71039,0.53409696,0.60128367,0.63374233,0.45691577,0.6627213,0.68103045,0.87827057,0.61224246,0.68729305,0.70141643,0.56959563,0.6080701,0.6417401,0.7444556,0.69402933,0.520993,0.7105425,0.61813337,0.63872933,0.6950545,0.6212631,0.67965424,0.60464925,0.6999043,0.60771465,0.4581472,0.755412,0.5160182,0.62105924,0.62827593,0.74277925,0.35085744,0.5595838,0.60908514,0.6365389,0.67843425,0.6860434,0.86307955,0.6222629,0.7328264,0.6333061,0.6223968,0.56278956,0.64878213,0.5630151,0.8621849,0.72143716,0.56342345,0.46110454,0.67041993,0.4992365,0.69887924,0.58196574,0.6821963,0.6860918,0.64975846,0.6508482,0.67851853,0.6349976,0.45795324,0.50350416,0.66232544,0.65977323,0.64218456,0.5529245,0.7224413,0.73297817,0.52301794,0.66393054,0.6378314,0.6836344,0.4757206,0.73950434,0.6926919,0.9683977,0.69947565,0.87827057,0.57924885,0.51143587,0.73150617,0.9340744,0.724813,0.50996006,0.59448034,0.5817875,0.37326264,0.6220678,0.42770007,0.7286701,0.61725545,0.6467089,0.6084747,0.87085843,0.68034536,0.5296261,0.5542405,0.5713357,0.63749444,0.6677363,0.711514,0.5461476,0.6335329,0.64621496,0.5958514,0.41296247,0.7548786,0.42052972,0.6010933,0.7023091,0.78805685,0.67509454,0.63430244,0.5108816,0.39473778,0.7035738,0.5274671,0.4714042,0.7277261,0.48588333,0.7921735,0.5584586,0.6149037,0.58275694,0.5914266,0.99999857,0.66807795,0.61884904,0.54797447,0.5305678,0.53701687,0.7166475,0.61078256,0.60060114,0.7204864,0.4362206,0.5777813,0.64621496,0.63928044,0.5757824,0.6683972,0.9510535,0.59736663,0.66810834,0.57906145,0.5829541,0.52905846,0.5404438,0.50078106,0.64691234,0.45007694,0.99615073,0.53534,0.5714546,0.6396103,0.61540574,0.67375535,0.78032327,0.4204011,0.70709527,0.6469924,0.69348127,0.64631504,0.47464815,0.66685,0.42533672,0.59670967,0.6199106,0.7428827,0.7428827,0.616684,0.61193126,0.6934622,0.7587491,0.64279515,0.45547828,0.70486736,0.6843714,0.5900233,0.7133225,0.7341196,0.630306,0.5753926,0.6947353,0.5773636,0.6128431,0.57940185
rs,0.6725818,0.45414132,0.5984051,0.6571008,0.56342274,0.559622,0.82074845,0.42978176,0.7096286,0.77288854,0.5931908,0.6731557,0.61575204,0.7801333,0.5854133,0.5762561,0.6048201,0.6646379,0.64455175,0.62090284,0.69726473,0.6501597,0.74042326,0.7649441,0.6092065,0.8521128,0.6783444,0.683403,0.6053816,0.664394,0.6021336,0.5097543,0.73754025,0.69052714,0.78815377,0.65715057,0.6800842,0.72093785,0.46516743,0.6701075,0.6775872,0.6822224,0.6352502,0.7443955,0.6249723,0.6146367,0.66305894,0.68216616,0.6452805,0.6900109,0.65911126,0.63872266,0.62424284,0.5358341,0.8456027,0.5984718,0.62991273,0.68245405,0.7039052,0.55555534,0.6337569,0.6838234,0.67416614,0.8018405,0.479899,0.5210052,0.7347827,0.6276011,0.5506645,0.832048,0.8235459,0.5975831,0.82301307,0.8468985,0.6871797,0.64073193,0.8337985,0.8336542,0.7548599,0.6222108,0.70290947,0.7403241,0.79692656,0.6988846,0.8312235,0.59674424,0.605366,0.65180784,0.7330394,0.697754,0.4134742,0.642925,0.7293899,0.6161861,0.8102805,0.6532428,0.65531975,0.6796012,0.69866306,0.5749153,0.64659286,0.63458675,0.61610514,0.7006363,0.8787359,0.7679468,0.73432636,0.70333034,0.63668597,0.770829,0.4793443,0.5923702,0.6230793,0.72635967,0.82103884,0.6197149,0.5116813,0.8329784,0.45319864,0.5871662,0.5762086,0.7968032,0.617656,0.53313243,0.66814214,0.82486314,0.5559656,0.6218682,0.66542506,0.6987439,0.71236026,0.78325,0.6167151,0.7371069,0.77148134,0.5729254,0.73336256,0.74407184,0.67631257,0.6651756,0.7435811,0.9005832,0.6826111,0.6263143,0.6871797,0.7194612,0.59186685,0.7179096,0.6856655,0.7387958,0.6874371,0.68224305,0.6532452,0.5014779,0.70041287,0.59450257,0.78118235,0.69461906,0.714199,0.6374151,0.7129122,0.75787044,0.7162924,0.6793293,0.54787356,0.6537624,0.68271434,0.6970981,0.6022272,0.6686334,0.69052714,0.7487849,0.5508493,0.7264235,0.6064151,0.59393114,0.7235091,0.734629,0.7104583,0.42676795,0.63148224,0.6029768,0.6466782,0.674261,0.6103772,0.67118186,0.548944,0.54557246,0.6611448,0.65750635,0.72855556,0.64158887,0.66807795,1.0000012,0.66361344,0.54727685,0.62798876,0.61964345,0.7106566,0.48193434,0.587342,0.9054868,0.58889246,0.60908353,0.69052714,0.68639916,0.6281463,0.7838131,0.6944003,0.75935644,0.7161745,0.57857764,0.5583763,0.56964225,0.72321695,0.36410427,0.69290555,0.58325154,0.64904076,0.71852237,0.6557787,0.79722756,0.5967791,0.60985667,0.6797708,0.660308,0.63293827,0.5650608,0.6413431,0.6662046,0.7177725,0.5339626,0.61281866,0.6745641,0.6280952,0.7903297,0.7903297,0.8039353,0.59725827,0.8013047,0.69227064,0.7088339,0.61514014,0.86148864,0.5794034,0.66071457,0.6463635,0.6393094,0.7188794,0.4827246,0.8536345,0.6472971,0.5212861,0.6190082
ru,0.6341722,0.50435996,0.51931304,0.5039165,0.6245584,0.53407675,0.7054739,0.530915,0.6505345,0.715786,0.5131248,0.626646,0.6494186,0.7860015,0.4952011,0.66107976,0.610459,0.6262399,0.5579205,0.5716944,0.5586009,0.97885233,0.69458824,0.7168174,0.67073095,0.7937543,0.7408431,0.7575905,0.46991664,0.7454637,0.53274614,0.44060174,0.7123027,0.68311524,0.75667274,0.53180856,0.6457798,0.66509384,0.41595745,0.6279732,0.6561513,0.6705843,0.5849133,0.6824548,0.6774194,0.82635623,0.6255557,0.64318854,0.7282409,0.6310744,0.63015556,0.52141607,0.58496505,0.5610447,0.8016874,0.8712456,0.32060212,0.74451095,0.65160406,0.4855397,0.58339083,0.6650082,0.7429633,0.599865,0.5069212,0.30324483,0.5666555,0.56825864,0.56973416,0.8244518,0.7173413,0.66395545,0.7880089,0.8163426,0.6451199,0.4712501,0.7958064,0.7927092,0.7108129,0.77062184,0.6522808,0.7175749,0.753176,0.5657427,0.78201586,0.44487917,0.8459183,0.8430494,0.66015536,0.6304471,0.5319611,0.63159424,0.7028117,0.6728047,0.76935786,0.63652706,0.63921916,0.6195713,0.64594203,0.6033602,0.58345014,0.50661975,0.66314316,0.59982544,0.5167297,0.72207206,0.692661,0.65342987,0.61446875,0.71017766,0.5139178,0.66119146,0.5650782,0.6793489,0.76202315,0.55318844,0.31933856,0.7986345,0.281983,0.5327213,0.47677064,0.52419096,0.6714073,0.5733338,0.5839726,0.78894067,0.55023575,0.65709794,0.63494897,0.68151957,0.6874325,0.77617526,0.6787623,0.68711925,0.7088285,0.47261408,0.8632181,0.536662,0.62100196,0.47021157,0.7003536,0.5549029,0.6499018,0.57200396,0.6451199,0.6694589,0.57260025,0.66033304,0.62654054,0.7748544,0.6519517,0.6159821,0.6188954,0.6221817,0.6688022,0.66227543,0.7174769,0.54855365,0.697407,0.28004113,0.66857237,0.6357089,0.63520217,0.6186466,0.46391502,0.542506,0.6492506,0.6457242,0.5339653,0.52666926,0.68311524,0.67824686,0.47706118,0.67390156,0.6645129,0.7515547,0.6766685,0.6828692,0.677061,0.519056,0.6692381,0.54371095,0.88420147,0.6360802,0.6607557,0.676595,0.32091138,0.47830552,0.5916313,0.52598375,0.686931,0.78491247,0.61884904,0.66361344,1.0000014,0.6606041,0.5935781,0.69087297,0.5911644,0.51992875,0.49195224,0.6194642,0.64432234,0.96679074,0.68311524,0.96321803,0.511797,0.8272592,0.6459748,0.7267062,0.6666149,0.35862452,0.4544036,0.502664,0.5602646,0.45900458,0.6627666,0.6312827,0.5981472,0.706661,0.59378284,0.7958461,0.5155103,0.52979493,0.62474406,0.62724936,0.5861415,0.6611076,0.60178506,0.62885356,0.64949805,0.58333606,0.48415545,0.6412638,0.56977355,0.72109497,0.72109497,0.77813053,0.6639074,0.7438618,0.6380379,0.8644058,0.6552821,0.7989167,0.5242002,0.5193115,0.6706179,0.65691376,0.6922317,0.5069375,0.8229327,0.6277779,0.5008841,0.57907623
rw,0.52065414,0.6440538,0.5252773,0.47732663,0.57253647,0.27111313,0.42334387,0.24935827,0.78626025,0.82231337,0.64857185,0.6136953,0.5422427,0.8227385,0.6760457,0.8197067,0.54313654,0.57170016,0.6942352,0.4922879,0.4291216,0.6993589,0.592276,0.6611977,0.5816298,0.74462855,0.59227455,0.61217797,0.56981325,0.63359797,0.7131017,0.6944692,0.6187781,0.5482133,0.7476416,0.48338452,0.5613352,0.52760625,0.5700838,0.6704779,0.6485463,0.65660703,0.44076774,0.6674882,0.5742743,0.7471274,0.5919338,0.43264255,0.35547084,0.68612,0.6779001,0.8172711,0.79349077,0.6770795,0.7620312,0.69698864,0.43167916,0.8140707,0.5611941,0.63745743,0.6254473,0.6797155,0.41673806,0.58342373,0.56250274,0.5803004,0.56098384,0.57413054,0.67708194,0.662261,0.7246246,0.6066411,0.80939204,0.70678586,0.5938396,0.75442034,0.6991611,0.706324,0.7228723,0.67722666,0.6536392,0.5314153,0.6589388,0.6561627,0.6919873,0.55156654,0.71174383,0.70719767,0.5298311,0.5793732,0.6035672,0.67149407,0.74349064,0.584826,0.7715881,0.62236106,0.47589406,0.70966613,0.48524246,0.4539512,0.82088745,0.5373983,0.72323537,0.66710067,0.46006915,0.71290344,0.78536505,0.46465188,0.6280746,0.68317425,0.5562693,0.73906684,0.7041783,0.66214895,0.7178601,0.53028286,0.564673,0.7275555,0.50654364,0.3359449,0.6364589,0.46799776,0.6590628,0.5751787,0.6367771,0.7187006,0.64888746,0.58824104,0.7756508,0.43097568,0.6511636,0.80686903,0.71791667,0.58320993,0.6656321,0.7526435,0.50438076,0.6240896,0.6107266,0.20992453,0.5027594,0.5372078,0.54963034,0.37670705,0.5938396,0.5731247,0.6688668,0.5492486,0.5935276,0.5776832,0.57662594,0.7845324,0.6829245,0.6525181,0.5939379,0.5976058,0.64314324,0.7342226,0.46807444,0.49683774,0.6143219,0.59496516,0.5824633,0.6435778,0.73786175,0.6172658,0.6674463,0.69740677,0.7892579,0.6321246,0.5482133,0.6291481,0.6531566,0.6857742,0.5495928,0.60862374,0.58617723,0.5704725,0.64400846,0.3273029,0.73977154,0.60290116,0.74220496,0.7355141,0.59405667,0.549473,0.6016273,0.39419377,0.7461165,0.5950142,0.6069363,0.69831216,0.54797447,0.54727685,0.6606041,0.99999946,0.7564522,0.75541854,0.6197628,0.5488922,0.69927037,0.58182704,0.56951237,0.5926113,0.5482133,0.65592414,0.7363292,0.74690396,0.5968612,0.7861866,0.6563985,0.6014313,0.710426,0.76318014,0.46805057,0.69534373,0.6299446,0.57494646,0.5213657,0.6613441,0.6679413,0.59586066,0.6287803,0.64832807,0.45069447,0.71955913,0.4069497,0.4808747,0.4102924,0.48380578,0.6662614,0.4676813,0.566174,0.8596939,0.40810275,0.698286,0.698286,0.7147275,0.8444014,0.70222384,0.5955619,0.44819012,0.5950422,0.73958033,0.32468912,0.42665723,0.51988,0.57501984,0.7774165,0.56425786,0.7665581,0.55440605,0.59491175,0.53317124
sa,0.49181196,0.60828614,0.6139496,0.42491502,0.65217614,0.052819453,0.42857945,0.28022298,0.8757443,0.81972647,0.6485904,0.5425819,0.6276661,0.8176025,0.6433558,0.7124875,0.6529417,0.6315597,0.7660054,0.47485873,0.59234196,0.6317894,0.49658817,0.70958567,0.5854504,0.72319424,0.4584152,0.6368729,0.58172166,0.69398755,0.8091148,0.717574,0.58710223,0.48091525,0.77724683,0.44502047,0.60122734,0.45591062,0.7198176,0.68927366,0.66737264,0.6187786,0.3555146,0.72485906,0.6563422,0.60860896,0.5501246,0.28095913,0.53511775,0.6267904,0.66845536,0.6623484,0.66100425,0.77490854,0.73140514,0.61935633,0.30392492,0.80910075,0.47916067,0.6872774,0.5886739,0.6943568,0.5521765,0.5873564,0.53371066,0.60559165,0.54992884,0.46170816,0.5638284,0.6765115,0.7839666,0.6677506,0.8471735,0.6941363,0.61977327,0.75872284,0.6648657,0.68055755,0.79258263,0.63937134,0.61291224,0.5470557,0.60259634,0.6327383,0.6498564,0.5403507,0.5695709,0.5773865,0.57935846,0.5973307,0.4736344,0.6513915,0.7598732,0.6535247,0.83533096,0.6758678,0.5969089,0.70580035,0.3817943,0.53132665,0.8569854,0.5521931,0.5611727,0.6758714,0.48952332,0.74804485,0.77092135,0.33004677,0.66609967,0.69023275,0.5386345,0.6631229,0.70470357,0.70756006,0.6775938,0.5944043,0.5622484,0.67029047,0.46386525,0.17603968,0.5120403,0.5307191,0.7009541,0.49398842,0.5177392,0.7200897,0.6192567,0.6531465,0.89183086,0.46762612,0.6138542,0.82528114,0.40688267,0.53373957,0.61061454,0.7470239,0.52876204,0.70500225,0.53252256,0.29935375,0.36449277,0.5478857,0.52463025,0.24771136,0.61977327,0.6206613,0.67059034,0.45868844,0.5999984,0.61125165,0.48117194,0.88419396,0.7611372,0.57789487,0.631508,0.66705203,0.5916475,0.5400293,0.3987207,0.4774384,0.6380391,0.52946544,0.52279764,0.64987475,0.6587301,0.661335,0.7885263,0.821674,0.79412496,0.66273266,0.48091525,0.60434955,0.63945264,0.5997118,0.6456434,0.52314776,0.6206139,0.5368386,0.60782015,0.28933147,0.5262473,0.60199475,0.6333141,0.72233284,0.6673523,0.54659367,0.629135,0.3186461,0.8079802,0.64418405,0.5262424,0.6163237,0.5305678,0.62798876,0.5935781,0.7564522,1.0000002,0.7509793,0.60986865,0.5639926,0.7028721,0.5924666,0.6546629,0.5050944,0.48091525,0.5858964,0.8134153,0.79425025,0.60909915,0.8453059,0.62278163,0.65634257,0.6817951,0.75878197,0.5311724,0.656271,0.5634539,0.6673305,0.5011671,0.7274684,0.60657823,0.5989708,0.64154196,0.6129344,0.35968223,0.81668496,0.2929544,0.32367054,0.2631913,0.35614324,0.8004483,0.19018999,0.66974527,0.6240643,0.4344634,0.64819145,0.64819145,0.7523036,0.7850889,0.69979244,0.68630713,0.47501785,0.66130954,0.71110547,0.16301773,0.5077597,0.36246964,0.3300317,0.77162904,0.5414331,0.73296297,0.6210509,0.62860316,0.4781859
sb,0.526491,0.553897,0.46028134,0.39504462,0.6203933,0.22697431,0.48949754,0.33304155,0.7831431,0.8011967,0.6050647,0.57576644,0.63673514,0.81192636,0.59526515,0.73647493,0.57356244,0.56456614,0.6662002,0.41326436,0.5461631,0.69964457,0.6370823,0.66895837,0.5656099,0.74873513,0.56336856,0.5985152,0.5176286,0.67456275,0.64220554,0.61023414,0.5373233,0.5432774,0.75934076,0.50676745,0.6169678,0.50614005,0.51044923,0.7446512,0.64709556,0.64695966,0.40301841,0.61480194,0.64269614,0.6538784,0.57153916,0.39989477,0.49201038,0.6324654,0.58334,0.66976905,0.6673339,0.6814768,0.75332934,0.6699947,0.34696928,0.82625127,0.54043853,0.5936043,0.61284083,0.6080972,0.5283445,0.61164737,0.5284497,0.47673953,0.52782655,0.46331635,0.5399922,0.7073106,0.755504,0.63712955,0.82383907,0.72636056,0.5837177,0.6603891,0.70523477,0.7068864,0.80685127,0.68391275,0.657938,0.552849,0.648944,0.5754322,0.6906091,0.49167415,0.6664041,0.6713795,0.57179093,0.51727307,0.5278772,0.62771326,0.74731445,0.6436712,0.77893615,0.67743856,0.52572054,0.6328775,0.44778746,0.5624198,0.78677505,0.53842705,0.6212631,0.64921397,0.5063034,0.6885916,0.7407822,0.43810016,0.6134373,0.6915117,0.52608335,0.6467346,0.6862921,0.6379136,0.69366616,0.62304604,0.4635868,0.7337188,0.40104327,0.2858922,0.54823786,0.5094608,0.5890221,0.45190105,0.5740026,0.7302191,0.5468601,0.64208746,0.79955757,0.52476037,0.6143147,0.81516397,0.5571709,0.54580957,0.6420381,0.69106746,0.5262178,0.64377517,0.5792585,0.33641422,0.473826,0.5661976,0.5654899,0.32743993,0.5837177,0.69122654,0.7514716,0.5184292,0.544333,0.5558341,0.56085455,0.7708729,0.7101752,0.5559209,0.6048766,0.6392401,0.6902108,0.55174476,0.4840001,0.43604764,0.596604,0.57089794,0.5506259,0.7015957,0.6368867,0.60088515,0.6515607,0.6768163,0.7486697,0.62055534,0.5432774,0.6437796,0.67416406,0.62346756,0.6404599,0.58079153,0.61861664,0.54225516,0.61222154,0.32525086,0.6711869,0.644988,0.69431144,0.72262603,0.65344876,0.58344483,0.51073486,0.34323227,0.74434453,0.5951669,0.6720076,0.7478291,0.53701687,0.61964345,0.69087297,0.75541854,0.7509793,1.0000002,0.57138497,0.4992673,0.6427623,0.6137148,0.63866657,0.63583,0.5432774,0.6642346,0.6956914,0.7893123,0.54679984,0.8228637,0.614142,0.6322424,0.57722634,0.7173125,0.57318336,0.59224,0.5840113,0.6412521,0.49445897,0.70256555,0.560496,0.61939347,0.5818129,0.6524588,0.44268888,0.705377,0.36918706,0.467971,0.38462195,0.4719882,0.7201722,0.42035595,0.49021262,0.6765091,0.40628535,0.67120314,0.67120314,0.73580444,0.78653425,0.6199296,0.5856815,0.49048322,0.64502615,0.7447376,0.28032404,0.46909577,0.4812497,0.52806735,0.78864884,0.5310682,0.7622111,0.5406787,0.5040856,0.5306566
sc,0.7104548,0.6136319,0.6544718,0.57854825,0.56707054,0.5275096,0.61442506,0.53803504,0.7018603,0.78385925,0.6535101,0.73130983,0.51793575,0.6846063,0.6810814,0.6588071,0.642269,0.6550085,0.6923702,0.69562465,0.70935005,0.6009318,0.69120044,0.689199,0.672763,0.7808402,0.70624787,0.72478735,0.7494514,0.5977302,0.68685687,0.64805704,0.7322061,0.67336404,0.6903198,0.7212411,0.58998066,0.7086555,0.46146074,0.6724297,0.64066315,0.6822665,0.63913864,0.6893054,0.5476655,0.6866021,0.710805,0.68411106,0.6296714,0.7039476,0.66991585,0.6436147,0.5627718,0.5705575,0.8045342,0.6487178,0.55830395,0.643331,0.725162,0.67541736,0.746106,0.7004792,0.64861864,0.5123704,0.67775327,0.64780784,0.7175195,0.70867425,0.6067798,0.62504095,0.7282865,0.57801276,0.7485287,0.71214825,0.6924371,0.70156014,0.737455,0.73111284,0.6445538,0.6984147,0.7225865,0.6723707,0.7320205,0.58827573,0.7347015,0.7357186,0.7037729,0.6760585,0.70296293,0.68615764,0.45916685,0.7149258,0.7001851,0.55496556,0.7577232,0.51766485,0.7150519,0.75800115,0.6836979,0.4636059,0.69442075,0.73378855,0.56246555,0.78051364,0.76512104,0.76880324,0.7335029,0.68500775,0.7631006,0.69613117,0.672744,0.696221,0.68289876,0.7261693,0.7988098,0.55412877,0.65520203,0.7720661,0.59986275,0.60158026,0.6279713,0.74232614,0.7131166,0.5537499,0.70101386,0.7636739,0.6416912,0.5807942,0.60066044,0.54719186,0.74521405,0.7110215,0.5376614,0.7349724,0.76853985,0.69389385,0.6234857,0.7730439,0.7258228,0.47298187,0.7205311,0.77565676,0.70816994,0.62015885,0.6924371,0.7010778,0.6278609,0.72609895,0.7281166,0.6798364,0.61396617,0.645753,0.60867465,0.4838455,0.60306865,0.533249,0.7166812,0.71875066,0.568684,0.6989802,0.7148343,0.7019694,0.5320257,0.7134192,0.68817616,0.7812869,0.64740777,0.67291,0.68320346,0.75162655,0.67336404,0.6948607,0.53970313,0.7391412,0.51571506,0.6935256,0.72177494,0.70886517,0.7622935,0.59248763,0.5259629,0.49408472,0.6850579,0.6390117,0.5751141,0.6773985,0.6481734,0.6088166,0.6311949,0.7450462,0.64213955,0.58813393,0.7166475,0.7106566,0.5911644,0.6197628,0.60986865,0.57138497,1.0000001,0.6880703,0.66727483,0.7989844,0.5557622,0.54238605,0.67336404,0.625462,0.7086719,0.75876737,0.7309475,0.67784274,0.7151553,0.63140655,0.682429,0.6728325,0.65782,0.598431,0.6647737,0.5617934,0.70717853,0.6741766,0.65576214,0.6680686,0.73930633,0.59206986,0.69121873,0.60005087,0.6307369,0.60452116,0.6507858,0.6634649,0.597062,0.5873337,0.64079666,0.610638,0.54295087,0.7633559,0.7633559,0.6902604,0.7145629,0.7600697,0.7113055,0.59344935,0.5642384,0.7741085,0.58830816,0.6982961,0.69761324,0.6699947,0.67028385,0.6708888,0.77710974,0.71401954,0.5376751,0.615443
sd,0.5878521,0.80149364,0.62500817,0.45834577,0.60580856,0.42623198,0.5122265,0.63400316,0.63992,0.70877635,0.7148726,0.83900845,0.5051317,0.58207804,0.52993226,0.5055433,0.57462376,0.49413714,0.56028754,0.6226697,0.6871302,0.554742,0.54876125,0.6803552,0.6258441,0.6016979,0.6531769,0.6565021,0.8042508,0.5623979,0.54265666,0.5917251,0.66568404,0.66082585,0.5148213,0.6402217,0.6324916,0.519366,0.40353566,0.501539,0.5809023,0.5966513,0.6668507,0.58457124,0.5358701,0.6496367,0.63325703,0.5874089,0.6119848,0.4868333,0.52300054,0.5139395,0.4245011,0.508696,0.6337168,0.6578338,0.26923162,0.6169118,0.704582,0.5711939,0.69524723,0.6344344,0.6207487,0.11738776,0.8985928,0.76656926,0.48000327,0.6728926,0.53214055,0.43025255,0.62650853,0.5933336,0.6414688,0.5311329,0.6300111,0.5688345,0.54185724,0.5517358,0.6022124,0.6176668,0.59851736,0.57479095,0.54190886,0.37916452,0.54050267,0.7559361,0.67316526,0.6531794,0.7322279,0.54546064,0.389466,0.75616294,0.6328275,0.5473987,0.62708527,0.5503361,0.6367595,0.5779681,0.6671413,0.46556577,0.6504295,0.83423793,0.52703387,0.8771004,0.5725703,0.6871008,0.66435176,0.6335938,0.8655125,0.6026921,0.8888991,0.7252674,0.6060519,0.65642345,0.6429783,0.43799883,0.7282963,0.5696427,0.46122152,0.5511076,0.55699205,0.61272204,0.72889566,0.41151348,0.55032146,0.5986981,0.7508004,0.5499564,0.5155938,0.657931,0.73561585,0.57975364,0.3983243,0.63201237,0.6287377,0.7063032,0.54941356,0.8164653,0.7835038,0.39188048,0.6158663,0.5732544,0.5660896,0.5462272,0.6300111,0.5780801,0.5934649,0.6306498,0.6239527,0.6668645,0.54374784,0.62447226,0.54868406,0.37872818,0.61521596,0.55632025,0.5823107,0.6195908,0.567973,0.49480444,0.6022788,0.53981304,0.18543367,0.57002455,0.5527637,0.81129926,0.5539274,0.586829,0.70288455,0.865169,0.66082585,0.5317516,0.49526924,0.6003969,0.51496696,0.56404555,0.631677,0.625586,0.75179404,0.67496973,0.4416225,0.36311504,0.6639474,0.49897292,0.57333475,0.6026689,0.75362444,0.60239613,0.50846684,0.8539377,0.50513697,0.5643013,0.61078256,0.48193434,0.51992875,0.5488922,0.5639926,0.4992673,0.6880703,0.9999993,0.5650886,0.6118326,0.5689967,0.49541143,0.66082585,0.54768276,0.7251193,0.6552454,0.6216749,0.61282355,0.4674192,0.54387224,0.5327387,0.719543,0.5991822,0.766197,0.5356483,0.5743257,0.6037651,0.58245176,0.528098,0.45784566,0.8573269,0.46616367,0.6514319,0.47412142,0.6321152,0.52703434,0.57127565,0.54084444,0.5469444,0.46175787,0.41976386,0.4387445,0.4165587,0.6316937,0.6316937,0.5658725,0.75858366,0.6305873,0.5453025,0.53011185,0.54937536,0.6001274,0.54791814,0.6115099,0.6330159,0.5280349,0.59206766,0.9082191,0.6082441,0.6711649,0.44404802,0.36548096
se,0.5881457,0.61356527,0.5916054,0.43195304,0.6290882,0.28739274,0.32557103,0.3686861,0.75475055,0.8217425,0.62968415,0.61463624,0.59028757,0.7049322,0.84775394,0.75250673,0.58105636,0.6573188,0.72481805,0.539414,0.58897597,0.5390103,0.59714425,0.64270025,0.53797174,0.73532426,0.55046463,0.5650023,0.6655475,0.6252591,0.7213381,0.7397601,0.6142559,0.43984854,0.7020677,0.5776923,0.58498216,0.54673475,0.53205675,0.6210734,0.6123398,0.5934297,0.45680997,0.6727489,0.6072156,0.61491233,0.5726513,0.47549507,0.51020473,0.6744466,0.58498,0.6857399,0.5271234,0.6414225,0.75639236,0.59400046,0.42862827,0.7271521,0.59805787,0.6847901,0.64506084,0.62103766,0.52743286,0.5456101,0.5938022,0.62427145,0.6574042,0.5734331,0.63027555,0.5226202,0.7423425,0.62569404,0.77549326,0.6717557,0.603737,0.8425234,0.6856342,0.6958765,0.6660763,0.645265,0.6452548,0.52578765,0.66715413,0.59803593,0.6967031,0.6687901,0.6250283,0.64289117,0.4396107,0.6427022,0.50059533,0.6185936,0.7029738,0.61525726,0.77600455,0.5948168,0.565012,0.7492707,0.5107879,0.5317747,0.8198643,0.6319163,0.58112353,0.69903624,0.5973395,0.6896222,0.74964565,0.5005576,0.6559146,0.6712599,0.57849354,0.6607367,0.8753258,0.6560948,0.7116145,0.48407114,0.6053687,0.7140082,0.525476,0.38797113,0.6592238,0.6267051,0.63453496,0.49694842,0.64635736,0.7263633,0.6040521,0.61953044,0.73026586,0.45060113,0.62320954,0.74744976,0.50072706,0.6029763,0.6543878,0.72734886,0.43160594,0.72448397,0.6427583,0.30896392,0.5274253,0.63635504,0.59469324,0.41652557,0.603737,0.6231916,0.661602,0.58586097,0.6235357,0.5466033,0.50346017,0.74091774,0.6766134,0.5732499,0.5608383,0.61019284,0.6478467,0.5949277,0.46995312,0.6143947,0.6178076,0.5439259,0.47314322,0.58274275,0.78906345,0.65791166,0.6826301,0.70069027,0.8086466,0.70763016,0.43984854,0.6440961,0.7326937,0.5951962,0.60259604,0.5983643,0.60880035,0.58427924,0.63829106,0.36843675,0.59630877,0.5368375,0.6491966,0.65480304,0.626723,0.53716564,0.63703835,0.3924528,0.77193505,0.6905152,0.5996459,0.6171905,0.60060114,0.587342,0.49195224,0.69927037,0.7028721,0.6427623,0.66727483,0.5650886,0.99999976,0.6689908,0.61691356,0.40751493,0.43984854,0.5456664,0.7817309,0.7483289,0.60814553,0.75814724,0.6445779,0.64001846,0.69002134,0.7877208,0.57888436,0.6629325,0.61171883,0.64030915,0.5840117,0.7037576,0.5200962,0.5398413,0.6282354,0.58531964,0.4924228,0.6445628,0.4418555,0.45856577,0.4487124,0.4969753,0.68921065,0.33354196,0.59779966,0.60948896,0.39181367,0.6535439,0.6535439,0.71152174,0.7803474,0.71139044,0.64919615,0.36688957,0.6173463,0.7181623,0.38215983,0.52106994,0.525937,0.45606956,0.7381958,0.59279406,0.7296722,0.5433256,0.5262929,0.46376464
sg,0.7190396,0.5873584,0.6199588,0.7142106,0.5996972,0.65383303,0.76955867,0.5291084,0.7184085,0.844899,0.66745245,0.79664445,0.6036506,0.7654021,0.6953244,0.667903,0.62834644,0.6458875,0.66240174,0.6766542,0.78772235,0.61893845,0.8203702,0.7858448,0.6614442,0.8870866,0.7497739,0.730747,0.76247495,0.6696816,0.6425771,0.6103499,0.8151103,0.7641109,0.784842,0.78739464,0.6893819,0.77485883,0.48344934,0.6728891,0.6913905,0.72808945,0.7285478,0.75775856,0.6161621,0.6265586,0.7359963,0.7859448,0.68161416,0.7518568,0.7001035,0.7040181,0.6240485,0.5539386,0.89795077,0.60655093,0.7028028,0.70228106,0.7919401,0.67647004,0.7192493,0.71989745,0.71231806,0.7002568,0.6512749,0.6707009,0.7980487,0.7723048,0.66558385,0.77285373,0.8485912,0.6165037,0.83106256,0.8396081,0.7135018,0.75424445,0.8574616,0.85585654,0.73711073,0.66235936,0.78247774,0.7592017,0.8417064,0.7127863,0.86021733,0.75798607,0.6970674,0.7248444,0.77817976,0.72745126,0.44310662,0.7130572,0.77384824,0.61910456,0.80532116,0.6399684,0.7063221,0.7643038,0.79272133,0.55951756,0.7257425,0.7726481,0.6302052,0.8276462,0.9800124,0.8013345,0.79991597,0.8006896,0.76437956,0.79748774,0.6442852,0.7092221,0.7047601,0.75204533,0.8723861,0.60668784,0.6772096,0.86740637,0.60752183,0.70052713,0.7085029,0.89659876,0.6702537,0.58577,0.7578502,0.8581384,0.62566423,0.6344187,0.65699536,0.6908938,0.80424935,0.7790294,0.62712926,0.8054061,0.8218323,0.6939552,0.6957704,0.8475858,0.7908509,0.6121322,0.834024,0.9890734,0.72496194,0.72243017,0.7135018,0.7863241,0.65507233,0.811864,0.74111474,0.75280136,0.7560612,0.6959904,0.6384574,0.51820785,0.6978922,0.589451,0.83057445,0.7784907,0.7426529,0.7757705,0.7337951,0.8029841,0.6830133,0.7032669,0.6741501,0.7851493,0.65579486,0.68185836,0.7094132,0.8030727,0.7641109,0.79266316,0.60379976,0.79779613,0.58956605,0.6689017,0.7854668,0.7856546,0.81667286,0.54518574,0.6632856,0.6391782,0.6681432,0.73354197,0.6296464,0.72768974,0.6928457,0.62855,0.6445135,0.78854144,0.7907227,0.64749664,0.7204864,0.9054868,0.6194642,0.58182704,0.5924666,0.6137148,0.7989844,0.6118326,0.6689908,1.0000005,0.60516906,0.5643615,0.7641109,0.65803814,0.73589444,0.8035649,0.736713,0.75782216,0.76960987,0.6799668,0.67749804,0.69089526,0.7993538,0.53659093,0.753325,0.61062765,0.7033032,0.71771103,0.71987617,0.76998883,0.7402161,0.6475143,0.7524196,0.64727104,0.7364737,0.6297828,0.75585806,0.74638814,0.70768934,0.617794,0.61327875,0.68828946,0.649468,0.83876884,0.83876884,0.7916783,0.71142673,0.8382153,0.68625903,0.66537815,0.62324274,0.8821382,0.6905589,0.7187185,0.75334144,0.71173054,0.72911644,0.65128684,0.8765201,0.683019,0.5670732,0.67450386
sh,0.45166883,0.5806224,0.444896,0.37093177,0.9752793,0.28096583,0.43295646,0.48697466,0.73158675,0.76881963,0.5421705,0.6025356,0.91503286,0.7464391,0.6061058,0.6009468,0.6197452,0.535814,0.5942734,0.34944192,0.61411524,0.63011646,0.58225423,0.6027299,0.4424216,0.70464486,0.6595227,0.5505316,0.5764227,0.71877486,0.5831355,0.5640718,0.5214653,0.57543933,0.7237782,0.56111705,0.5976075,0.5176332,0.42219687,0.66782266,0.5783578,0.4035484,0.430446,0.61430615,0.9013018,0.54407865,0.44185495,0.4420438,0.56792855,0.6246753,0.6382771,0.59653044,0.60462284,0.57179034,0.71991616,0.6000248,0.18176682,0.7321162,0.56990415,0.5410819,0.5283593,0.5296401,0.5594044,0.46554688,0.61226296,0.5225626,0.59313214,0.45575908,0.46750844,0.63095045,0.8267494,0.9547529,0.77972424,0.6653443,0.52206266,0.6055292,0.6738498,0.67035294,0.7129853,0.6870722,0.6471522,0.46982417,0.62932706,0.4218766,0.6500631,0.5610862,0.65399843,0.64646226,0.63760376,0.513363,0.34563622,0.542442,0.7185278,0.95392627,0.73456824,0.66088015,0.54157645,0.6232651,0.47569034,0.89290404,0.7411234,0.6594876,0.50559324,0.68363315,0.51671433,0.5907741,0.73344386,0.4789109,0.6854691,0.7587279,0.61947334,0.5857067,0.7029597,0.5572538,0.67749137,0.4309484,0.52020293,0.7051416,0.4118673,0.31879458,0.5971661,0.5508172,0.617546,0.39169824,0.61122084,0.71353245,0.48733965,0.95167327,0.7041275,0.49127358,0.6311149,0.74478537,0.44860935,0.5028286,0.58889705,0.6705972,0.5213253,0.7255002,0.5845318,0.36013675,0.50565135,0.5479864,0.47066236,0.3410259,0.52206266,0.6580265,0.6717185,0.4807827,0.43327823,0.52615964,0.57275695,0.65266347,0.6950092,0.55205745,0.4974866,0.9531548,0.6541325,0.47614786,0.47792295,0.4072113,0.5321121,0.45955122,0.3954404,0.5503827,0.5883559,0.6280438,0.5834515,0.5987643,0.7358243,0.6952424,0.57543933,0.6279411,0.61473334,0.4933838,0.9460509,0.57997656,0.7087613,0.5459641,0.6311672,0.39737946,0.56692195,0.59785706,0.6883329,0.670055,0.95335084,0.5290949,0.5366807,0.26487282,0.6849692,0.7083853,0.63826054,0.63504326,0.4362206,0.58889246,0.64432234,0.56951237,0.6546629,0.63866657,0.5557622,0.5689967,0.61691356,0.60516906,1.0000007,0.6021828,0.57543933,0.6483841,0.6987201,0.8024078,0.44509864,0.7776869,0.5519448,0.5415545,0.5010064,0.7207639,0.63841444,0.57375044,0.5886726,0.9820425,0.40350613,0.8164159,0.5443285,0.5899206,0.626229,0.46787843,0.40595436,0.6213291,0.40937978,0.5145441,0.414572,0.46351,0.8548473,0.25934914,0.54699403,0.42110297,0.35531095,0.56723183,0.56723183,0.73779655,0.7153189,0.5820996,0.51566553,0.51152897,0.95422,0.69654816,0.31461027,0.48602125,0.4982157,0.3604098,0.73553824,0.6143569,0.7167491,0.5879361,0.33260766,0.44018647
si,0.6098353,0.5026105,0.48211303,0.51453424,0.58486354,0.5377022,0.70349807,0.4927072,0.59544706,0.6590487,0.49620062,0.6317569,0.6103606,0.7399899,0.41593787,0.6062763,0.55962694,0.58454233,0.49531585,0.5313786,0.4647816,0.91755337,0.6502147,0.64486486,0.6154963,0.728046,0.7261944,0.69598943,0.38373423,0.6893533,0.4535537,0.34271327,0.6527979,0.6744317,0.68006754,0.4705073,0.64142793,0.6238338,0.29107276,0.5723553,0.6205227,0.6182602,0.5855042,0.6159609,0.63667864,0.80135024,0.56616545,0.6281327,0.67684484,0.5561341,0.58279675,0.48591977,0.5519725,0.47549257,0.72911716,0.8351116,0.31213766,0.67380303,0.6418274,0.42596525,0.57017505,0.6075249,0.6925056,0.5265192,0.49856982,0.29147446,0.513658,0.50610256,0.5381819,0.7533421,0.6537226,0.6245812,0.7266696,0.7502339,0.6115661,0.37259015,0.7261126,0.71962416,0.64837086,0.701675,0.6053274,0.65893054,0.6914182,0.49400797,0.7054211,0.34906176,0.8183659,0.80546045,0.6350538,0.5694908,0.46601424,0.6374716,0.6430322,0.6309343,0.7088018,0.61969054,0.5597663,0.53802526,0.6353694,0.58814764,0.52572113,0.48200312,0.6746887,0.57069564,0.4661925,0.6594359,0.64641166,0.6460097,0.5739043,0.65886396,0.5063122,0.66631114,0.52227867,0.6253178,0.7138993,0.46162474,0.3027601,0.73436683,0.24693449,0.52204525,0.44390705,0.46852365,0.60372895,0.53845495,0.5408303,0.73545223,0.55856836,0.614939,0.55369407,0.68252623,0.66574264,0.7137945,0.68346024,0.62841743,0.67491746,0.4437768,0.8023019,0.48268083,0.6167921,0.38970485,0.6792194,0.5047309,0.6145174,0.55223286,0.6115661,0.59435046,0.53439456,0.6094462,0.55802137,0.7163308,0.62023824,0.5433496,0.5889804,0.58060646,0.6033464,0.6213292,0.67158324,0.46064168,0.66486526,0.24526462,0.6193395,0.6003809,0.59865767,0.5561458,0.38135314,0.49246582,0.5728302,0.57646847,0.49514765,0.5006293,0.6744317,0.6524576,0.43731248,0.60076267,0.62602425,0.6922674,0.63105047,0.6531371,0.6577376,0.49031696,0.6682759,0.48548484,0.8504682,0.57476854,0.61129427,0.6624553,0.30613977,0.45761865,0.5181901,0.4914847,0.6442964,0.77623177,0.5777813,0.60908353,0.96679074,0.5926113,0.5050944,0.63583,0.54238605,0.49541143,0.40751493,0.5643615,0.6021828,1.0000015,0.6744317,0.9374424,0.4684502,0.75007546,0.5844214,0.67432064,0.5932601,0.31119457,0.36430973,0.4741004,0.5128127,0.45992932,0.6039534,0.5783854,0.5576192,0.6509124,0.51688355,0.7298777,0.48859966,0.4862228,0.5900436,0.52645934,0.5875014,0.65240943,0.5988698,0.61779755,0.5839603,0.5800646,0.40231025,0.59695804,0.5350489,0.6858433,0.6858433,0.7229497,0.6285078,0.6632845,0.5641576,0.84346205,0.60863423,0.73039424,0.51495075,0.42155987,0.6557109,0.66633034,0.64100397,0.50143254,0.75581074,0.5638041,0.4078216,0.5268574
sj,0.6525506,0.6347186,0.5186916,0.6799701,0.57406306,0.6794119,0.729325,0.5764928,0.5909812,0.7312818,0.57853603,0.83709157,0.56787854,0.6741444,0.50675607,0.5455569,0.5532753,0.5213156,0.48911574,0.6091208,0.62515986,0.6857049,0.74150217,0.69062424,0.66615695,0.74512297,0.78884405,0.69386464,0.6762755,0.61649334,0.47253868,0.47175765,0.75923324,0.9999999,0.68210095,0.6555757,0.6401752,0.7510096,0.35452604,0.5742417,0.6627858,0.6748554,0.75924945,0.6529732,0.5724667,0.6934472,0.63311625,0.76862603,0.684172,0.6004025,0.64172655,0.53291595,0.5265813,0.4655732,0.76376593,0.6961905,0.5162414,0.6260493,0.76622546,0.5999321,0.6905383,0.59813285,0.7037288,0.4524488,0.71542567,0.58559674,0.6230665,0.74066275,0.6566947,0.6172713,0.6869991,0.58340913,0.7037405,0.64524424,0.6503978,0.56339324,0.7173338,0.719025,0.6229799,0.6197945,0.71379834,0.71520096,0.7085264,0.56763196,0.6846911,0.65799385,0.75141513,0.7415297,0.76075655,0.6191881,0.38322905,0.7186659,0.71139425,0.5845601,0.67315674,0.5805778,0.6341433,0.63092667,0.7942364,0.5393431,0.5892032,0.7446509,0.6551169,0.78712404,0.7279587,0.70097387,0.7002039,0.7936158,0.73873496,0.6560911,0.7243772,0.74147844,0.63395715,0.6648045,0.77630943,0.50032246,0.6010973,0.7418611,0.4211975,0.7102915,0.5848564,0.6921537,0.6520024,0.5773416,0.6627546,0.73401356,0.6510655,0.57613605,0.5063626,0.71559644,0.79309934,0.65672874,0.65811473,0.71760976,0.67506963,0.59836996,0.7156968,0.72420067,0.78251433,0.45869127,0.8066969,0.73721886,0.64257723,0.70458406,0.6503978,0.6852125,0.5814528,0.7412371,0.6466857,0.74508756,0.7315308,0.5453264,0.54052854,0.52332747,0.6557204,0.5717987,0.78318846,0.6218067,0.751696,0.530199,0.6492715,0.69169396,0.5475439,0.60583985,0.51209897,0.70207554,0.5311818,0.5514997,0.6158502,0.7526638,0.9999999,0.7162246,0.40540314,0.7077149,0.55948156,0.61752117,0.6926117,0.7466362,0.79336846,0.58147275,0.6441518,0.5048919,0.75222516,0.65722656,0.59017205,0.6847095,0.59328204,0.6254662,0.48111522,0.7363247,0.7203408,0.6448327,0.64621496,0.69052714,0.68311524,0.5482133,0.48091525,0.5432774,0.67336404,0.66082585,0.43984854,0.7641109,0.57543933,0.6744317,0.9999999,0.70378184,0.6198628,0.71307,0.65315306,0.6375904,0.61187994,0.46364892,0.5399876,0.62207735,0.646419,0.5888552,0.6621516,0.5668617,0.6297444,0.6180386,0.6324027,0.66147083,0.70320547,0.54041535,0.71722025,0.52206343,0.7524179,0.69379616,0.764278,0.71380943,0.5551086,0.68381506,0.44539496,0.6010572,0.5887462,0.7887042,0.7887042,0.6364289,0.680596,0.69884473,0.5808027,0.70847255,0.581965,0.74185574,0.7060083,0.5388826,0.7438658,0.7421996,0.6195869,0.71498376,0.75056016,0.6529964,0.46379852,0.58203804
sk,0.65066624,0.55544174,0.55506474,0.53404164,0.6297293,0.5915315,0.6947403,0.5693241,0.65658164,0.74024415,0.5561024,0.68129253,0.6547353,0.7688129,0.54711837,0.68379307,0.59593105,0.63158447,0.5906693,0.59937555,0.5853617,0.95343304,0.7281935,0.73513985,0.6796449,0.80994505,0.7743126,0.7544342,0.5321661,0.75204784,0.56138676,0.45456254,0.7628376,0.70378184,0.75157535,0.5787377,0.6552423,0.70615053,0.43979263,0.61682653,0.6779897,0.6875609,0.63815165,0.71318024,0.67930585,0.83465683,0.64627445,0.70424914,0.765862,0.6520147,0.6511818,0.5284537,0.557347,0.55521506,0.8194936,0.85806453,0.38602048,0.75753987,0.69462246,0.51956755,0.6149771,0.6716693,0.78149647,0.5891862,0.55505776,0.361728,0.6203041,0.62649965,0.6254435,0.80587375,0.72766626,0.6681763,0.78777766,0.82707345,0.65182245,0.5341553,0.80918187,0.8085002,0.70375186,0.7780505,0.6818451,0.7231985,0.7790595,0.6181394,0.8027302,0.51361424,0.86866486,0.87413377,0.65649325,0.67780155,0.53347224,0.6713513,0.69862163,0.6766544,0.7696717,0.6218797,0.66619265,0.65566933,0.70566446,0.60965365,0.6016966,0.55747217,0.68162787,0.6431351,0.5648393,0.72896075,0.7090366,0.7122796,0.64611965,0.7260364,0.55907714,0.70531154,0.599208,0.68503654,0.78613293,0.5646745,0.3757088,0.8162105,0.32381195,0.6038723,0.5297572,0.5725869,0.6604406,0.5994824,0.6319539,0.80723345,0.5944882,0.6613463,0.61112803,0.693447,0.7177333,0.7680906,0.6996312,0.73369473,0.73633975,0.5047982,0.85630476,0.5740959,0.675105,0.45564216,0.756001,0.596414,0.6596205,0.63654804,0.65182245,0.6888024,0.5638545,0.7169658,0.6510576,0.7986435,0.6780987,0.6112992,0.60905445,0.6802367,0.6770539,0.6659517,0.7418071,0.5580301,0.7088006,0.34741977,0.67355293,0.6463867,0.66197515,0.62174493,0.50566524,0.579456,0.6499027,0.6450389,0.56643486,0.57603925,0.70378184,0.7340141,0.5007055,0.7027722,0.66606873,0.7718188,0.68823075,0.716898,0.712946,0.53010803,0.7036711,0.5509837,0.90280867,0.6497859,0.6659873,0.67114985,0.3788409,0.5188997,0.6035916,0.5719582,0.7157889,0.7830988,0.63928044,0.68639916,0.96321803,0.65592414,0.5858964,0.6642346,0.625462,0.54768276,0.5456664,0.65803814,0.6483841,0.9374424,0.70378184,1.0000006,0.5484083,0.82937175,0.6628291,0.716586,0.68428093,0.3583768,0.5119109,0.5412836,0.596497,0.5055585,0.68641543,0.63762766,0.62239736,0.7204139,0.6158957,0.78197396,0.549301,0.5262666,0.6676509,0.63768584,0.6458947,0.70643044,0.65553814,0.6707722,0.6478089,0.59791815,0.48996082,0.64918137,0.60388976,0.73407185,0.73407185,0.79054093,0.6886495,0.7802093,0.65500134,0.85053456,0.6605158,0.8161832,0.5972116,0.53088593,0.7155529,0.6779998,0.686846,0.55437905,0.83128977,0.63481575,0.5110596,0.6003377
sl,0.55449677,0.80991876,0.59406734,0.5427079,0.70990884,0.2598041,0.39747936,0.36839437,0.86029416,0.92531455,0.7541979,0.77197325,0.65241563,0.8011878,0.7445676,0.7416874,0.6735865,0.6042159,0.7523899,0.51292944,0.63195777,0.5317728,0.6273035,0.6859927,0.6330988,0.7947272,0.5870993,0.627395,0.751495,0.72215813,0.7753679,0.7596099,0.6681087,0.6198628,0.75230217,0.6146175,0.6599536,0.5373698,0.61886734,0.7253174,0.64967203,0.63705444,0.5150902,0.709186,0.67752534,0.617108,0.6120868,0.46907634,0.59843343,0.664313,0.68739605,0.7676128,0.6451309,0.7809912,0.8072577,0.6056899,0.38527408,0.7949751,0.6559704,0.7808766,0.74349695,0.71871686,0.62221026,0.45169932,0.78572625,0.81664515,0.70232594,0.60142547,0.6982335,0.60742784,0.83426595,0.70620817,0.8699223,0.6966719,0.63097847,0.8898477,0.69496346,0.70072657,0.7666721,0.66350806,0.712723,0.54190314,0.6584867,0.6085079,0.6824288,0.709595,0.6861353,0.67661136,0.64799654,0.61612153,0.3940931,0.80152184,0.8299998,0.68002146,0.8205743,0.70727396,0.6259261,0.7559489,0.5411027,0.59956264,0.9516962,0.8215949,0.5938223,0.8745862,0.661142,0.74685764,0.85700333,0.5135613,0.8522487,0.75259453,0.7795254,0.8289865,0.82311875,0.697144,0.7817903,0.50856054,0.7857192,0.7545048,0.57509536,0.361251,0.6974679,0.6772865,0.7645743,0.5349159,0.66235703,0.78427786,0.7448185,0.68930864,0.83697265,0.5288191,0.745965,0.8212148,0.50135684,0.61474437,0.6891125,0.87447894,0.4995259,0.8972707,0.7565492,0.27515298,0.53364706,0.7028542,0.57426965,0.4027602,0.63097847,0.686113,0.7760527,0.590078,0.613137,0.63672704,0.6065297,0.86039037,0.7511662,0.6387222,0.62103015,0.6903311,0.6891843,0.6161229,0.4980316,0.64656395,0.63386935,0.6052286,0.4289953,0.65787065,0.73490673,0.83211523,0.6925678,0.7377553,0.95211375,0.9067446,0.6198628,0.69435894,0.74421054,0.6207929,0.66687524,0.57611835,0.69763374,0.6098777,0.75702775,0.4054953,0.6308771,0.6434225,0.68001056,0.77810884,0.70168704,0.6041616,0.83001554,0.42510483,0.7879287,0.8934853,0.65135735,0.6555254,0.5757824,0.6281463,0.511797,0.7363292,0.8134153,0.6956914,0.7086719,0.7251193,0.7817309,0.73589444,0.6987201,0.4684502,0.6198628,0.5484083,1.0000004,0.8232876,0.60985947,0.86186916,0.63838524,0.74769944,0.7574532,0.9432491,0.6945513,0.8809639,0.6369509,0.7040074,0.5474796,0.761652,0.6249703,0.5346281,0.81614864,0.583505,0.48005423,0.7410118,0.4631473,0.44969088,0.45394835,0.5193427,0.7945986,0.33492133,0.68984705,0.582023,0.41250822,0.7187166,0.7187166,0.75612575,0.8905853,0.7256429,0.6201877,0.4848366,0.68764246,0.77407664,0.35288632,0.51777995,0.5314913,0.4800618,0.8090533,0.7924001,0.7853705,0.65623873,0.5875495,0.52771354
sm,0.66210973,0.6422115,0.5967403,0.5131459,0.79310197,0.44711664,0.6200526,0.5895982,0.84932053,0.93446684,0.671607,0.72613305,0.7802015,0.8971251,0.7474428,0.78651875,0.74072146,0.70552087,0.74973196,0.59519994,0.786137,0.83188367,0.76993567,0.77661455,0.72476935,0.9371464,0.73444104,0.77894235,0.7404544,0.8396909,0.740929,0.70544845,0.75557613,0.71307,0.9020797,0.7272049,0.70215356,0.7102744,0.6062009,0.7982982,0.75407916,0.6996097,0.5550879,0.7655777,0.8054873,0.7730055,0.7140257,0.6250868,0.7583014,0.779153,0.7510426,0.7078118,0.6977834,0.75003797,0.9471935,0.81155556,0.3957149,0.8832,0.7076645,0.7158935,0.70356804,0.799352,0.7704196,0.6701345,0.68861794,0.5868037,0.75215584,0.6545292,0.63554674,0.86024725,0.9115302,0.8075894,0.9509577,0.89553577,0.6891127,0.79308546,0.8979562,0.890999,0.84079057,0.87743056,0.7953138,0.7049496,0.85176265,0.65009713,0.8834123,0.72463286,0.8423016,0.8470241,0.7621683,0.700803,0.51049435,0.69990563,0.8693786,0.80180025,0.908129,0.7480235,0.75822616,0.79690975,0.62948555,0.7201694,0.870022,0.75523365,0.6104391,0.8155467,0.71155024,0.81424123,0.88427275,0.64287806,0.82249,0.8460863,0.6933551,0.72989297,0.7937052,0.75309914,0.89684516,0.606226,0.5893804,0.93641686,0.50803703,0.4879987,0.6693407,0.7218535,0.8203832,0.5870402,0.7293375,0.9301703,0.6064154,0.8005999,0.85678726,0.6200188,0.7861052,0.9276838,0.5773115,0.7383032,0.785266,0.75575143,0.75219524,0.8460329,0.7277175,0.5454043,0.6989128,0.7461611,0.69732034,0.5403012,0.6891127,0.8368921,0.7892295,0.7047643,0.6955297,0.7421967,0.70476633,0.80947465,0.7683772,0.6742794,0.71721196,0.79881865,0.80281734,0.6947308,0.6667403,0.5687591,0.72411144,0.71179044,0.6033487,0.7393392,0.72021884,0.7942503,0.75464183,0.7602886,0.82834595,0.79545075,0.71307,0.77631307,0.70228153,0.7304538,0.7950673,0.78620434,0.8080546,0.69863546,0.78619057,0.55041677,0.6878648,0.68794745,0.8637403,0.81978226,0.8108574,0.70956564,0.60818326,0.4877696,0.8230282,0.80444074,0.7841327,0.7713355,0.6683972,0.7838131,0.8272592,0.74690396,0.79425025,0.7893123,0.75876737,0.6552454,0.7483289,0.8035649,0.8024078,0.75007546,0.71307,0.82937175,0.8232876,1.0000002,0.70033467,0.9078779,0.77329713,0.654699,0.6993334,0.79791385,0.76769876,0.6529172,0.7491914,0.80207783,0.6409624,0.8676355,0.71358013,0.7866829,0.7311009,0.62429035,0.6151227,0.7845776,0.5431455,0.6237495,0.5889105,0.6448877,0.86139935,0.47859544,0.70686984,0.642296,0.5329379,0.8026046,0.8026046,0.89638245,0.845146,0.84476477,0.71395,0.7121502,0.79868966,0.9289462,0.48008367,0.695559,0.6625476,0.602069,0.865077,0.68497217,0.94715756,0.7588449,0.59779775,0.64451104
sn,0.90975636,0.47672892,0.65242124,0.6542072,0.4498657,0.5606855,0.64567333,0.54532903,0.65866816,0.7053732,0.58818644,0.68189555,0.41708407,0.63577837,0.6210518,0.6431212,0.6465194,0.75934696,0.60113287,0.92640364,0.65161073,0.675019,0.7038645,0.7083918,0.859066,0.7136578,0.68848103,0.73125607,0.6730329,0.5581392,0.62066424,0.5974943,0.80694115,0.65315306,0.66154385,0.63353026,0.6186982,0.7291266,0.5238945,0.5060624,0.63949853,0.85296583,0.690452,0.6655436,0.4666967,0.74775654,0.7741811,0.7009702,0.6927286,0.63459307,0.55151784,0.5103713,0.46578646,0.52431387,0.7559415,0.7454933,0.5847414,0.5901273,0.71856785,0.6116068,0.66501194,0.7131938,0.7159904,0.5348511,0.5739551,0.4920699,0.5583423,0.7290277,0.6079399,0.64042205,0.66458946,0.46767417,0.69712687,0.70648885,0.8948117,0.6541676,0.7106137,0.72611326,0.58535457,0.6398989,0.647656,0.75502384,0.70869136,0.6068423,0.72347283,0.66698724,0.6529902,0.7079412,0.64758277,0.6508937,0.57582635,0.7144082,0.637206,0.46724752,0.77271116,0.49378532,0.62516236,0.6452595,0.7333443,0.34223416,0.59415287,0.6028856,0.6177921,0.69287854,0.6958533,0.92012423,0.6507858,0.7077495,0.6701076,0.64453214,0.56524235,0.6719229,0.5627832,0.92456436,0.74836206,0.599406,0.4618734,0.69623566,0.5133388,0.66791344,0.5622715,0.67916346,0.73015803,0.7185235,0.6456068,0.7185523,0.64439666,0.46777704,0.54518574,0.6326933,0.6824128,0.6710484,0.54850674,0.766391,0.7370209,0.5572496,0.71534723,0.6518064,0.6750951,0.49571353,0.73486495,0.7061126,0.92644686,0.69247556,0.8948117,0.5980849,0.5164082,0.7432362,0.9765839,0.76827693,0.5847831,0.6336364,0.5618103,0.4017869,0.6644726,0.4370862,0.74928176,0.6538492,0.6537236,0.61755687,0.9257611,0.69291663,0.5744917,0.5588383,0.59810346,0.67334646,0.74227333,0.7653072,0.5620416,0.63747656,0.65315306,0.59452605,0.40656382,0.7935372,0.4272262,0.612314,0.71895266,0.81003,0.6839462,0.62836236,0.5319867,0.41952604,0.71482015,0.5620942,0.48037612,0.71186006,0.50083816,0.82297254,0.55347,0.6227694,0.5966207,0.5823632,0.9510535,0.6944003,0.6459748,0.5968612,0.60909915,0.54679984,0.7309475,0.6216749,0.60814553,0.736713,0.44509864,0.5844214,0.65315306,0.6628291,0.60985947,0.70033467,0.9999989,0.60669357,0.6819453,0.5875612,0.6370715,0.54214287,0.55653226,0.5241097,0.67412925,0.46475855,0.9474168,0.54377687,0.60730815,0.6644431,0.63266456,0.64212245,0.7768587,0.50291425,0.68755555,0.6384628,0.6681268,0.6533385,0.5082037,0.630813,0.51164603,0.6430751,0.6450727,0.75191253,0.75191253,0.6520293,0.6361566,0.77237386,0.75910956,0.6762928,0.46558017,0.7411649,0.6485733,0.6251934,0.69430125,0.70866996,0.6076032,0.5731033,0.7330336,0.6328128,0.7305396,0.6162637
so,0.59121245,0.6510087,0.59160596,0.5208005,0.7619165,0.22753498,0.530779,0.35973582,0.934431,0.93937683,0.73458457,0.6719391,0.7703818,0.94525415,0.71933746,0.78227437,0.7331542,0.70542645,0.7743514,0.50378186,0.6276424,0.71644723,0.63685614,0.7421509,0.604014,0.8587097,0.60848296,0.62871325,0.5796747,0.78460336,0.713582,0.745381,0.6055498,0.6375904,0.8950706,0.55489707,0.7745183,0.5691935,0.5169869,0.83238995,0.6804402,0.63944453,0.46314284,0.7420043,0.7928386,0.6976869,0.59481,0.44266853,0.5513692,0.734252,0.74773914,0.8252221,0.78795016,0.76689863,0.8706769,0.7129221,0.34556672,0.8553091,0.6230708,0.69205403,0.69951963,0.7641632,0.575629,0.71950275,0.6085887,0.6327521,0.66522396,0.49174625,0.5892371,0.81273234,0.91733086,0.7834213,0.9748203,0.8359709,0.70312,0.78660095,0.80236125,0.80848324,0.8967128,0.7258886,0.73447484,0.5883191,0.73672265,0.58383673,0.78308713,0.5501245,0.6964623,0.7312299,0.66789293,0.61407614,0.5322752,0.69151855,0.8975264,0.7805075,0.9374335,0.8707908,0.58178693,0.7355153,0.5174017,0.7342783,0.9383658,0.68253356,0.6928669,0.7662942,0.65395135,0.7913607,0.8775947,0.50684,0.712144,0.8243735,0.6100033,0.7130063,0.8368574,0.75323707,0.8159122,0.55973506,0.61808866,0.8333524,0.4555675,0.30308115,0.6976419,0.6596883,0.71294117,0.5028302,0.6591611,0.85013115,0.6585003,0.7797676,0.9436203,0.6391497,0.695829,0.93487096,0.6095519,0.5920412,0.73789877,0.78339946,0.5682157,0.81539387,0.67316073,0.41036302,0.5257095,0.7192376,0.61461914,0.3512088,0.70312,0.70382893,0.82405895,0.5473577,0.59318167,0.63316894,0.629128,0.9156342,0.90042734,0.6011059,0.6641152,0.7864875,0.72571117,0.61842096,0.56177294,0.5276425,0.6996105,0.6717878,0.5480041,0.7312625,0.70605814,0.6782525,0.7581889,0.8173033,0.9063454,0.775001,0.6375904,0.71874076,0.80523884,0.59047633,0.7874652,0.62798744,0.7331914,0.64587533,0.70222956,0.35983258,0.6909956,0.6717676,0.74069417,0.800833,0.77878267,0.6641711,0.6557618,0.35756698,0.8972006,0.7570222,0.68677324,0.7805924,0.59736663,0.75935644,0.7267062,0.7861866,0.8453059,0.8228637,0.67784274,0.61282355,0.75814724,0.75782216,0.7776869,0.67432064,0.6375904,0.716586,0.86186916,0.9078779,0.60669357,0.9999989,0.7015511,0.6869409,0.6075207,0.8703798,0.6705142,0.6708149,0.6882477,0.76485693,0.5588566,0.86920065,0.5970082,0.7116307,0.6713713,0.67379457,0.4626313,0.7684993,0.4293776,0.4390664,0.42331052,0.51557994,0.90324074,0.36740267,0.67858434,0.6800492,0.42301401,0.78576,0.78576,0.86767477,0.87031054,0.7356926,0.6383318,0.5509977,0.77524334,0.85122806,0.30106038,0.5482508,0.52433765,0.52650553,0.9531099,0.6196251,0.86703044,0.6863091,0.49605826,0.49395844
sr,0.65715396,0.52823913,0.5788724,0.6009114,0.5471318,0.53584874,0.5598862,0.5227327,0.69864047,0.7606853,0.6128452,0.5867508,0.5574665,0.7096511,0.6958294,0.79076266,0.5880815,0.5999715,0.68780583,0.6381352,0.662786,0.65319717,0.7211699,0.69581777,0.6651621,0.7921449,0.685753,0.6993369,0.6128766,0.6565921,0.65683633,0.6363507,0.7622477,0.61187994,0.75537306,0.7202229,0.57704026,0.718413,0.50277513,0.622714,0.6515208,0.70410854,0.624819,0.71237445,0.58049405,0.7133269,0.67161524,0.69839686,0.62408644,0.90246594,0.7788942,0.6585656,0.58746445,0.5773923,0.812689,0.67525685,0.627025,0.7233772,0.6606153,0.6243755,0.6002554,0.67576534,0.63613933,0.68179214,0.480908,0.5163042,0.7534908,0.6848713,0.6129798,0.7434019,0.7332234,0.5906775,0.7618968,0.8011699,0.66307944,0.7305932,0.82274497,0.82822216,0.6924996,0.6967614,0.72585773,0.6615177,0.7954804,0.6548723,0.84201473,0.6157234,0.66720635,0.74064857,0.5830858,0.6874995,0.5360355,0.58813834,0.68464464,0.57403547,0.74883294,0.55047613,0.671369,0.7753054,0.6907017,0.49807143,0.68258256,0.56178415,0.60871613,0.6383299,0.7164586,0.7457149,0.70832515,0.70004153,0.61321115,0.6679795,0.47396147,0.62003374,0.6556773,0.70102787,0.76985115,0.625702,0.5436211,0.78986686,0.60571015,0.60752577,0.713107,0.7104177,0.68646395,0.581488,0.7630351,0.75217134,0.5318994,0.594282,0.63320905,0.49529505,0.6693341,0.72409946,0.6236641,0.70609856,0.6973193,0.57160616,0.6280479,0.6512193,0.635199,0.43047926,0.7317281,0.73634833,0.65409315,0.63799506,0.66307944,0.6887145,0.61096066,0.7232055,0.691982,0.66787165,0.6704226,0.65872484,0.6105031,0.6383437,0.51245886,0.5544046,0.7373288,0.659805,0.56342685,0.71110183,0.68303573,0.67896616,0.66481394,0.6551457,0.71942115,0.62365013,0.61079895,0.6506768,0.6240021,0.5979031,0.61187994,0.7337526,0.5542763,0.7314646,0.5467427,0.7616979,0.67509264,0.72112626,0.6859052,0.5057288,0.6394739,0.5932583,0.7473863,0.66802144,0.57746977,0.68986696,0.54257095,0.5590396,0.6314724,0.58786654,0.6909049,0.613474,0.66810834,0.7161745,0.6666149,0.6563985,0.62278163,0.614142,0.7151553,0.4674192,0.6445779,0.76960987,0.5519448,0.5932601,0.61187994,0.68428093,0.63838524,0.77329713,0.6819453,0.7015511,1.0000004,0.5810435,0.7141348,0.58304286,0.64947724,0.4786651,0.74611115,0.56299335,0.6542568,0.6603026,0.7606156,0.84112555,0.57082576,0.6132413,0.6449155,0.62779963,0.6320412,0.6073399,0.6570197,0.6558163,0.6153175,0.58722854,0.53413,0.6521404,0.71998996,0.7777891,0.7777891,0.7548852,0.67849964,0.78753227,0.6410587,0.6119563,0.57854766,0.7790873,0.60645306,0.6051752,0.67249656,0.6538469,0.7011262,0.48035818,0.80943793,0.58487725,0.5742913,0.7567245
ss,0.5573857,0.51215196,0.46601874,0.46586812,0.5501207,0.22628136,0.4049539,0.3267413,0.7072756,0.7495444,0.6050295,0.5856622,0.49318781,0.6457942,0.6464879,0.6440514,0.5453888,0.52441376,0.65029913,0.4620143,0.57130605,0.36158764,0.63805175,0.58939755,0.5668026,0.667755,0.48921055,0.5162974,0.624416,0.50206214,0.6367169,0.595448,0.53091556,0.46364892,0.6441859,0.6147174,0.544101,0.4466496,0.48793313,0.5743556,0.617581,0.5868036,0.4039503,0.4877324,0.51014453,0.46718517,0.6049614,0.42181057,0.40274534,0.66452736,0.53424037,0.66707695,0.5923457,0.5486754,0.6721597,0.4586987,0.48783723,0.65114444,0.5042889,0.6296252,0.5554508,0.5692635,0.42753848,0.4824904,0.5783715,0.62131995,0.5407396,0.53621864,0.49799597,0.5518931,0.67581195,0.54407966,0.6980432,0.6189923,0.5471643,0.7108007,0.6300904,0.6263022,0.63657695,0.551976,0.63471705,0.4805266,0.61449933,0.49417743,0.62509453,0.6080672,0.514124,0.5113785,0.6001567,0.43640223,0.35877374,0.6214043,0.66218007,0.5304837,0.6723389,0.54863876,0.42555463,0.56886214,0.45398226,0.43664455,0.7559181,0.6350258,0.49786597,0.69396025,0.626197,0.6466984,0.7130063,0.43744075,0.65233886,0.6246287,0.5693373,0.6366132,0.653876,0.60901606,0.6583064,0.4329576,0.5833418,0.64025545,0.7173956,0.32764694,0.5844635,0.5966209,0.61839324,0.49594742,0.5813934,0.63696533,0.49972272,0.54079664,0.6615576,0.40003034,0.6413393,0.6807315,0.41924685,0.52291185,0.6530702,0.79196024,0.32998955,0.7264931,0.5579736,0.26558658,0.45866367,0.6571798,0.5965936,0.35333267,0.5471643,0.64110935,0.6544664,0.4843093,0.60642654,0.4438717,0.45737594,0.67594105,0.61115384,0.3120714,0.4997635,0.5138571,0.64928865,0.5775686,0.37190866,0.68040556,0.570173,0.55838984,0.45473298,0.58466107,0.68798894,0.7019505,0.5314997,0.5834182,0.7437746,0.6983535,0.46364892,0.5619589,0.5883428,0.56665444,0.4989159,0.44100603,0.6140012,0.4718441,0.66226083,0.39111835,0.5853887,0.5974815,0.5010825,0.6251851,0.5456255,0.6551328,0.6451641,0.46775156,0.64007896,0.6781273,0.62950873,0.53588223,0.57906145,0.57857764,0.35862452,0.6014313,0.65634257,0.6322424,0.63140655,0.54387224,0.64001846,0.6799668,0.5415545,0.31119457,0.46364892,0.3583768,0.74769944,0.654699,0.5875612,0.6869409,0.5810435,1.0000001,0.6510819,0.7312109,0.66754365,0.62331486,0.48062837,0.5536834,0.5506303,0.6086717,0.5374465,0.5315152,0.72912747,0.58537173,0.46645874,0.54182935,0.3894636,0.4246995,0.4217985,0.4404287,0.6078917,0.3741766,0.517085,0.55198807,0.3996067,0.5990825,0.5990825,0.6107632,0.6954801,0.55798227,0.5203129,0.3064869,0.5353069,0.6308988,0.31312898,0.49525395,0.4586418,0.47613838,0.66587555,0.575245,0.6569764,0.4754752,0.51298636,0.57015336
st,0.5437204,0.6981005,0.5592334,0.5444181,0.50407803,0.4138397,0.37666962,0.4464348,0.65665245,0.7661011,0.60351706,0.6255338,0.463529,0.6343232,0.7253168,0.7846719,0.49882695,0.51105756,0.6761895,0.57235146,0.6289749,0.5118677,0.63091576,0.6151698,0.61729467,0.71423316,0.58875644,0.66212606,0.76163334,0.5820649,0.7270497,0.73610675,0.72967553,0.5399876,0.6593206,0.69137484,0.43576166,0.6185058,0.7064666,0.5615783,0.64501995,0.64785445,0.53604335,0.6982677,0.48920873,0.61545885,0.62087524,0.57715976,0.5707137,0.70635533,0.6659501,0.60182387,0.5489365,0.657375,0.7464548,0.5473844,0.6016388,0.7305944,0.59655714,0.7173672,0.5989119,0.6283901,0.59023786,0.46696383,0.61249703,0.7252139,0.73472226,0.72871596,0.6972318,0.5661018,0.67593944,0.511227,0.6858943,0.65585446,0.5477506,0.8497689,0.69515234,0.70535773,0.597978,0.6546371,0.66787845,0.5676547,0.68679035,0.7301742,0.7082706,0.7699639,0.64066476,0.64987403,0.55842876,0.7008766,0.44823804,0.64926815,0.6510331,0.49093744,0.6596468,0.4234317,0.70224243,0.81621045,0.5935494,0.3586694,0.7453392,0.6200941,0.5307855,0.7096905,0.62870693,0.67678726,0.717237,0.56756544,0.7060738,0.6388335,0.60063326,0.71228784,0.63513315,0.61056954,0.7040624,0.6008725,0.70871764,0.6964602,0.71139264,0.5252559,0.6972957,0.6251705,0.6495902,0.54601294,0.7229287,0.6893359,0.6058326,0.4998667,0.63150406,0.3278318,0.6445111,0.66217196,0.48772588,0.66730046,0.63558894,0.74782836,0.49534175,0.6900274,0.62663335,0.26954946,0.61177135,0.6462307,0.5483153,0.5635106,0.5477506,0.6512363,0.5646183,0.6704443,0.64684045,0.60619646,0.5889491,0.66235304,0.48870224,0.7216583,0.5071124,0.49159864,0.6424579,0.65243864,0.4689303,0.7289304,0.57568973,0.58395845,0.61312425,0.6133863,0.79904556,0.7393751,0.6109406,0.61677504,0.71216905,0.6808,0.5399876,0.6610696,0.49502194,0.7605641,0.45845032,0.6763883,0.6046808,0.6195943,0.6546747,0.43052036,0.56571954,0.57381785,0.656059,0.7125243,0.5346406,0.4802633,0.74077356,0.48479772,0.62363607,0.66429895,0.59715784,0.47479352,0.5829541,0.5583763,0.4544036,0.710426,0.6817951,0.57722634,0.682429,0.5327387,0.69002134,0.67749804,0.5010064,0.36430973,0.5399876,0.5119109,0.7574532,0.6993334,0.6370715,0.6075207,0.7141348,0.6510819,1.0000004,0.69625175,0.5834703,0.70022887,0.66747373,0.5326275,0.5730418,0.5548761,0.7760869,0.526336,0.6941618,0.543131,0.5325837,0.6746361,0.5295029,0.52629304,0.53785485,0.5742518,0.57745826,0.43306878,0.5643688,0.63604075,0.5641781,0.6350751,0.6350751,0.62943554,0.7539559,0.7570429,0.6405547,0.43004644,0.5086377,0.71275914,0.50608945,0.5540587,0.5568796,0.5047426,0.5882019,0.6056113,0.7122731,0.5697844,0.66933197,0.6508502
sv,0.5194724,0.7943102,0.54216194,0.51518786,0.73510885,0.24122056,0.35669553,0.36097154,0.85845923,0.93330824,0.7716667,0.7757037,0.67168033,0.817263,0.75066787,0.7563531,0.6350093,0.58526385,0.7102575,0.44894496,0.57113516,0.52366346,0.60174906,0.6441376,0.54523546,0.76339126,0.5890468,0.5438053,0.71132344,0.6866276,0.70171994,0.7484977,0.5732751,0.62207735,0.74810827,0.5720112,0.68413204,0.5096705,0.4842149,0.7354425,0.66252947,0.5657444,0.48584312,0.6468037,0.6932089,0.6286051,0.55011,0.43901852,0.4796539,0.66786504,0.6994676,0.8025384,0.6921446,0.6914525,0.77897865,0.60573125,0.35314032,0.79415053,0.6470836,0.73841035,0.75083053,0.689517,0.50316775,0.45342413,0.7960211,0.80512106,0.63192964,0.55792654,0.6725635,0.5742051,0.8143381,0.7302557,0.8639083,0.66541684,0.6038516,0.84771407,0.6653881,0.66259086,0.7560923,0.64338857,0.714481,0.47063106,0.6294119,0.53133124,0.6452692,0.6950083,0.7024093,0.6670238,0.6196999,0.54548544,0.4079293,0.7498329,0.8345536,0.7001506,0.8077248,0.73308897,0.5289329,0.70859355,0.5139233,0.6390178,0.95779616,0.8083659,0.67187804,0.8578875,0.60399663,0.6933098,0.86792785,0.49213475,0.8039921,0.7358162,0.7872809,0.8136888,0.84692985,0.65052813,0.7597633,0.41260502,0.76872957,0.7327197,0.5503491,0.3303123,0.73441714,0.6163902,0.6760142,0.49433443,0.66799444,0.7642539,0.72479165,0.70670253,0.824203,0.5003847,0.7483457,0.8280045,0.5543762,0.54770905,0.6751236,0.9296418,0.37965342,0.8663875,0.75076425,0.19844839,0.51113224,0.65708745,0.54001904,0.3500569,0.6038516,0.6531968,0.7972982,0.5367556,0.5300737,0.5124156,0.6022763,0.80878067,0.78770816,0.59402686,0.5789367,0.7144244,0.66680336,0.5834164,0.4756647,0.6060837,0.6017066,0.5883769,0.40643263,0.65198946,0.76689327,0.77962756,0.64850533,0.68468595,0.99363303,0.8925803,0.62207735,0.67490906,0.7962039,0.5483037,0.6890485,0.55311435,0.67094374,0.57747084,0.7557133,0.38545376,0.68684673,0.60378474,0.679582,0.76618904,0.7172056,0.5992878,0.8099781,0.37236997,0.80226624,0.8711648,0.644663,0.6980147,0.52905846,0.56964225,0.502664,0.76318014,0.75878197,0.7173125,0.6728325,0.719543,0.7877208,0.69089526,0.7207639,0.4741004,0.62207735,0.5412836,0.9432491,0.79791385,0.54214287,0.8703798,0.58304286,0.7312109,0.69625175,1.0000015,0.66322637,0.87935746,0.6164011,0.71933126,0.49612254,0.7720361,0.5710835,0.504923,0.7978351,0.5926422,0.4386214,0.67012453,0.44263977,0.44220537,0.4325777,0.5159399,0.7850241,0.3581976,0.6207418,0.61238915,0.31646413,0.70528984,0.70528984,0.73097515,0.935136,0.650849,0.5455178,0.35560906,0.7046563,0.7331457,0.3220942,0.47056288,0.5302714,0.502322,0.8423995,0.7958398,0.7620264,0.6135559,0.46218586,0.44776094
sx,0.5466426,0.538391,0.4180624,0.5074472,0.6158638,0.52799684,0.58940303,0.6026553,0.6156249,0.75457215,0.5225518,0.72143507,0.63821197,0.65200377,0.59123605,0.53541845,0.56285083,0.5079445,0.56668365,0.4201529,0.7686047,0.55915004,0.81608593,0.66152817,0.54478586,0.7731075,0.6500555,0.6357148,0.7493048,0.7565702,0.54521817,0.35781175,0.6877959,0.646419,0.6557851,0.8039353,0.5876231,0.59631765,0.4212784,0.6311871,0.59791964,0.53666985,0.60567534,0.6105466,0.62940776,0.5051762,0.5592523,0.6617036,0.6772295,0.68257934,0.55798763,0.570427,0.5268707,0.46653858,0.7655062,0.4720876,0.4047659,0.7411176,0.684967,0.5711907,0.6589806,0.49585122,0.66646826,0.44631946,0.69869196,0.56039846,0.6700774,0.6532431,0.5235733,0.65667737,0.7181578,0.6120953,0.72821945,0.71452224,0.5153237,0.6414431,0.7210354,0.7081723,0.6399109,0.67228806,0.6663823,0.59068483,0.70781374,0.5611622,0.7223374,0.74180216,0.6751004,0.658402,0.71679175,0.5600857,0.27666286,0.5772306,0.6734783,0.63568515,0.6709534,0.56102777,0.6628424,0.5723794,0.6573544,0.6065317,0.6602587,0.7858347,0.45753857,0.7826107,0.7694875,0.6087082,0.7169049,0.66051084,0.78023523,0.6837529,0.694594,0.61427003,0.6152362,0.572974,0.763093,0.4317885,0.5450954,0.7567321,0.5000154,0.565012,0.6075298,0.7603218,0.62823373,0.4320233,0.6624992,0.75951064,0.38610283,0.63379616,0.59156924,0.5608669,0.7463806,0.67732537,0.41366324,0.6490526,0.6806876,0.6525535,0.61767244,0.818983,0.71887565,0.5225816,0.69799227,0.76362145,0.58489805,0.58042336,0.5153237,0.88086396,0.59319264,0.6542247,0.5903205,0.64314204,0.66198814,0.5773329,0.55388266,0.49832845,0.58232737,0.61149687,0.80475533,0.6364753,0.62162757,0.5938223,0.5531797,0.5716975,0.42306966,0.61648893,0.57530046,0.76425993,0.51209056,0.52157843,0.6665349,0.7824032,0.646419,0.6987031,0.5716965,0.6121366,0.6406628,0.6030617,0.7018735,0.6064114,0.7578864,0.48763338,0.662142,0.7120121,0.64066994,0.6571128,0.6438508,0.60692316,0.59692013,0.4956801,0.57224256,0.8000642,0.8372829,0.55129635,0.5404438,0.72321695,0.5602646,0.46805057,0.5311724,0.57318336,0.65782,0.5991822,0.57888436,0.7993538,0.63841444,0.5128127,0.646419,0.596497,0.6945513,0.76769876,0.55653226,0.6705142,0.64947724,0.66754365,0.5834703,0.66322637,1.0000011,0.5479209,0.6077043,0.6390012,0.51471233,0.6916974,0.6248982,0.66257054,0.72943985,0.3980301,0.57814133,0.5619168,0.59961474,0.6533287,0.64522064,0.6646315,0.63163817,0.48118007,0.5397181,0.42457074,0.5001674,0.66131896,0.66131896,0.7119868,0.65276915,0.66649574,0.51688325,0.59845406,0.6280625,0.7513037,0.558911,0.6565779,0.6328315,0.5591019,0.62896186,0.69309163,0.76445436,0.6187993,0.42740232,0.6822913
sy,0.48199087,0.8607842,0.5231754,0.47701612,0.597663,0.27805525,0.30568856,0.3801482,0.69371104,0.7974358,0.682527,0.79587805,0.5152423,0.6470234,0.6325121,0.6887763,0.520027,0.4711426,0.62279993,0.46040875,0.4813668,0.49118966,0.54608923,0.5752572,0.56453323,0.62766635,0.57438517,0.5593285,0.6999687,0.5961002,0.649888,0.6271847,0.60760045,0.5888552,0.56419194,0.52466863,0.56099504,0.4374888,0.5226278,0.55771744,0.62580466,0.56932044,0.50106204,0.5889219,0.54582834,0.6195058,0.5281521,0.45528686,0.52530414,0.5106757,0.5755251,0.6114509,0.5084076,0.63023597,0.6481095,0.5867703,0.3338703,0.7139978,0.61508095,0.7037345,0.69466335,0.5823195,0.54857385,0.16668157,0.85333246,0.8011787,0.54277843,0.60005105,0.70389706,0.3892532,0.63506925,0.5905023,0.6874468,0.51408184,0.5253793,0.7352063,0.5307708,0.5364398,0.5972445,0.58605295,0.6230077,0.45842695,0.52129096,0.53038216,0.51006615,0.65469503,0.7131639,0.64351255,0.5745832,0.5324977,0.36336738,0.8060086,0.6890074,0.55392754,0.6423001,0.5487446,0.52183723,0.64066637,0.5322692,0.46172607,0.81503344,0.7636241,0.6035749,0.8331238,0.45578322,0.6178316,0.7315532,0.4866264,0.8168292,0.5961736,0.8407885,0.8804724,0.71491253,0.575868,0.650044,0.38659528,0.7562821,0.5891238,0.5335703,0.38881406,0.6012575,0.49176148,0.65441906,0.49553305,0.56867534,0.6224988,0.7650975,0.55440515,0.6373542,0.46957988,0.7188784,0.6577527,0.4991396,0.5374161,0.5731462,0.84741694,0.3997622,0.7498987,0.7382207,0.063807815,0.4935708,0.4920671,0.48241714,0.4018603,0.5253793,0.556325,0.641499,0.54002804,0.534262,0.55486053,0.52167886,0.69298804,0.58349943,0.6106038,0.5296151,0.5703278,0.5841766,0.49404168,0.42745286,0.5334219,0.5173045,0.4703402,0.33227944,0.5417605,0.6635218,0.7833041,0.5502888,0.58394444,0.86059004,0.8415347,0.5888552,0.5939064,0.5968341,0.5637411,0.5339301,0.51555943,0.56995463,0.53240275,0.7310575,0.4088103,0.61402786,0.5227252,0.67152286,0.6564261,0.5761814,0.52764344,0.7995112,0.4268164,0.6054447,0.81105554,0.5514028,0.61791813,0.50078106,0.36410427,0.45900458,0.69534373,0.656271,0.59224,0.598431,0.766197,0.6629325,0.53659093,0.57375044,0.45992932,0.5888552,0.5055585,0.8809639,0.6529172,0.5241097,0.6708149,0.4786651,0.62331486,0.70022887,0.87935746,0.5479209,0.99999833,0.51303023,0.5825477,0.48206767,0.5915934,0.53772056,0.36014068,0.8143542,0.487248,0.46363896,0.58212996,0.47774,0.48259708,0.4437009,0.47855243,0.5822159,0.37451288,0.4960723,0.541193,0.36358932,0.5939878,0.5939878,0.5697366,0.87812924,0.6027303,0.50138044,0.40161908,0.5549908,0.6019869,0.37684703,0.3679389,0.5277797,0.47270045,0.63947195,0.85514635,0.62308764,0.51279414,0.5117191,0.44042748
sz,0.64493465,0.5739107,0.54075724,0.6273936,0.58401,0.5684884,0.5769383,0.5341519,0.6708977,0.7598693,0.6269004,0.6556163,0.5833633,0.7392357,0.6531234,0.7173986,0.58812135,0.5696075,0.6079397,0.63138735,0.6393409,0.6619494,0.6880635,0.6720402,0.64382756,0.76852596,0.7033904,0.666642,0.63358575,0.62993413,0.6285993,0.63944644,0.73068446,0.6621516,0.7241931,0.6792097,0.51616174,0.7175676,0.43911767,0.63996124,0.6016554,0.67950916,0.65588045,0.7107723,0.60925007,0.7128238,0.6308942,0.6995655,0.6177755,0.7522047,0.70239925,0.5899747,0.56867033,0.53950584,0.7934891,0.6898522,0.5631815,0.66682833,0.68593025,0.5748304,0.64486814,0.69136953,0.62107426,0.6207075,0.544385,0.56359506,0.72150517,0.67129415,0.6227464,0.7140279,0.7612004,0.61146915,0.7535777,0.76732934,0.68519276,0.6962247,0.7726656,0.7823335,0.6772281,0.6817697,0.6965396,0.64610106,0.7513782,0.6006946,0.7841745,0.6460422,0.6714841,0.72833496,0.61092496,0.65551454,0.47465315,0.60640335,0.7122352,0.6057244,0.73199767,0.54102325,0.6661033,0.7573577,0.7217142,0.54650646,0.6681834,0.59471685,0.62953776,0.6780654,0.70551,0.7465817,0.6757396,0.70997673,0.64367586,0.7137172,0.5391314,0.6223305,0.63897675,0.70808053,0.75615615,0.60108095,0.5909795,0.76694196,0.48252466,0.6251925,0.7576189,0.6735401,0.6580294,0.5434241,0.8427203,0.7580963,0.58516616,0.6160397,0.60557127,0.53269756,0.6040403,0.71022,0.6311945,0.70413387,0.70301104,0.58095473,0.6345032,0.6760595,0.681385,0.48839903,0.742587,0.72423375,0.63589704,0.6423626,0.68519276,0.6579151,0.6229559,0.72106516,0.65668267,0.6721025,0.71874624,0.6240818,0.60018563,0.61455244,0.45348352,0.5901369,0.6969229,0.63220716,0.60937357,0.6337242,0.6874795,0.7129413,0.60534084,0.6355882,0.67741436,0.6217488,0.6255679,0.63909054,0.6411742,0.6470108,0.6621516,0.6867408,0.5391381,0.718311,0.57869154,0.7159339,0.6911504,0.7523153,0.6056287,0.5412383,0.60377556,0.52445847,0.74708825,0.68006694,0.61769027,0.53756243,0.5718568,0.5389497,0.60117126,0.637743,0.6618313,0.58587146,0.64691234,0.69290555,0.6627666,0.6299446,0.5634539,0.5840113,0.6647737,0.5356483,0.61171883,0.753325,0.5886726,0.6039534,0.6621516,0.68641543,0.6369509,0.7491914,0.67412925,0.6882477,0.74611115,0.48062837,0.66747373,0.6164011,0.6077043,0.51303023,0.9999996,0.6019637,0.6299101,0.63542295,0.74368775,0.64669394,0.55849653,0.60942405,0.6406917,0.6001111,0.6742975,0.6086216,0.6434375,0.6794313,0.63205487,0.5865529,0.51032156,0.62363136,0.65631753,0.7222843,0.7222843,0.7140314,0.68676764,0.7698859,0.6132425,0.6124254,0.60809594,0.78611994,0.6163377,0.6036882,0.68737024,0.6644842,0.67253375,0.5458847,0.7796959,0.6323371,0.5323137,0.6642189
tc,0.46270055,0.5859801,0.45536962,0.36857072,0.9717668,0.291363,0.42338827,0.49859372,0.7295034,0.7700791,0.54751915,0.6031501,0.89696014,0.73638326,0.6214564,0.61332345,0.6251849,0.5267121,0.59449786,0.36799294,0.63474685,0.62784064,0.58913904,0.61277974,0.46539423,0.7092881,0.65978837,0.56554925,0.6049636,0.70878786,0.6199825,0.59252006,0.53878146,0.5668617,0.7179827,0.5763426,0.57785505,0.5243029,0.45513278,0.6569843,0.59122026,0.42498928,0.4364759,0.62006384,0.88044184,0.55059636,0.46952778,0.4510614,0.5822609,0.63234377,0.6248857,0.58628124,0.5855242,0.5904664,0.72265893,0.60574466,0.20243958,0.735927,0.5734855,0.5554287,0.53478944,0.5386945,0.57383114,0.46350592,0.6158362,0.5302315,0.6022136,0.4851046,0.49413788,0.62515175,0.83081806,0.9478958,0.7752411,0.6669366,0.53101254,0.6312925,0.6755606,0.6741441,0.7030428,0.69484943,0.6470977,0.4708704,0.63466316,0.4365606,0.6570918,0.5920545,0.65478516,0.65095484,0.62365615,0.5204878,0.34949765,0.54825175,0.7101986,0.94182813,0.7291078,0.63636684,0.5674078,0.64822453,0.48527446,0.86514986,0.7432449,0.6598692,0.49575987,0.68840325,0.5252585,0.6074674,0.73437464,0.4851302,0.6932767,0.75880665,0.6212768,0.5889459,0.70555854,0.56866276,0.6797712,0.4428442,0.5273429,0.7048407,0.4289224,0.33268702,0.6038052,0.5618295,0.62936145,0.40658647,0.62022245,0.71804905,0.4918638,0.9427331,0.69900614,0.47604793,0.6329583,0.73828286,0.4348965,0.5255686,0.591127,0.6741601,0.5257462,0.7286917,0.59092283,0.36442652,0.51462555,0.5535662,0.48131463,0.3567189,0.53101254,0.66827327,0.67255604,0.5006974,0.45220226,0.5394143,0.5805607,0.65465504,0.67678905,0.55465126,0.50599456,0.9390753,0.6561699,0.48836747,0.4760216,0.4274864,0.5432906,0.46812493,0.4004439,0.5580176,0.60533893,0.6394536,0.59596574,0.6043441,0.7349995,0.6973337,0.5668617,0.62915397,0.6183783,0.5238855,0.9241583,0.59321815,0.7086302,0.55456716,0.63225746,0.41790968,0.55517906,0.59871095,0.68892705,0.68314767,0.94388455,0.5314266,0.5447463,0.28499478,0.6711497,0.7101557,0.6364037,0.6212116,0.45007694,0.58325154,0.6312827,0.57494646,0.6673305,0.6412521,0.5617934,0.5743257,0.64030915,0.61062765,0.9820425,0.5783854,0.5668617,0.63762766,0.7040074,0.80207783,0.46475855,0.76485693,0.56299335,0.5536834,0.5326275,0.71933126,0.6390012,0.5825477,0.6019637,1.0000006,0.41699755,0.7961998,0.5535717,0.58605,0.6316535,0.47913772,0.4205338,0.63262826,0.41871634,0.51809204,0.42261872,0.46802813,0.8446367,0.26732278,0.54725254,0.4284072,0.37385204,0.57357466,0.57357466,0.7365948,0.7187271,0.5958344,0.53650045,0.5053072,0.9434897,0.70043063,0.32793057,0.5054378,0.49814308,0.36491305,0.7188571,0.6176506,0.7196634,0.5825504,0.36032075,0.44956625
td,0.9710297,0.4638535,0.6796012,0.6234416,0.41066065,0.5779407,0.61395764,0.58234304,0.6091446,0.6481181,0.58797,0.6753891,0.3774402,0.5651741,0.6062875,0.5903931,0.6609942,0.8090492,0.57302696,0.95274985,0.6211265,0.6147192,0.6785747,0.6581773,0.8257135,0.6597534,0.69291484,0.6734649,0.6215152,0.4837592,0.508442,0.5701539,0.74105257,0.6297444,0.590074,0.62448955,0.6402358,0.7051045,0.39742032,0.45442143,0.59083,0.7995526,0.6943838,0.5848409,0.4270459,0.73931426,0.75247926,0.7217263,0.65303355,0.6048089,0.5017505,0.4728276,0.40828612,0.49014002,0.7044854,0.7249303,0.57454085,0.519907,0.7132198,0.54858387,0.6362201,0.66093934,0.6682656,0.4734795,0.5642705,0.46849984,0.5465427,0.71346176,0.51773626,0.5758692,0.60306937,0.42747667,0.62850887,0.6588368,0.85590833,0.5917819,0.668146,0.6821285,0.53712523,0.59165764,0.6238981,0.7447548,0.68004346,0.5187917,0.6953494,0.61249775,0.62549794,0.6792709,0.6056827,0.690058,0.6020526,0.6858668,0.5761402,0.4241703,0.7287542,0.480503,0.61625373,0.61981446,0.7411294,0.31951195,0.5242281,0.59287965,0.61746305,0.66096437,0.675204,0.8387739,0.5926101,0.7324154,0.61739635,0.5968755,0.55034864,0.63405347,0.5352885,0.84080577,0.70171577,0.55407107,0.45255882,0.64968014,0.49439758,0.71234393,0.55905855,0.6712703,0.6732055,0.64244413,0.6352471,0.65410453,0.62755585,0.42601684,0.46862662,0.65073085,0.6451959,0.61270404,0.5388035,0.71951914,0.71746874,0.49668455,0.65861803,0.6143656,0.67215705,0.4710284,0.7384898,0.67760813,0.9574176,0.709931,0.85590833,0.5491364,0.47714138,0.73189175,0.9367348,0.71825594,0.48083007,0.56339973,0.5481835,0.35922265,0.61048716,0.39515728,0.6989222,0.6070772,0.638004,0.60471535,0.84976417,0.6667793,0.5201622,0.5298117,0.55735284,0.6266051,0.6454049,0.68834025,0.5118092,0.61280155,0.6297444,0.57662004,0.37710288,0.7481497,0.38703918,0.5948794,0.68084335,0.7730649,0.6617616,0.63660437,0.4844292,0.3599137,0.6874954,0.5046304,0.43806028,0.70608616,0.47311622,0.8004229,0.5333508,0.59410185,0.5518833,0.56921375,0.99615073,0.64904076,0.5981472,0.5213657,0.5011671,0.49445897,0.70717853,0.6037651,0.5840117,0.7033032,0.40350613,0.5576192,0.6297444,0.62239736,0.5474796,0.6409624,0.9474168,0.5588566,0.6542568,0.5506303,0.5730418,0.49612254,0.51471233,0.48206767,0.6299101,0.41699755,1.0000001,0.50311434,0.56106573,0.62126976,0.60226625,0.66026676,0.7852731,0.39491045,0.7087029,0.6391922,0.6952441,0.64021367,0.4402914,0.6603585,0.41527689,0.5812885,0.6225004,0.72489125,0.72489125,0.58919704,0.58416194,0.69608206,0.75170994,0.63651896,0.4217823,0.68356156,0.6977353,0.5861116,0.7091217,0.722356,0.5980198,0.5628994,0.67088777,0.5625633,0.608463,0.5675858
tf,0.5455145,0.5696657,0.52917993,0.4416541,0.79355127,0.30280975,0.5243176,0.44735706,0.82293606,0.8528884,0.63245064,0.64424706,0.8002778,0.8380757,0.7050778,0.6832009,0.69812053,0.64675444,0.70891243,0.4242368,0.6429735,0.69098634,0.67324674,0.6931232,0.5234442,0.8169424,0.5978075,0.5989017,0.59343183,0.7517312,0.65209514,0.6083784,0.59734124,0.6180386,0.81580794,0.5762551,0.6829493,0.5770129,0.47402698,0.7272078,0.64329237,0.5110074,0.4628244,0.6587799,0.8073561,0.5956243,0.55784047,0.4918263,0.5893345,0.7039485,0.69773746,0.71209913,0.70851946,0.6509536,0.8201121,0.6606238,0.2995703,0.7780148,0.59391993,0.62446505,0.59255546,0.6495337,0.59273016,0.6147568,0.60691965,0.53543466,0.652824,0.49570945,0.5249964,0.7372254,0.8367304,0.81978935,0.8769308,0.7768891,0.5782136,0.68913627,0.7741807,0.76659024,0.8025068,0.7109648,0.7081704,0.5756998,0.714812,0.50966364,0.7576353,0.57834464,0.7136476,0.69245225,0.6694076,0.57787925,0.43329424,0.6267604,0.8091887,0.8253245,0.8320931,0.73737895,0.5567546,0.67449856,0.5181328,0.7742077,0.81674427,0.67430854,0.5957939,0.72515035,0.62649727,0.67425376,0.8104216,0.5215676,0.706717,0.7656968,0.6104572,0.6482463,0.7877527,0.6331767,0.7719195,0.4993874,0.527297,0.8082598,0.4291595,0.3509213,0.6335274,0.6339623,0.6682761,0.47221333,0.63926375,0.7898702,0.5569402,0.8289053,0.7940348,0.5666633,0.69129443,0.84436184,0.54500866,0.60474366,0.6857775,0.7093656,0.5855991,0.7706744,0.6398404,0.4221155,0.55929667,0.66911924,0.58041704,0.38528222,0.5782136,0.7400561,0.7221035,0.55233854,0.5443208,0.59955055,0.57943463,0.75633776,0.7802807,0.5543379,0.60294765,0.8213246,0.71284616,0.5810744,0.53425467,0.4906348,0.59765327,0.5681421,0.49667418,0.6259939,0.65351146,0.6702937,0.6637158,0.67931354,0.79579955,0.72910255,0.6180386,0.71067715,0.69050604,0.5191503,0.8219478,0.59257954,0.73185956,0.5700884,0.6977484,0.42179137,0.63059044,0.6251805,0.72348166,0.71289,0.817341,0.6347233,0.55011064,0.3445023,0.79772586,0.73266655,0.72713494,0.70024174,0.53534,0.71852237,0.706661,0.6613441,0.7274684,0.70256555,0.6741766,0.58245176,0.7037576,0.71771103,0.8164159,0.6509124,0.6180386,0.7204139,0.761652,0.8676355,0.54377687,0.86920065,0.6603026,0.6086717,0.5548761,0.7720361,0.6916974,0.5915934,0.63542295,0.7961998,0.50311434,1.0000005,0.5999765,0.6914539,0.647407,0.5531295,0.49517012,0.7002324,0.44088134,0.5084098,0.4800087,0.50214356,0.84334356,0.3475846,0.63554907,0.5545561,0.40707782,0.6827819,0.6827819,0.81435674,0.7730659,0.69039655,0.62345576,0.5723004,0.82100546,0.79003984,0.34575805,0.5579994,0.6037833,0.44976893,0.82956725,0.6080368,0.8139859,0.66156983,0.41937232,0.50896037
tg,0.5563233,0.5896134,0.544813,0.6045244,0.5334083,0.5228965,0.59803945,0.5368505,0.6256934,0.7085154,0.57584596,0.6521749,0.52855617,0.6737116,0.606894,0.6541479,0.51080924,0.51893264,0.62741894,0.55949926,0.67513853,0.6231446,0.666603,0.6703758,0.57639605,0.7228198,0.64041,0.6828331,0.7153724,0.61658823,0.64361763,0.5412654,0.73905355,0.6324027,0.6815305,0.67683524,0.45774394,0.6449987,0.5947205,0.5435589,0.63201255,0.60888845,0.60803354,0.7127364,0.5436121,0.6286314,0.598973,0.6526574,0.5938589,0.75229037,0.7762151,0.5762397,0.64509964,0.5665241,0.75381386,0.583803,0.5601173,0.7073989,0.6237411,0.5824639,0.5418293,0.5990418,0.60776615,0.50250757,0.59064263,0.5794648,0.70276546,0.7564609,0.5921491,0.66103286,0.69157445,0.5700789,0.68421364,0.7079586,0.5462807,0.6626134,0.7319822,0.7375075,0.61255014,0.66314435,0.6727087,0.6774823,0.7102254,0.68396837,0.73209596,0.707293,0.65751857,0.67864656,0.7180999,0.72468984,0.44082934,0.6024927,0.6397155,0.55404323,0.65927786,0.4337938,0.7180227,0.7496376,0.66209847,0.4383642,0.6239614,0.6140952,0.5358763,0.6998737,0.67845684,0.6525609,0.68857557,0.6519151,0.696755,0.6539042,0.5966627,0.64923483,0.5423287,0.5881356,0.72243226,0.5813952,0.60032356,0.7163139,0.62631184,0.6006082,0.6481784,0.648787,0.6513822,0.5140307,0.7364698,0.68987197,0.5213374,0.56819564,0.5672094,0.43455568,0.70430064,0.6600055,0.5195102,0.6634892,0.64926064,0.6334294,0.64475185,0.6750339,0.61978436,0.40629986,0.69562906,0.6884045,0.54982543,0.618785,0.5462807,0.6696441,0.55829805,0.6861626,0.60799706,0.673337,0.6529687,0.6015685,0.5152667,0.6514484,0.52463454,0.5497378,0.66605157,0.71290535,0.56669915,0.6298738,0.563402,0.60850114,0.6381945,0.59997696,0.6554165,0.70652354,0.56664795,0.5836776,0.588315,0.6478826,0.6324027,0.70225936,0.41109657,0.7608896,0.5146279,0.67503595,0.61492854,0.6627013,0.700872,0.48822516,0.57303065,0.60183996,0.6785015,0.68808776,0.582052,0.5633879,0.60506934,0.46181476,0.57216394,0.6398348,0.63657343,0.50724757,0.5714546,0.6557787,0.59378284,0.6679413,0.60657823,0.560496,0.65576214,0.528098,0.5200962,0.71987617,0.5443285,0.51688355,0.6324027,0.6158957,0.6249703,0.71358013,0.60730815,0.5970082,0.7606156,0.5374465,0.7760869,0.5710835,0.6248982,0.53772056,0.74368775,0.5535717,0.56106573,0.5999765,0.9999994,0.6843521,0.68441826,0.5618036,0.58966565,0.67064494,0.60716325,0.545926,0.61496466,0.602216,0.59673476,0.48488247,0.5149401,0.62668115,0.6832277,0.6454929,0.6454929,0.6512306,0.6619978,0.7563217,0.64259404,0.5913098,0.5774347,0.7257301,0.5842448,0.6017823,0.6316677,0.53209084,0.5805457,0.58701706,0.7395767,0.61242044,0.564148,0.74733776
th,0.6474823,0.42790127,0.5626679,0.61966574,0.57595307,0.56692487,0.72346866,0.5028819,0.66907185,0.724729,0.57559794,0.60435635,0.6131909,0.7372471,0.5661911,0.62051135,0.59597975,0.6207246,0.5756668,0.5985581,0.63113266,0.7825728,0.71673524,0.7687682,0.6408118,0.8056397,0.71641004,0.703985,0.53731215,0.67912626,0.55464584,0.47602227,0.74118406,0.66147083,0.77487606,0.6142334,0.6712466,0.6924015,0.42555082,0.61144817,0.6705758,0.6687438,0.6283416,0.6933923,0.6366888,0.71151334,0.647564,0.68335843,0.6793028,0.8638912,0.76362973,0.61858916,0.62436235,0.525879,0.80928147,0.7106757,0.49960685,0.6964707,0.6531685,0.49612466,0.57233584,0.665452,0.69812703,0.7288261,0.44574964,0.38454127,0.63793135,0.6595591,0.56494594,0.8338121,0.7444135,0.6270376,0.7814061,0.83643734,0.65443885,0.57519597,0.83019364,0.82953405,0.71201676,0.6460042,0.69924027,0.7745557,0.78169847,0.6139047,0.83036697,0.5371714,0.68973607,0.73966175,0.6700161,0.6516651,0.4937882,0.5825905,0.7092861,0.619174,0.7660431,0.61125064,0.6457169,0.654106,0.68551856,0.5686457,0.59065366,0.55491763,0.62956905,0.60902,0.7096029,0.7319201,0.68461066,0.6903579,0.58502716,0.7204236,0.4492151,0.60497355,0.5795066,0.6878881,0.7740691,0.5497857,0.4041711,0.7883402,0.48180526,0.58689374,0.5306889,0.6747104,0.66220945,0.57490116,0.62353325,0.7571542,0.48798752,0.63122505,0.62342465,0.65010226,0.7561266,0.74962044,0.640179,0.67583233,0.7448711,0.5154984,0.77289915,0.61803806,0.60499036,0.5038138,0.73359245,0.7342552,0.6576445,0.5905827,0.65443885,0.6872182,0.59452266,0.67885333,0.6504389,0.74092376,0.68007433,0.6169819,0.6321314,0.54006374,0.71539634,0.6029723,0.7357528,0.62924594,0.70529455,0.4931202,0.6819878,0.7141186,0.68067,0.64448583,0.5247951,0.56825316,0.6187053,0.641337,0.53937453,0.5601092,0.66147083,0.73381793,0.5173015,0.69798064,0.6003506,0.6898383,0.67622596,0.7052254,0.75313807,0.50530636,0.6540228,0.58153045,0.7492721,0.6285813,0.6143953,0.80552137,0.40654027,0.51504385,0.59562117,0.56098014,0.7006563,0.6948487,0.6396103,0.79722756,0.7958461,0.59586066,0.5989708,0.61939347,0.6680686,0.45784566,0.5398413,0.76998883,0.5899206,0.7298777,0.66147083,0.78197396,0.5346281,0.7866829,0.6644431,0.7116307,0.84112555,0.5315152,0.526336,0.504923,0.66257054,0.36014068,0.64669394,0.58605,0.62126976,0.6914539,0.6843521,0.9999988,0.5659189,0.587302,0.64961714,0.62059635,0.62965435,0.59399074,0.65146685,0.656007,0.65207535,0.5877441,0.5183022,0.6383087,0.73496956,0.75394255,0.75394255,0.75765616,0.5824169,0.763588,0.6397549,0.74876964,0.61831474,0.78635806,0.5727494,0.59101564,0.66385835,0.65573347,0.6967307,0.44308192,0.8245345,0.63826185,0.50627834,0.68220717
tj,0.60194474,0.786228,0.60524565,0.57050407,0.64918536,0.49183372,0.61063313,0.6198028,0.6868724,0.80311626,0.71422684,0.892932,0.5793539,0.66626215,0.6023892,0.5879328,0.5723416,0.53144217,0.6157054,0.58586806,0.756524,0.54413915,0.68531334,0.7039699,0.61298394,0.71768034,0.69417226,0.6755408,0.8888586,0.6507343,0.6319707,0.5615889,0.7377535,0.70320547,0.59328955,0.7477127,0.6387492,0.5896553,0.52877885,0.56963724,0.68950766,0.6071807,0.6935743,0.66424096,0.5976238,0.62381333,0.64454883,0.64224756,0.62879413,0.6107308,0.6521069,0.6395507,0.54835415,0.55599463,0.73507494,0.5977342,0.4395338,0.73669106,0.7537925,0.6508334,0.7363889,0.6318172,0.6483598,0.23649266,0.9352797,0.8129306,0.61143696,0.7644175,0.6150353,0.5214303,0.7143941,0.6466594,0.7211304,0.6238611,0.60377514,0.66721904,0.6386955,0.64045507,0.6301975,0.6593415,0.68347824,0.6422747,0.6385434,0.5708137,0.63569015,0.8400816,0.7241287,0.678437,0.8266451,0.64136374,0.37399432,0.76597196,0.68895143,0.6160397,0.6875296,0.56975365,0.6867349,0.680092,0.7043171,0.5186831,0.74248785,0.90422606,0.5574644,0.9545658,0.7027773,0.6958334,0.7849821,0.67791677,0.94157535,0.6981076,0.93053794,0.819662,0.6636384,0.64790326,0.74865603,0.4563745,0.79184836,0.6778137,0.6974213,0.592682,0.60269713,0.716095,0.74909216,0.47802842,0.6257939,0.69527334,0.67342573,0.61989987,0.5974482,0.6218778,0.8806021,0.6714665,0.4629221,0.67617714,0.7238502,0.8697618,0.57102674,0.90374345,0.83176756,0.4002774,0.68343854,0.70741177,0.59464204,0.5954926,0.60377514,0.7164097,0.647012,0.70171005,0.6478042,0.6802381,0.63466626,0.6691715,0.57387185,0.524634,0.66206884,0.61689574,0.69676465,0.731638,0.6158723,0.6587925,0.5990892,0.59945965,0.4332896,0.63258326,0.66216433,0.93411446,0.57073146,0.6058459,0.78035897,0.9348524,0.70320547,0.661822,0.5650172,0.7029589,0.58051264,0.60525465,0.6859482,0.6576907,0.89005375,0.5954935,0.5882972,0.5682563,0.6812196,0.6581961,0.6354421,0.6810577,0.8293708,0.5657248,0.57065547,0.9196016,0.6569476,0.59727716,0.61540574,0.5967791,0.5155103,0.6287803,0.64154196,0.5818129,0.73930633,0.8573269,0.6282354,0.7402161,0.626229,0.48859966,0.70320547,0.549301,0.81614864,0.7311009,0.63266456,0.6713713,0.57082576,0.72912747,0.6941618,0.7978351,0.72943985,0.8143542,0.55849653,0.6316535,0.60226625,0.647407,0.68441826,0.5659189,1.0000012,0.530171,0.6313303,0.59380007,0.6601005,0.58582836,0.6502316,0.61513335,0.6337214,0.4782504,0.5182256,0.5530041,0.49632916,0.67785674,0.67785674,0.6705234,0.8164497,0.7106957,0.59684384,0.5441093,0.61802155,0.69312304,0.5824796,0.64247596,0.64992726,0.5545363,0.63983464,0.9358748,0.71518046,0.65001357,0.5170878,0.56306815
tk,0.6564738,0.4815389,0.6249505,0.5102642,0.4790748,0.3181423,0.52875113,0.3124688,0.73976904,0.6905488,0.6213093,0.5746409,0.43855876,0.7010553,0.58722275,0.64922607,0.6539234,0.65973777,0.63447344,0.6186002,0.4719891,0.544638,0.55167294,0.6405855,0.57518744,0.651861,0.56489444,0.5299452,0.46849698,0.43217212,0.5891157,0.63587826,0.54923475,0.54041535,0.64476717,0.44378206,0.5771559,0.54719007,0.43504742,0.58036387,0.6200945,0.677327,0.4843005,0.5923517,0.47303382,0.60418946,0.60334176,0.4844148,0.40761632,0.62388206,0.56691825,0.62354136,0.59707636,0.5225391,0.6788228,0.6059814,0.5501978,0.5856988,0.55499274,0.5455458,0.5548699,0.6363723,0.46739256,0.610368,0.4458202,0.51684546,0.52639455,0.55337393,0.49443877,0.59358317,0.65888107,0.5088436,0.6923089,0.6380273,0.6432613,0.6170328,0.64117795,0.64879835,0.6867672,0.53021693,0.61868167,0.6394708,0.613398,0.58922064,0.6509973,0.45318395,0.54958856,0.5945062,0.51434845,0.61246127,0.6600856,0.63016105,0.66116667,0.49421495,0.7218114,0.5229505,0.44158566,0.6799956,0.5285533,0.3788813,0.6407821,0.48398516,0.64585406,0.5895084,0.5876571,0.6891344,0.6071008,0.5179864,0.49874747,0.6140036,0.43046215,0.61501294,0.59978247,0.659309,0.64215535,0.59522575,0.5120815,0.63327783,0.45723298,0.43261516,0.55713415,0.5586343,0.5175431,0.49938393,0.5907509,0.6021442,0.6221587,0.5020747,0.63860947,0.53761035,0.57406,0.7043807,0.6033337,0.56485856,0.6358185,0.5912877,0.4617232,0.5615119,0.57039076,0.3090278,0.5297628,0.63337594,0.6486809,0.42453018,0.6432613,0.47911558,0.617627,0.56763536,0.63976574,0.5499554,0.4341348,0.6773298,0.6543976,0.38923657,0.5709906,0.47013572,0.58235633,0.5592284,0.4598911,0.5420702,0.63162684,0.63403696,0.5862081,0.61204034,0.5925144,0.52971184,0.6167907,0.6635616,0.6184556,0.553679,0.54041535,0.6023116,0.5162934,0.6440162,0.43560058,0.47215378,0.56793076,0.5878828,0.5836617,0.34945777,0.5570826,0.4648112,0.57807255,0.6402955,0.50935054,0.6088358,0.53058016,0.47171462,0.6443191,0.50721633,0.51366216,0.64083517,0.67375535,0.60985667,0.52979493,0.64832807,0.6129344,0.6524588,0.59206986,0.46616367,0.58531964,0.6475143,0.46787843,0.4862228,0.54041535,0.5262666,0.583505,0.62429035,0.64212245,0.67379457,0.6132413,0.58537173,0.543131,0.5926422,0.3980301,0.487248,0.60942405,0.47913772,0.66026676,0.5531295,0.5618036,0.587302,0.530171,0.9999995,0.5314151,0.53223836,0.47706553,0.4276384,0.46742833,0.46073514,0.5562353,0.49767166,0.43805125,0.70466906,0.52246875,0.6777096,0.6777096,0.5905123,0.656076,0.61253226,0.69130075,0.42902797,0.5015503,0.65851235,0.42408887,0.4304756,0.52995145,0.58308357,0.71423507,0.44903886,0.653229,0.46424183,0.47543463,0.50250596
tl,0.77025187,0.5092672,0.6138618,0.6240306,0.4165372,0.80809003,0.7142534,0.65955365,0.47177228,0.6132322,0.55293095,0.77038807,0.40070292,0.5051711,0.5354838,0.538885,0.4999777,0.5406725,0.49829316,0.79170394,0.64495784,0.6393032,0.7678148,0.73648006,0.75271255,0.6899904,0.8014419,0.71777844,0.6881507,0.4879241,0.45590594,0.45787796,0.8362534,0.71722025,0.52686894,0.70125115,0.57619613,0.77686673,0.33292302,0.41746178,0.6486727,0.7932833,0.8112728,0.6058411,0.41162583,0.7299163,0.77441657,0.89877605,0.73320204,0.59798497,0.5052785,0.41461006,0.3453415,0.347827,0.71000004,0.72363484,0.66322714,0.49669853,0.80593586,0.4877596,0.63195586,0.6022245,0.7479858,0.42343432,0.6233578,0.45839143,0.6356631,0.82287896,0.6271716,0.56434304,0.57129,0.43115836,0.5698897,0.6571729,0.69227785,0.54054147,0.70464146,0.7039374,0.53848594,0.6047645,0.6702969,0.7761619,0.7251972,0.5631614,0.73045754,0.68540657,0.7165596,0.72930837,0.64271456,0.6527222,0.45319504,0.701618,0.5209462,0.42494932,0.5914836,0.3933218,0.64745283,0.59060055,0.8730721,0.3595729,0.42757687,0.6560842,0.6096173,0.6975321,0.7473295,0.73482394,0.58277225,0.87920934,0.65598834,0.59560245,0.61033356,0.6686298,0.48845264,0.702695,0.7071809,0.60258377,0.45264688,0.6952269,0.49336946,0.8734602,0.5443874,0.70426947,0.652954,0.6152054,0.6740597,0.65540427,0.6479789,0.43028924,0.31376573,0.69281775,0.7255742,0.5286588,0.6373829,0.823412,0.74898744,0.46278185,0.7379998,0.6154894,0.7685777,0.5218358,0.89390635,0.73012114,0.74714196,0.85688865,0.69227785,0.6121321,0.43048352,0.8586878,0.7928162,0.78018034,0.64702976,0.42127728,0.37836096,0.38322014,0.62982976,0.39082918,0.7420235,0.6354806,0.7384014,0.617553,0.70524406,0.69829017,0.5491358,0.53978693,0.52440673,0.6539144,0.5175701,0.5173107,0.4391874,0.63629144,0.71722025,0.6665512,0.35029736,0.78742075,0.3768648,0.669144,0.6583665,0.77047193,0.7457721,0.7323059,0.5376284,0.36460665,0.7390059,0.48972672,0.43409482,0.69625634,0.4520473,0.82668835,0.3738788,0.6197902,0.6593964,0.5848894,0.78032327,0.6797708,0.62474406,0.45069447,0.35968223,0.44268888,0.69121873,0.6514319,0.4924228,0.7524196,0.40595436,0.5900436,0.71722025,0.6676509,0.48005423,0.6151227,0.7768587,0.4626313,0.6449155,0.46645874,0.5325837,0.4386214,0.57814133,0.46363896,0.6406917,0.4205338,0.7852731,0.49517012,0.58966565,0.64961714,0.6313303,0.5314151,1.0000005,0.39646026,0.84893894,0.7732191,0.86061275,0.75032145,0.36949223,0.7963416,0.33406067,0.5769865,0.6900662,0.72333604,0.72333604,0.5942236,0.54484254,0.74587715,0.6470424,0.72266614,0.42424738,0.69116986,0.8671729,0.6405883,0.847247,0.80507636,0.47784457,0.6191218,0.6956854,0.53972036,0.5407603,0.5546363
tm,0.39757484,0.6039586,0.47711745,0.43532956,0.6070506,0.23087399,0.49515474,0.2782852,0.74065703,0.78513706,0.5136559,0.54317445,0.63438326,0.7834193,0.60167783,0.69500214,0.54662097,0.533061,0.65575975,0.3763351,0.5998081,0.67068833,0.56021607,0.6736925,0.48676872,0.7663017,0.4951828,0.66102135,0.6031551,0.7019383,0.75823414,0.6183678,0.6416723,0.52206343,0.75973856,0.4923744,0.5156147,0.49921,0.76872414,0.66935307,0.63569885,0.57594013,0.39399624,0.7649642,0.62659293,0.56196094,0.4692326,0.37603638,0.5749949,0.6027073,0.6230704,0.61510116,0.6162394,0.72634614,0.77570915,0.5715833,0.38250428,0.8092445,0.502167,0.65706974,0.56923044,0.61109155,0.6033777,0.6148367,0.5016041,0.5401529,0.6224929,0.51783425,0.6192512,0.7131661,0.772186,0.62460846,0.8092193,0.71518654,0.48046386,0.7359404,0.6990981,0.70978713,0.72350717,0.6686453,0.6075964,0.559237,0.6428571,0.73410857,0.6897263,0.5728895,0.61229974,0.6212079,0.5802035,0.68087494,0.43740386,0.6198795,0.74739265,0.6265685,0.7533884,0.57706517,0.67277014,0.73880666,0.43254513,0.52896315,0.7798549,0.5303052,0.4975962,0.6512879,0.56221634,0.63444483,0.7263911,0.40173864,0.65521556,0.700784,0.50667775,0.63664937,0.6395988,0.5690702,0.70935166,0.58971035,0.5437448,0.7296544,0.433573,0.2792762,0.48303446,0.56087995,0.6181857,0.4551907,0.52248996,0.7424449,0.53611916,0.62405217,0.7954224,0.4583056,0.61604744,0.78874606,0.47528258,0.59349555,0.59695315,0.6671185,0.6102191,0.6669046,0.5423295,0.3951295,0.46028006,0.6104522,0.4286986,0.35299462,0.48046386,0.6891968,0.63943136,0.53567284,0.50688076,0.6396014,0.5960661,0.7869466,0.6164155,0.6734077,0.649909,0.6343758,0.6194103,0.6019438,0.47823673,0.48071396,0.5142581,0.5406652,0.61488783,0.66711783,0.64243287,0.66006464,0.6756275,0.6924119,0.7071248,0.61926144,0.52206343,0.6741318,0.60072356,0.6590012,0.62173706,0.6114997,0.5805852,0.5471917,0.60043156,0.26443663,0.5700426,0.68753284,0.63145804,0.7597629,0.6419481,0.49474272,0.572669,0.21709767,0.71604174,0.60746336,0.60771245,0.5936198,0.4204011,0.660308,0.62724936,0.71955913,0.81668496,0.705377,0.60005087,0.47412142,0.6445628,0.64727104,0.6213291,0.52645934,0.52206343,0.63768584,0.7410118,0.7845776,0.50291425,0.7684993,0.62779963,0.54182935,0.6746361,0.67012453,0.5619168,0.58212996,0.6001111,0.63262826,0.39491045,0.7002324,0.67064494,0.62059635,0.59380007,0.53223836,0.39646026,1.0000007,0.3424135,0.38191155,0.338501,0.43247932,0.7665501,0.24056615,0.678142,0.6588419,0.45991105,0.61897427,0.61897427,0.73783636,0.7277509,0.7469108,0.64882725,0.54081494,0.63399005,0.7620498,0.26638108,0.53982604,0.42971635,0.3508897,0.6886162,0.50320125,0.7697961,0.5944697,0.61773014,0.54357576
tn,0.7152381,0.59769374,0.5645844,0.75041515,0.4111593,0.8731538,0.70027494,0.7113565,0.41990802,0.58251494,0.571428,0.8107895,0.40958002,0.46930474,0.4955628,0.50218487,0.4493681,0.46584013,0.3938531,0.73547935,0.61495644,0.5866921,0.7313765,0.7048028,0.6297159,0.6224063,0.810329,0.66197264,0.67832917,0.50948304,0.366218,0.3928504,0.8288938,0.7524179,0.48259372,0.727594,0.61537397,0.7595874,0.23821713,0.37564883,0.5884949,0.6822705,0.92755604,0.6565225,0.42545548,0.7026491,0.6251063,0.93092275,0.7041578,0.59662414,0.5567644,0.41204384,0.33226657,0.28782758,0.65085757,0.64862674,0.65765023,0.4874908,0.828758,0.41085812,0.65508485,0.5034686,0.7125182,0.34796286,0.6600393,0.54523176,0.6327595,0.8459707,0.64811903,0.516068,0.5478967,0.42567465,0.5278603,0.6188964,0.69040996,0.49725437,0.6522186,0.66595113,0.4796743,0.5289089,0.6477158,0.73011976,0.68420446,0.546243,0.6792585,0.67628074,0.6655202,0.7196535,0.65232235,0.677313,0.41672176,0.6540837,0.4965604,0.43068618,0.54577345,0.41360512,0.66433775,0.6103996,0.9628887,0.38955525,0.39708456,0.6839231,0.67540914,0.7128645,0.74268764,0.67811,0.5658786,0.9483976,0.65445983,0.5778659,0.649666,0.6796212,0.46914583,0.6623857,0.6757941,0.5151432,0.56911236,0.5970519,0.5269466,0.9471781,0.6312054,0.7208531,0.5850237,0.51988447,0.6782276,0.59093153,0.62278295,0.42741328,0.24847692,0.7343593,0.74213094,0.4493383,0.6524529,0.7725692,0.7210277,0.454101,0.6869455,0.6188117,0.7922119,0.47371066,0.9273006,0.7196417,0.6514258,0.9093113,0.69040996,0.57995236,0.40715072,0.8566834,0.6872788,0.76914895,0.7392265,0.38589877,0.37455654,0.4974238,0.5672753,0.39831233,0.7166563,0.6051391,0.7865421,0.61660075,0.66139024,0.66626656,0.5466473,0.50495857,0.49220237,0.6218117,0.44195503,0.4781235,0.4341447,0.6614143,0.7524179,0.66479915,0.3198381,0.73738605,0.39462695,0.67413354,0.6272006,0.85291076,0.75511074,0.6661199,0.57606566,0.40111887,0.7311345,0.47598383,0.43408293,0.66494006,0.5499624,0.7323835,0.27598992,0.63946,0.6378999,0.537983,0.70709527,0.63293827,0.5861415,0.4069497,0.2929544,0.36918706,0.6307369,0.6321152,0.4418555,0.7364737,0.40937978,0.5875014,0.7524179,0.6458947,0.4631473,0.5431455,0.68755555,0.4293776,0.6320412,0.3894636,0.5295029,0.44263977,0.59961474,0.47774,0.6742975,0.41871634,0.7087029,0.44088134,0.60716325,0.62965435,0.6601005,0.47706553,0.84893894,0.3424135,1.0000001,0.7812635,0.90211946,0.79355335,0.34486675,0.786939,0.2532401,0.53153926,0.70926404,0.6981956,0.6981956,0.5637613,0.53576064,0.70184064,0.54335284,0.6937106,0.42352283,0.6253922,0.9338703,0.56924933,0.8472293,0.7971912,0.43772665,0.66375566,0.630187,0.537237,0.4255942,0.5655913
to,0.65463805,0.5015948,0.43666127,0.568971,0.49889752,0.7813416,0.6113644,0.662929,0.40513602,0.5923611,0.43488976,0.7222109,0.50087875,0.4955907,0.5006571,0.5628321,0.44235158,0.45364508,0.43423533,0.5831645,0.559537,0.6654253,0.8297353,0.617836,0.622649,0.6662102,0.8278055,0.6761447,0.6319903,0.5318952,0.41041687,0.32126507,0.76098883,0.69379616,0.50916386,0.7203406,0.4975857,0.7352461,0.3122865,0.45104653,0.6472817,0.6312706,0.74044126,0.5611623,0.5068742,0.66369975,0.62524855,0.84993416,0.70351446,0.5859698,0.47071138,0.37366706,0.3420189,0.3100063,0.67470825,0.6550413,0.5593127,0.5671863,0.7883917,0.4248801,0.57690066,0.41244537,0.70586365,0.3550803,0.6140502,0.39961833,0.60073006,0.76219046,0.62534654,0.50856096,0.4935043,0.50760263,0.5403527,0.59957993,0.55901027,0.49883333,0.6906084,0.68001616,0.46466377,0.6468321,0.6287113,0.6682805,0.7269624,0.5635917,0.70841473,0.63373053,0.77146995,0.7320159,0.5878329,0.58778256,0.3880832,0.60867465,0.48130652,0.5360733,0.5312151,0.36825243,0.5800607,0.5631271,0.8068935,0.45510358,0.4210185,0.6106855,0.6037782,0.6445889,0.58470124,0.60411495,0.57132035,0.82611066,0.62914044,0.54951507,0.6087819,0.6598589,0.46960926,0.5772459,0.6965096,0.4700221,0.406087,0.68029284,0.46449527,0.80836225,0.534954,0.5693664,0.56309766,0.5941874,0.68353736,0.6578461,0.4967691,0.5252735,0.30637398,0.5883953,0.6941989,0.5126339,0.6417772,0.7473441,0.6613164,0.45618406,0.69149643,0.5480854,0.718226,0.41049382,0.8465388,0.5751586,0.65392447,0.8028046,0.55901027,0.69517684,0.40105742,0.78878355,0.6719873,0.70071673,0.64901096,0.35004604,0.33978367,0.5167312,0.5315361,0.49814558,0.8019166,0.5486077,0.685691,0.5193319,0.58702457,0.56309247,0.54276043,0.4946807,0.5048092,0.6059833,0.43608674,0.41778806,0.4377054,0.58514684,0.69379616,0.65899825,0.3276661,0.71484834,0.5073818,0.6361934,0.7287394,0.6957124,0.70629984,0.5838413,0.66184884,0.50248456,0.8035238,0.5367107,0.5368879,0.60602456,0.41512337,0.6863572,0.33268076,0.57657456,0.77155477,0.58059275,0.6469924,0.5650608,0.6611076,0.4808747,0.32367054,0.467971,0.60452116,0.52703434,0.45856577,0.6297828,0.5145441,0.65240943,0.69379616,0.70643044,0.44969088,0.6237495,0.6384628,0.4390664,0.6073399,0.4246995,0.52629304,0.44220537,0.6533287,0.48259708,0.6086216,0.51809204,0.6391922,0.5084098,0.545926,0.59399074,0.58582836,0.4276384,0.7732191,0.38191155,0.7812635,1.0000006,0.82344997,0.73285866,0.33139697,0.772459,0.35190168,0.53331655,0.6083118,0.60316825,0.60316825,0.60833585,0.559859,0.6392348,0.52974784,0.68571067,0.5262837,0.6633596,0.8035052,0.51275384,0.8028589,0.78504086,0.4438798,0.60433996,0.6724397,0.48603055,0.45140904,0.64156246
tr,0.7029214,0.53230435,0.52356106,0.6750249,0.41659796,0.8991994,0.7081331,0.6949072,0.3967065,0.5892769,0.50831187,0.7984255,0.41624573,0.4725417,0.51297307,0.5264065,0.43819478,0.4620005,0.418586,0.68780386,0.6269543,0.60026646,0.8170968,0.6694388,0.65225327,0.66912484,0.8260431,0.6909542,0.6875847,0.51863605,0.38426742,0.35756353,0.8311511,0.764278,0.49302024,0.75219697,0.54519844,0.8047104,0.2521448,0.38981512,0.6259209,0.68357193,0.8709652,0.60283566,0.4199377,0.6906444,0.6757446,0.95199347,0.717924,0.6213964,0.5307132,0.41387725,0.3444608,0.27841985,0.6909541,0.6509964,0.68390155,0.49870104,0.83525765,0.44149667,0.6239275,0.4959696,0.7281851,0.37961483,0.64411587,0.4771486,0.66906244,0.85796034,0.64611226,0.52849466,0.5435256,0.42819443,0.53088814,0.6328473,0.6141064,0.50864965,0.6979918,0.6974431,0.46994337,0.57490224,0.67190945,0.7386366,0.73591375,0.56960475,0.72390497,0.6876936,0.7258439,0.7335089,0.6479958,0.65515363,0.38439634,0.63660276,0.5030935,0.43372828,0.5286907,0.38816965,0.6433266,0.59870255,0.9173614,0.39200345,0.39572617,0.6790044,0.6124357,0.702412,0.75799465,0.6391069,0.5800592,0.94518083,0.6528479,0.58448315,0.64041775,0.67411053,0.47436827,0.60777396,0.70713043,0.49814487,0.51280004,0.688627,0.54343,0.93269247,0.5855118,0.7190726,0.58629864,0.5730571,0.71412885,0.64533556,0.5537626,0.43367466,0.25203484,0.6794604,0.7601586,0.47689173,0.66430825,0.78896934,0.73816466,0.46196383,0.70265645,0.6126164,0.7907154,0.48303583,0.94510496,0.73369944,0.66994333,0.9056488,0.6141064,0.6512716,0.4155944,0.8747178,0.69237256,0.7440642,0.71596354,0.3398052,0.326653,0.49639037,0.56833375,0.39782435,0.76166236,0.61799574,0.7746611,0.6345106,0.6106608,0.6774041,0.5805597,0.50809145,0.5130041,0.6367672,0.40805352,0.4192605,0.42491493,0.6471368,0.764278,0.71975964,0.3458236,0.75412273,0.39418796,0.68830043,0.6334167,0.7813203,0.7821868,0.67408144,0.61993355,0.42828938,0.7451343,0.51681143,0.4374089,0.6692052,0.48902196,0.747625,0.29233232,0.62916493,0.72642726,0.55832094,0.69348127,0.6413431,0.60178506,0.4102924,0.2631913,0.38462195,0.6507858,0.57127565,0.4487124,0.75585806,0.414572,0.5988698,0.764278,0.65553814,0.45394835,0.5889105,0.6681268,0.42331052,0.6570197,0.4217985,0.53785485,0.4325777,0.64522064,0.4437009,0.6434375,0.42261872,0.6952441,0.4800087,0.61496466,0.65146685,0.6502316,0.46742833,0.86061275,0.338501,0.90211946,0.82344997,0.99999905,0.7955792,0.33586228,0.82527673,0.28017175,0.54257524,0.70710015,0.6962065,0.6962065,0.57823426,0.5295483,0.7083258,0.5451232,0.7017535,0.42823073,0.6628641,0.9326237,0.5783758,0.866943,0.8239312,0.43685818,0.6428033,0.671196,0.50845057,0.4373565,0.6369926
tt,0.66093975,0.5476528,0.50458544,0.66821223,0.47378004,0.78500164,0.660785,0.59601337,0.47976223,0.66022277,0.5304885,0.7374034,0.44012994,0.5651157,0.55800325,0.57921994,0.46830937,0.49877962,0.42472938,0.6413696,0.6078772,0.6236438,0.74202967,0.6464676,0.6159169,0.7150501,0.786586,0.67444855,0.6559633,0.5598916,0.44667464,0.417839,0.7683785,0.71380943,0.5868387,0.7181649,0.54747707,0.7424708,0.29419297,0.50383866,0.6119192,0.66013706,0.78034234,0.6253132,0.44190502,0.70154804,0.63226736,0.8374126,0.67250395,0.6394193,0.57741964,0.4803069,0.43470204,0.36392206,0.7245163,0.6298004,0.6112742,0.5759449,0.755551,0.48730433,0.70491105,0.5653244,0.68082935,0.47172117,0.6081639,0.5251256,0.6647188,0.75621283,0.64696115,0.6160971,0.6058863,0.47492146,0.621814,0.6913935,0.61780775,0.56063676,0.71323043,0.71354353,0.5079059,0.59982,0.64897555,0.6599267,0.72386014,0.565999,0.7305295,0.67088103,0.713732,0.71836716,0.63848585,0.63599354,0.35632688,0.6186677,0.57105243,0.46185148,0.60287875,0.45588976,0.6653644,0.6173712,0.82490337,0.4148852,0.49988267,0.6543061,0.6113088,0.686371,0.72696656,0.6586666,0.6359336,0.8298692,0.6526353,0.6158145,0.6007969,0.6581356,0.5268243,0.62006634,0.7237319,0.4533397,0.5389316,0.7132098,0.5078535,0.7924071,0.61014664,0.69085944,0.5809111,0.54337347,0.6910776,0.7053878,0.5540234,0.46543014,0.38406137,0.6062304,0.72956926,0.5743025,0.63842064,0.7329849,0.72043,0.52305967,0.67122924,0.6327793,0.73299116,0.46307418,0.85954916,0.7218683,0.64385736,0.7847045,0.61780775,0.66038835,0.50057334,0.7746009,0.6422849,0.6883547,0.71914357,0.41479364,0.41916206,0.5466835,0.55437505,0.43574202,0.72407115,0.6112019,0.7359832,0.6062504,0.6249324,0.6873236,0.59438384,0.57961345,0.52791953,0.6327439,0.48481715,0.47968316,0.51263225,0.6427597,0.71380943,0.69725317,0.414537,0.72181046,0.42878866,0.70047086,0.63844454,0.7501289,0.731013,0.6057143,0.63728523,0.45663655,0.73483443,0.5606788,0.46810114,0.6373614,0.53042895,0.64218694,0.38544336,0.6374662,0.684911,0.57979083,0.64631504,0.6662046,0.62885356,0.48380578,0.35614324,0.4719882,0.6634649,0.54084444,0.4969753,0.74638814,0.46351,0.61779755,0.71380943,0.6707722,0.5193427,0.6448877,0.6533385,0.51557994,0.6558163,0.4404287,0.5742518,0.5159399,0.6646315,0.47855243,0.6794313,0.46802813,0.64021367,0.50214356,0.602216,0.656007,0.61513335,0.46073514,0.75032145,0.43247932,0.79355335,0.73285866,0.7955792,1.0,0.42359197,0.73987055,0.3987497,0.5669931,0.6202853,0.7181862,0.7181862,0.6239686,0.5813377,0.7124853,0.5412525,0.6684821,0.4550581,0.7114239,0.7825837,0.5838415,0.7856362,0.78496176,0.5052712,0.5997134,0.72633266,0.58180356,0.44276786,0.5927274
tv,0.4751378,0.582108,0.53204715,0.43079638,0.829247,0.17942527,0.4977114,0.3571482,0.84507746,0.8560465,0.6263802,0.58378315,0.8529213,0.86722547,0.6596782,0.6655814,0.6554801,0.63681334,0.7019268,0.4034049,0.65459263,0.6433933,0.5452165,0.6688431,0.48686552,0.7945475,0.5412739,0.5716228,0.58201283,0.7614011,0.6778283,0.6708096,0.547623,0.5551086,0.8344021,0.5331657,0.6529678,0.50188065,0.5498516,0.7320258,0.603453,0.48832345,0.37793714,0.70787126,0.8616262,0.5594469,0.49785703,0.3627613,0.53499365,0.6585724,0.70175827,0.72233003,0.7124672,0.70350313,0.80154127,0.6053845,0.2549254,0.80190563,0.5308175,0.6423944,0.56011283,0.69242793,0.54789096,0.6446784,0.56360006,0.58375853,0.63361144,0.42699438,0.4898807,0.758831,0.93270385,0.85131115,0.8967326,0.7690482,0.5849024,0.7074003,0.736893,0.7380676,0.8145999,0.6869954,0.6650835,0.5217523,0.6700435,0.54172945,0.70881236,0.55941314,0.61270493,0.6512253,0.6663489,0.58979607,0.41794553,0.5827992,0.8236496,0.86032474,0.8551324,0.7512461,0.5794246,0.68922555,0.42728558,0.8139944,0.8571881,0.64600277,0.5333113,0.71057403,0.62433946,0.68566114,0.8008468,0.4156859,0.69521105,0.8271739,0.56929684,0.598715,0.7600503,0.63986397,0.74244165,0.50845665,0.571587,0.769914,0.41792464,0.22870699,0.6071429,0.6279284,0.65396583,0.39215127,0.5919563,0.7966745,0.5358127,0.85373855,0.8734803,0.5250362,0.63464993,0.8666959,0.45650312,0.51881146,0.6351726,0.7311749,0.54092574,0.7866611,0.5772008,0.43524975,0.45589197,0.67437315,0.5047819,0.28226703,0.5849024,0.6572462,0.7335279,0.47429648,0.48466155,0.56230855,0.5727628,0.8259257,0.8062656,0.5787707,0.59323835,0.8709135,0.6217673,0.57533467,0.4948269,0.47575843,0.59608865,0.5642891,0.50146115,0.6295471,0.63662636,0.66598743,0.7109407,0.7423559,0.81771976,0.7211121,0.5551086,0.66450727,0.7117333,0.54007804,0.870206,0.5887414,0.6592265,0.56072724,0.63026714,0.31352922,0.57721794,0.624885,0.63211274,0.73555565,0.8646374,0.55596364,0.6047005,0.23169692,0.82078075,0.72423303,0.60661477,0.6694869,0.47464815,0.7177725,0.64949805,0.6662614,0.8004483,0.7201722,0.597062,0.5469444,0.68921065,0.70768934,0.8548473,0.5839603,0.5551086,0.6478089,0.7945986,0.86139935,0.5082037,0.90324074,0.6153175,0.6078917,0.57745826,0.7850241,0.63163817,0.5822159,0.63205487,0.8446367,0.4402914,0.84334356,0.59673476,0.65207535,0.6337214,0.5562353,0.36949223,0.7665501,0.34486675,0.33139697,0.33586228,0.42359197,1.0000007,0.16527835,0.63755745,0.55258626,0.3646335,0.6652059,0.6652059,0.81103814,0.7693636,0.69162524,0.59505415,0.511327,0.8581179,0.7914442,0.2201425,0.53991365,0.40548977,0.3149018,0.8419741,0.56975496,0.80260605,0.63392663,0.454804,0.4640224
tw,0.68088365,0.42016986,0.41351107,0.60708773,0.274178,0.8075589,0.61749774,0.5015545,0.34427062,0.5073986,0.46332434,0.66800165,0.24019502,0.43519917,0.40096194,0.5227261,0.38552892,0.38998967,0.32940143,0.6391008,0.39234674,0.5720723,0.7324446,0.57329434,0.6493679,0.59061414,0.7998506,0.62673944,0.4861829,0.34597442,0.30424288,0.33166796,0.68097377,0.68381506,0.44925126,0.5871356,0.46430743,0.70692575,0.116515115,0.40916398,0.5712539,0.7001708,0.73805916,0.4336119,0.2632357,0.71296483,0.6661928,0.8403829,0.5291391,0.56790006,0.43956932,0.39961785,0.34805164,0.23657107,0.5999982,0.6420746,0.66163945,0.41226578,0.7110351,0.34089786,0.59593856,0.47448817,0.5581281,0.41275108,0.47936544,0.35286796,0.5240542,0.7254972,0.61014605,0.50176406,0.40867823,0.2847572,0.4621788,0.57365865,0.5807912,0.41989616,0.6268859,0.62259215,0.42176566,0.47560465,0.6007355,0.6292392,0.6495736,0.46779245,0.6459797,0.49709547,0.6702599,0.648026,0.5009416,0.47604555,0.39360327,0.5938046,0.45213068,0.27875638,0.45387805,0.3313435,0.4747891,0.4840147,0.7980878,0.21365947,0.32901114,0.49215534,0.660598,0.53932214,0.5907401,0.596468,0.49010417,0.8247974,0.47206414,0.4677945,0.46957457,0.61359346,0.38250214,0.56338596,0.6113756,0.4412395,0.37887788,0.61036223,0.44637445,0.8130036,0.52075034,0.53132397,0.47996765,0.5955142,0.64208233,0.5428121,0.5384524,0.28467622,0.20669281,0.57398957,0.63581264,0.43344718,0.7557552,0.69539475,0.67785925,0.3801603,0.58982116,0.4265615,0.6610037,0.32924995,0.83068407,0.5924573,0.66241735,0.78174025,0.5807912,0.52928895,0.40379363,0.7537809,0.63462025,0.6141861,0.62835497,0.27271828,0.2838007,0.37535566,0.47027618,0.23971862,0.69034386,0.5248046,0.6585169,0.5182297,0.58120084,0.6887205,0.53895545,0.5224611,0.43751165,0.46062943,0.33409765,0.33778697,0.3536777,0.47625065,0.68381506,0.59013474,0.28172714,0.7289881,0.22768597,0.5654488,0.5547653,0.6721255,0.65060735,0.59798056,0.5976005,0.33944744,0.69826365,0.43006125,0.28559357,0.6335348,0.35467815,0.73575574,0.22967993,0.44442207,0.64125896,0.55692655,0.66685,0.5339626,0.58333606,0.4676813,0.19018999,0.42035595,0.5873337,0.46175787,0.33354196,0.617794,0.25934914,0.5800646,0.68381506,0.59791815,0.33492133,0.47859544,0.630813,0.36740267,0.58722854,0.3741766,0.43306878,0.3581976,0.48118007,0.37451288,0.5865529,0.26732278,0.6603585,0.3475846,0.48488247,0.5877441,0.4782504,0.49767166,0.7963416,0.24056615,0.786939,0.772459,0.82527673,0.73987055,0.16527835,0.99999875,0.22820899,0.61133593,0.62098426,0.66840243,0.66840243,0.45940286,0.46987158,0.5563818,0.46573257,0.60008997,0.2766781,0.57855076,0.810338,0.43029433,0.84466064,0.9581796,0.40300792,0.47467571,0.59607357,0.42361212,0.39292938,0.55307376
tz,0.3956202,0.43378985,0.45694312,0.3718503,0.5402384,0.17102155,0.39389497,0.23606655,0.6692324,0.7050881,0.45739,0.47290784,0.5028591,0.66820616,0.57102764,0.54305977,0.54621565,0.54583496,0.6344311,0.41777027,0.5245592,0.5074805,0.45018306,0.49906075,0.46203825,0.68950415,0.4316162,0.55777615,0.5373945,0.56688887,0.6475077,0.5733714,0.50597084,0.44539496,0.6688803,0.45784923,0.44964692,0.46667498,0.57409924,0.7141885,0.51397353,0.44374657,0.28960854,0.6196364,0.54021484,0.441904,0.46346718,0.3349774,0.5022196,0.5321566,0.5613965,0.5668827,0.53901696,0.6040246,0.7051667,0.43957525,0.30239624,0.584735,0.43896532,0.6188363,0.5805916,0.6480252,0.52365327,0.54232955,0.44744927,0.49714345,0.63380796,0.42965,0.4813312,0.6120566,0.6686946,0.53387886,0.71538824,0.63146365,0.47193956,0.67167664,0.60398775,0.59521186,0.53900325,0.58631617,0.49476445,0.46530908,0.5665023,0.5653222,0.5829461,0.519325,0.5285938,0.46648443,0.50211674,0.54212314,0.307286,0.5192854,0.6437522,0.532119,0.69649136,0.51148087,0.54584074,0.6341237,0.33178535,0.4440282,0.693529,0.54213864,0.3688962,0.57606256,0.54889,0.59555316,0.6621864,0.32845938,0.5896397,0.59357476,0.44964454,0.5355962,0.5946052,0.55639154,0.6823038,0.3764059,0.49649996,0.68031615,0.3771712,0.21528442,0.42106587,0.5278654,0.59074277,0.5902935,0.47263253,0.7017059,0.44841138,0.5543751,0.7150166,0.34301928,0.5407188,0.70779306,0.35523924,0.5111275,0.53129953,0.59158266,0.5067379,0.635218,0.47652876,0.3349321,0.39252907,0.58397955,0.43616453,0.28237557,0.47193956,0.54838336,0.5863927,0.4311054,0.50870246,0.5160207,0.45035452,0.6592337,0.5810629,0.46488288,0.5392109,0.52689725,0.49578372,0.51013863,0.36765504,0.45333466,0.5304881,0.49479678,0.44730204,0.60578406,0.5293951,0.6100056,0.6225452,0.629385,0.6451505,0.5807789,0.44539496,0.50705063,0.5032232,0.5085153,0.53412426,0.46608,0.65182954,0.45750755,0.5364302,0.23071589,0.4229023,0.4833718,0.5073735,0.67956007,0.5531829,0.42116636,0.50618345,0.27025464,0.6880556,0.59160066,0.472747,0.48613617,0.42533672,0.61281866,0.48415545,0.566174,0.66974527,0.49021262,0.64079666,0.41976386,0.59779966,0.61327875,0.54699403,0.40231025,0.44539496,0.48996082,0.68984705,0.70686984,0.51164603,0.67858434,0.53413,0.517085,0.5643688,0.6207418,0.5397181,0.4960723,0.51032156,0.54725254,0.41527689,0.63554907,0.5149401,0.5183022,0.5182256,0.43805125,0.33406067,0.678142,0.2532401,0.35190168,0.28017175,0.3987497,0.63755745,0.22820899,0.9999996,0.48158392,0.321525,0.5601544,0.5601544,0.65407896,0.59731793,0.6748491,0.5517724,0.45836106,0.545831,0.698224,0.19943261,0.4993822,0.38461012,0.34798953,0.6344109,0.43850106,0.69328654,0.58709633,0.49276578,0.45435068
ua,0.5795427,0.550629,0.5416726,0.6198054,0.42679495,0.46236306,0.65191495,0.19209194,0.66334426,0.7436218,0.5670779,0.6378662,0.423087,0.7640801,0.6083813,0.7809418,0.43763223,0.5665052,0.61330575,0.5664878,0.40828207,0.6694339,0.65180117,0.68128586,0.55657357,0.75447994,0.6458441,0.65267736,0.50584406,0.504007,0.6397047,0.57971597,0.6852118,0.6010572,0.6953066,0.4846345,0.5523782,0.609748,0.50775176,0.5618565,0.75081265,0.7164765,0.5477527,0.679817,0.44523722,0.72525465,0.6332949,0.5685496,0.36550966,0.6232358,0.59710574,0.7046765,0.66811806,0.49818155,0.7594369,0.64515597,0.73224694,0.7211225,0.61984223,0.5837012,0.6011616,0.65144646,0.4489719,0.71599483,0.45165318,0.54727453,0.5583171,0.6246847,0.7232435,0.673156,0.67116356,0.46822226,0.74108744,0.7178392,0.5979131,0.6568215,0.7212543,0.72577965,0.65390533,0.57819676,0.64230967,0.6392676,0.6952458,0.79086864,0.7218619,0.49192816,0.67318094,0.66924876,0.5395928,0.6382817,0.5767634,0.6892723,0.68581253,0.4580693,0.71729845,0.54659426,0.44133216,0.684268,0.5966785,0.3304848,0.67542726,0.43615714,0.7918649,0.6195165,0.6038705,0.70796484,0.697522,0.5868668,0.5239852,0.6504633,0.44389534,0.7294076,0.61100715,0.65718484,0.7301422,0.55699563,0.5439836,0.73864955,0.5105517,0.4953249,0.53399026,0.5130393,0.49506,0.6224575,0.6014864,0.721937,0.6662141,0.45909286,0.63879335,0.54413575,0.6642791,0.74592584,0.8378175,0.67789316,0.70093656,0.6655735,0.54057825,0.5267878,0.6358881,0.31231266,0.62813866,0.6732107,0.59762913,0.5365419,0.5979131,0.54337883,0.5390448,0.6535833,0.64782715,0.60432935,0.6118489,0.6756777,0.5610284,0.5728044,0.64952815,0.44976744,0.67525244,0.7110745,0.58691365,0.6053789,0.6244532,0.6918051,0.7941545,0.626527,0.6778271,0.5624388,0.62590164,0.64488745,0.63755614,0.5395886,0.6010572,0.6674356,0.5335555,0.78881204,0.4102351,0.5549786,0.5616276,0.63002115,0.6562205,0.29256827,0.78062665,0.56947607,0.6784291,0.6723665,0.4551355,0.5844366,0.57646143,0.4879217,0.60713345,0.46912953,0.6335903,0.69623333,0.59670967,0.6745641,0.6412638,0.8596939,0.6240643,0.6765091,0.610638,0.4387445,0.60948896,0.68828946,0.42110297,0.59695804,0.6010572,0.64918137,0.582023,0.642296,0.6430751,0.6800492,0.6521404,0.55198807,0.63604075,0.61238915,0.42457074,0.541193,0.62363136,0.4284072,0.5812885,0.5545561,0.62668115,0.6383087,0.5530041,0.70466906,0.5769865,0.6588419,0.53153926,0.53331655,0.54257524,0.5669931,0.55258626,0.61133593,0.48158392,0.99999994,0.5512802,0.73481435,0.73481435,0.66445297,0.74543613,0.7438164,0.62473655,0.48945037,0.46214682,0.7498719,0.48452377,0.42968437,0.6051637,0.6916132,0.6637938,0.45317668,0.7655949,0.45085895,0.6123351,0.57533216
ug,0.6031227,0.45835873,0.54066366,0.66954017,0.3540441,0.6384513,0.66546905,0.52626014,0.4416059,0.5117664,0.48736414,0.59763294,0.36665472,0.49840954,0.43562114,0.54502636,0.39018068,0.43795553,0.4611616,0.6427935,0.5628122,0.57570606,0.63758814,0.6569299,0.61052924,0.59145874,0.66221505,0.6414441,0.4955421,0.43252102,0.48019645,0.3727281,0.7616672,0.5887462,0.49011514,0.5560863,0.42681786,0.6380783,0.46255744,0.37528923,0.6574884,0.6883739,0.71037215,0.621902,0.39123207,0.61577994,0.6114607,0.7354423,0.6862504,0.69693995,0.5951635,0.33403492,0.37467754,0.3832902,0.61262596,0.56484157,0.6861832,0.51051974,0.6338719,0.41482934,0.50066996,0.49988016,0.7017594,0.48732385,0.40261418,0.41827956,0.57185113,0.7545848,0.60540843,0.5620163,0.5176586,0.38651776,0.51303786,0.61513627,0.57609624,0.4824877,0.6318345,0.6580069,0.48539695,0.48211917,0.55335563,0.73442656,0.63031024,0.6588465,0.6653266,0.47745126,0.5480762,0.6145551,0.527869,0.64147425,0.4199967,0.59767276,0.47701192,0.3836819,0.51739925,0.3485726,0.6194288,0.5971255,0.7450824,0.30546492,0.38153875,0.4167216,0.52370745,0.535871,0.63491946,0.6340301,0.46219465,0.7305355,0.48357886,0.52721304,0.40690196,0.61034465,0.39024785,0.6001937,0.6050599,0.5566974,0.4484332,0.5806945,0.5139709,0.7185621,0.48776522,0.60309863,0.50633824,0.54562634,0.6286765,0.5488615,0.5467827,0.39779237,0.3375179,0.5815991,0.62459075,0.4702916,0.55226266,0.64826477,0.62544715,0.38164327,0.6707157,0.4513732,0.60051405,0.33996516,0.73588014,0.62663543,0.5701637,0.7075506,0.57609624,0.54238015,0.40088934,0.7127446,0.66303396,0.7330332,0.5963629,0.444895,0.3495795,0.497817,0.5369997,0.34884986,0.6271531,0.43917614,0.63564396,0.568761,0.5706012,0.61139286,0.65824723,0.5097168,0.47887847,0.481527,0.45275947,0.49873862,0.3414025,0.45967346,0.5887462,0.6437664,0.25936583,0.7314552,0.34548506,0.5655463,0.534789,0.6845986,0.6388605,0.45455247,0.5222483,0.45060104,0.63103485,0.48907182,0.39881644,0.60622054,0.44709295,0.626517,0.33453006,0.42163292,0.5586009,0.486727,0.6199106,0.6280952,0.56977355,0.40810275,0.4344634,0.40628535,0.54295087,0.4165587,0.39181367,0.649468,0.35531095,0.5350489,0.5887462,0.60388976,0.41250822,0.5329379,0.6450727,0.42301401,0.71998996,0.3996067,0.5641781,0.31646413,0.5001674,0.36358932,0.65631753,0.37385204,0.6225004,0.40707782,0.6832277,0.73496956,0.49632916,0.52246875,0.6900662,0.45991105,0.70926404,0.6083118,0.70710015,0.6202853,0.3646335,0.62098426,0.321525,0.5512802,0.99999964,0.61687994,0.61687994,0.5331632,0.4568589,0.6945861,0.5584874,0.6646449,0.39316234,0.6011439,0.71394324,0.47312996,0.6567977,0.62564147,0.404863,0.41609624,0.5951407,0.4332557,0.5458252,0.69792783
um,0.73655343,0.6191663,0.6470108,0.687453,0.58114135,0.58029306,0.6926714,0.4755451,0.76002586,0.8420044,0.7139166,0.7710346,0.5553683,0.7989716,0.68186355,0.7265929,0.6591916,0.66423774,0.6627164,0.71379036,0.6370312,0.7195704,0.74726653,0.7811838,0.75590795,0.8442365,0.76956916,0.72944957,0.6542633,0.6657513,0.63746506,0.6552185,0.7799187,0.7887042,0.78193986,0.6670604,0.71706057,0.72982895,0.42779344,0.6836438,0.71985227,0.7879966,0.70226616,0.7189507,0.5828948,0.8039865,0.7578171,0.72504836,0.658431,0.7361787,0.7010858,0.7334853,0.64172155,0.61602324,0.8623554,0.7697991,0.6085048,0.71767867,0.75511515,0.69061637,0.7703039,0.78115416,0.6872302,0.675576,0.62553585,0.6063454,0.70768964,0.73240024,0.7009413,0.76828134,0.80535704,0.6022553,0.8388223,0.81690407,0.75551146,0.72743726,0.81247234,0.81532115,0.7512122,0.6809888,0.7487873,0.72344154,0.78883123,0.6381924,0.8103788,0.6453323,0.7506149,0.78524184,0.6664422,0.6784346,0.51265365,0.752201,0.7930038,0.58196074,0.82362807,0.6786252,0.67001164,0.7356542,0.7521883,0.51592463,0.7394991,0.693239,0.74231106,0.7701687,0.78473383,0.83156276,0.7841007,0.7506176,0.7080881,0.721639,0.6196127,0.7604515,0.73260665,0.7840654,0.8376092,0.5813297,0.60737765,0.8353508,0.50111157,0.6361752,0.6641782,0.8107941,0.7310043,0.63507485,0.7039404,0.83184797,0.70236176,0.5888994,0.6841104,0.6915128,0.79954517,0.7985611,0.7171061,0.7404659,0.83281744,0.6721491,0.6955248,0.74994457,0.7922689,0.4499117,0.77765447,0.8172463,0.7375134,0.6356063,0.75551146,0.6892761,0.6860039,0.7552301,0.73856217,0.74766934,0.7097461,0.7163614,0.68419886,0.5588123,0.6963748,0.5718114,0.76874995,0.68974084,0.7118623,0.6519438,0.7623608,0.7707082,0.628716,0.71180624,0.65510076,0.69387823,0.67237103,0.7097705,0.72518134,0.7395384,0.7887042,0.7493715,0.5944667,0.7739914,0.5484802,0.70654976,0.7093256,0.76651967,0.81055415,0.57761455,0.69068,0.56273156,0.7793612,0.71185404,0.58851653,0.7503958,0.61782074,0.6421249,0.6660947,0.7152063,0.7062701,0.7373072,0.7428827,0.7903297,0.72109497,0.698286,0.64819145,0.67120314,0.7633559,0.6316937,0.6535439,0.83876884,0.56723183,0.6858433,0.7887042,0.73407185,0.7187166,0.8026046,0.75191253,0.78576,0.7777891,0.5990825,0.6350751,0.70528984,0.66131896,0.5939878,0.7222843,0.57357466,0.72489125,0.6827819,0.6454929,0.75394255,0.67785674,0.6777096,0.72333604,0.61897427,0.6981956,0.60316825,0.6962065,0.7181862,0.6652059,0.66840243,0.5601544,0.73481435,0.61687994,0.99999964,0.99999964,0.7601486,0.7607409,0.80900055,0.67792374,0.6809582,0.583375,0.84807116,0.628718,0.5946938,0.7344822,0.7765979,0.7639261,0.6279706,0.85505235,0.6576848,0.56888765,0.61203
us,0.73655343,0.6191663,0.6470108,0.687453,0.58114135,0.58029306,0.6926714,0.4755451,0.76002586,0.8420044,0.7139166,0.7710346,0.5553683,0.7989716,0.68186355,0.7265929,0.6591916,0.66423774,0.6627164,0.71379036,0.6370312,0.7195704,0.74726653,0.7811838,0.75590795,0.8442365,0.76956916,0.72944957,0.6542633,0.6657513,0.63746506,0.6552185,0.7799187,0.7887042,0.78193986,0.6670604,0.71706057,0.72982895,0.42779344,0.6836438,0.71985227,0.7879966,0.70226616,0.7189507,0.5828948,0.8039865,0.7578171,0.72504836,0.658431,0.7361787,0.7010858,0.7334853,0.64172155,0.61602324,0.8623554,0.7697991,0.6085048,0.71767867,0.75511515,0.69061637,0.7703039,0.78115416,0.6872302,0.675576,0.62553585,0.6063454,0.70768964,0.73240024,0.7009413,0.76828134,0.80535704,0.6022553,0.8388223,0.81690407,0.75551146,0.72743726,0.81247234,0.81532115,0.7512122,0.6809888,0.7487873,0.72344154,0.78883123,0.6381924,0.8103788,0.6453323,0.7506149,0.78524184,0.6664422,0.6784346,0.51265365,0.752201,0.7930038,0.58196074,0.82362807,0.6786252,0.67001164,0.7356542,0.7521883,0.51592463,0.7394991,0.693239,0.74231106,0.7701687,0.78473383,0.83156276,0.7841007,0.7506176,0.7080881,0.721639,0.6196127,0.7604515,0.73260665,0.7840654,0.8376092,0.5813297,0.60737765,0.8353508,0.50111157,0.6361752,0.6641782,0.8107941,0.7310043,0.63507485,0.7039404,0.83184797,0.70236176,0.5888994,0.6841104,0.6915128,0.79954517,0.7985611,0.7171061,0.7404659,0.83281744,0.6721491,0.6955248,0.74994457,0.7922689,0.4499117,0.77765447,0.8172463,0.7375134,0.6356063,0.75551146,0.6892761,0.6860039,0.7552301,0.73856217,0.74766934,0.7097461,0.7163614,0.68419886,0.5588123,0.6963748,0.5718114,0.76874995,0.68974084,0.7118623,0.6519438,0.7623608,0.7707082,0.628716,0.71180624,0.65510076,0.69387823,0.67237103,0.7097705,0.72518134,0.7395384,0.7887042,0.7493715,0.5944667,0.7739914,0.5484802,0.70654976,0.7093256,0.76651967,0.81055415,0.57761455,0.69068,0.56273156,0.7793612,0.71185404,0.58851653,0.7503958,0.61782074,0.6421249,0.6660947,0.7152063,0.7062701,0.7373072,0.7428827,0.7903297,0.72109497,0.698286,0.64819145,0.67120314,0.7633559,0.6316937,0.6535439,0.83876884,0.56723183,0.6858433,0.7887042,0.73407185,0.7187166,0.8026046,0.75191253,0.78576,0.7777891,0.5990825,0.6350751,0.70528984,0.66131896,0.5939878,0.7222843,0.57357466,0.72489125,0.6827819,0.6454929,0.75394255,0.67785674,0.6777096,0.72333604,0.61897427,0.6981956,0.60316825,0.6962065,0.7181862,0.6652059,0.66840243,0.5601544,0.73481435,0.61687994,0.99999964,0.99999964,0.7601486,0.7607409,0.80900055,0.67792374,0.6809582,0.583375,0.84807116,0.628718,0.5946938,0.7344822,0.7765979,0.7639261,0.6279706,0.85505235,0.6576848,0.56888765,0.61203
uy,0.61902386,0.5965197,0.5699553,0.5643585,0.72507775,0.44719717,0.64860415,0.48190194,0.80013084,0.87355447,0.64079666,0.6927583,0.72813725,0.86256677,0.6569723,0.7370515,0.6657707,0.6658065,0.7010142,0.5539449,0.6877767,0.7704147,0.73040277,0.7590808,0.63319063,0.88380396,0.6931321,0.7028345,0.63654524,0.7821912,0.6888091,0.6243658,0.7274203,0.6364289,0.80544335,0.65287673,0.74290234,0.6799784,0.52391744,0.7478756,0.7057769,0.6639974,0.58510274,0.7674675,0.74126804,0.70299095,0.6375923,0.60726833,0.6752395,0.7242349,0.72936654,0.7504879,0.70220584,0.6477416,0.8857067,0.7311138,0.454522,0.81492656,0.72605103,0.60344344,0.6909943,0.7256153,0.694104,0.70895016,0.59512055,0.5547415,0.7197464,0.62781924,0.62934417,0.8195267,0.8670547,0.75515926,0.90612304,0.85819626,0.67773443,0.730407,0.8302458,0.8282184,0.794486,0.76233673,0.7115638,0.651983,0.79533106,0.66235125,0.8321918,0.61647534,0.7597851,0.77763486,0.6693415,0.67352486,0.46005163,0.67238724,0.694706,0.7500694,0.8687274,0.75855696,0.65778375,0.7503397,0.6393078,0.68543655,0.80427736,0.6812781,0.65266705,0.7495038,0.7161256,0.77839994,0.9107006,0.6376219,0.7232872,0.80225074,0.59162354,0.70604837,0.73076445,0.7329796,0.853024,0.57065797,0.550567,0.85975206,0.48240322,0.4853838,0.66812956,0.7090532,0.7234447,0.5749051,0.665336,0.877275,0.60316265,0.7547374,0.80092204,0.6209948,0.75856644,0.8679297,0.6293621,0.74513614,0.7526821,0.7036766,0.708988,0.77289915,0.7285241,0.48124462,0.6799489,0.7558598,0.6403161,0.5498992,0.67773443,0.75099224,0.70718837,0.6894064,0.6467185,0.72754836,0.70511305,0.783999,0.7377424,0.6425522,0.6715032,0.748888,0.7803909,0.656924,0.648175,0.55591875,0.7026643,0.68975335,0.65366316,0.6876539,0.6625724,0.6969338,0.72355485,0.74034953,0.7629238,0.7277961,0.6364289,0.74608815,0.73969764,0.6780699,0.7410145,0.70074487,0.7668972,0.70742613,0.7602689,0.44284576,0.7040526,0.6596158,0.7916709,0.76643384,0.7484533,0.6744204,0.5808829,0.4592394,0.75960195,0.7218985,0.7494573,0.755334,0.616684,0.8039353,0.77813053,0.7147275,0.7523036,0.73580444,0.6902604,0.5658725,0.71152174,0.7916783,0.73779655,0.7229497,0.6364289,0.79054093,0.75612575,0.89638245,0.6520293,0.86767477,0.7548852,0.6107632,0.62943554,0.73097515,0.7119868,0.5697366,0.7140314,0.7365948,0.58919704,0.81435674,0.6512306,0.75765616,0.6705234,0.5905123,0.5942236,0.73783636,0.5637613,0.60833585,0.57823426,0.6239686,0.81103814,0.45940286,0.65407896,0.66445297,0.5331632,0.7601486,0.7601486,1.0000001,0.77650994,0.8049258,0.66085696,0.68605274,0.74703246,0.8853439,0.47701627,0.62550706,0.61469257,0.58882725,0.81934136,0.5984359,0.8999888,0.65667856,0.5424785,0.54503185
uz,0.59640235,0.82396585,0.6038287,0.5479338,0.7257582,0.34775966,0.4963311,0.46004158,0.85711104,0.9377258,0.76570237,0.8127556,0.6716845,0.86426824,0.74933404,0.86528456,0.6346572,0.62416327,0.7492588,0.5486238,0.6415475,0.68649524,0.67907953,0.7167559,0.62716633,0.8144587,0.6792421,0.6746444,0.7484937,0.72627556,0.7518988,0.75082874,0.6887275,0.680596,0.7709788,0.6469368,0.692176,0.5948587,0.57636106,0.7275148,0.7582733,0.6702098,0.57981044,0.73090065,0.6989989,0.752575,0.63979465,0.54441977,0.5595322,0.69728637,0.7116843,0.7733978,0.70215106,0.69126034,0.83677846,0.7295852,0.46137702,0.8803191,0.7146148,0.7658924,0.77023786,0.7316143,0.59086746,0.4869374,0.8119047,0.7814818,0.6444347,0.6459378,0.72417873,0.64449835,0.822808,0.73256445,0.8860685,0.73357207,0.6636389,0.81430435,0.7340149,0.73776233,0.78383523,0.75902724,0.7418557,0.5843743,0.6993087,0.650299,0.7230099,0.71803546,0.8072912,0.77954847,0.6840602,0.64483476,0.53813964,0.7901122,0.84335065,0.7088389,0.8384,0.72625846,0.6125753,0.77232397,0.6094737,0.6061571,0.93482953,0.76510847,0.7298453,0.8818865,0.6118705,0.7686443,0.8726065,0.5895517,0.8365713,0.7639359,0.8056165,0.85802495,0.82824016,0.7202347,0.809378,0.5260045,0.75983375,0.7939466,0.5768045,0.44029874,0.73329645,0.6230498,0.7034494,0.5533362,0.71051574,0.8147445,0.7630586,0.70916665,0.81942445,0.57519746,0.7749363,0.85580355,0.64150316,0.65609527,0.72365004,0.91300493,0.50723785,0.83016276,0.8025395,0.29318547,0.61019874,0.6646436,0.6116233,0.47399876,0.6636389,0.7112269,0.77136886,0.6486228,0.6378122,0.6200824,0.65936583,0.8372396,0.7626634,0.6700334,0.63963723,0.7150892,0.73299223,0.6623254,0.55797476,0.63789177,0.66461015,0.6341754,0.54568475,0.7089378,0.82409835,0.8133902,0.70040995,0.7376059,0.94254076,0.86114967,0.680596,0.7164107,0.7430683,0.6907383,0.68800336,0.6791765,0.7151004,0.6629393,0.785573,0.45794392,0.7474244,0.6448305,0.7969043,0.7968911,0.72459126,0.6348336,0.8015846,0.46967307,0.78518564,0.8219064,0.69861054,0.760851,0.61193126,0.59725827,0.6639074,0.8444014,0.7850889,0.78653425,0.7145629,0.75858366,0.7803474,0.71142673,0.7153189,0.6285078,0.680596,0.6886495,0.8905853,0.845146,0.6361566,0.87031054,0.67849964,0.6954801,0.7539559,0.935136,0.65276915,0.87812924,0.68676764,0.7187271,0.58416194,0.7730659,0.6619978,0.5824169,0.8164497,0.656076,0.54484254,0.7277509,0.53576064,0.559859,0.5295483,0.5813377,0.7693636,0.46987158,0.59731793,0.74543613,0.4568589,0.7607409,0.7607409,0.77650994,1.0000006,0.753993,0.6321814,0.4772154,0.71053314,0.7953514,0.43404713,0.547096,0.61917746,0.59163445,0.834211,0.81744885,0.8202557,0.6237277,0.5645711,0.55680305
va,0.6635693,0.64491427,0.67499995,0.6474198,0.58144265,0.6193743,0.70809954,0.5531686,0.715514,0.83425283,0.65125966,0.75646,0.5752974,0.7709951,0.7348883,0.7597666,0.59047997,0.64836264,0.69704837,0.73552436,0.74728256,0.7774675,0.7332458,0.80815965,0.73734444,0.88219047,0.747135,0.8189455,0.7670856,0.72964513,0.72899055,0.6677018,0.897752,0.69884473,0.7857294,0.7323043,0.6211164,0.7637747,0.6594376,0.65449685,0.7583798,0.7885071,0.7045244,0.8425317,0.6155181,0.7807591,0.7384752,0.76069546,0.7761053,0.73209214,0.7159294,0.61907053,0.5737649,0.6177492,0.8977723,0.7538016,0.645231,0.76362693,0.73891556,0.703058,0.6976795,0.83104336,0.80277914,0.65044826,0.64035535,0.62214833,0.7965136,0.7991331,0.74626935,0.8005247,0.8202691,0.6071889,0.82568854,0.860639,0.6920829,0.7808315,0.8579851,0.8651674,0.7232747,0.77183825,0.7542829,0.7944615,0.8403821,0.81325835,0.8683052,0.75086766,0.78744894,0.8089496,0.719701,0.8104369,0.533085,0.7309382,0.7536962,0.59566426,0.8070587,0.584743,0.7833536,0.8288027,0.76756436,0.50149274,0.72611433,0.6846187,0.6408989,0.78669083,0.78809553,0.82128876,0.7822407,0.76009345,0.7662253,0.77945507,0.6378778,0.76014656,0.67513543,0.7687731,0.8649749,0.67878944,0.6338367,0.8672987,0.5730594,0.6814366,0.62706006,0.7576393,0.7652805,0.64822745,0.71873534,0.86078405,0.67918193,0.60360783,0.6834612,0.65920234,0.78041756,0.7909103,0.65282613,0.84180725,0.7967972,0.6626826,0.79892737,0.75583637,0.7593025,0.55722284,0.80770886,0.80673474,0.66458917,0.72777635,0.6920829,0.7133094,0.6086807,0.8333132,0.7907765,0.8404906,0.7364579,0.7267916,0.58400583,0.6835885,0.74273765,0.5860144,0.72435087,0.7465092,0.73000145,0.67680234,0.72691363,0.7562455,0.7262804,0.68439925,0.72130084,0.772136,0.71834403,0.7312528,0.6788088,0.72977185,0.69884473,0.76216847,0.53788996,0.84380996,0.571432,0.793225,0.74169034,0.7808508,0.7837344,0.56165886,0.6614855,0.58361906,0.8160237,0.75720406,0.6034727,0.65233725,0.640794,0.62910956,0.6661267,0.7131901,0.69204897,0.68095195,0.6934622,0.8013047,0.7438618,0.70222384,0.69979244,0.6199296,0.7600697,0.6305873,0.71139044,0.8382153,0.5820996,0.6632845,0.69884473,0.7802093,0.7256429,0.84476477,0.77237386,0.7356926,0.78753227,0.55798227,0.7570429,0.650849,0.66649574,0.6027303,0.7698859,0.5958344,0.69608206,0.69039655,0.7563217,0.763588,0.7106957,0.61253226,0.74587715,0.7469108,0.70184064,0.6392348,0.7083258,0.7124853,0.69162524,0.5563818,0.6748491,0.7438164,0.6945861,0.80900055,0.80900055,0.8049258,0.753993,1.0000014,0.73190075,0.7439982,0.59784734,0.8878008,0.6708342,0.7073811,0.7190977,0.6551268,0.69191825,0.6394143,0.88598704,0.6938304,0.71931756,0.680629
vc,0.75813806,0.49607182,0.76490265,0.5124174,0.5174786,0.4257802,0.60292006,0.44744885,0.7226019,0.7025325,0.5321909,0.61417174,0.49192187,0.65614176,0.6532054,0.6215699,0.73621136,0.79117084,0.6785827,0.71464443,0.63176423,0.67054296,0.61865276,0.695565,0.67765,0.71760523,0.6131165,0.7078582,0.63062906,0.58891046,0.71598554,0.5833757,0.71023583,0.5808027,0.6752253,0.5643769,0.5727805,0.6557162,0.5558185,0.5124963,0.6342423,0.6920014,0.5607661,0.7348618,0.51001775,0.67312837,0.67494345,0.5752201,0.65593356,0.5880976,0.56045765,0.51172817,0.47784758,0.6036054,0.7430426,0.68354964,0.49817047,0.6460222,0.62630665,0.62310284,0.6000303,0.64203435,0.6735389,0.54803085,0.5296254,0.48817492,0.6186091,0.624093,0.56300235,0.6083472,0.68744624,0.5351291,0.7136103,0.66999334,0.6957446,0.64431393,0.70051485,0.70712197,0.59894896,0.64200526,0.60019433,0.739778,0.68389153,0.6552191,0.709575,0.6068796,0.637339,0.6592687,0.6209533,0.7932065,0.5219575,0.6840035,0.63638866,0.52935934,0.7855328,0.4723183,0.69743174,0.7130871,0.6029817,0.39957893,0.6169328,0.5501046,0.566023,0.65520626,0.6359717,0.7609638,0.6566347,0.5854343,0.64881146,0.6517217,0.52222013,0.633687,0.62868166,0.724093,0.72129387,0.5651728,0.46862733,0.7007712,0.46842542,0.52108634,0.48135543,0.6196532,0.65319055,0.5841039,0.5720482,0.70889854,0.610977,0.5319407,0.6085969,0.5516939,0.64697254,0.6997208,0.49584448,0.7185937,0.687196,0.55738556,0.6886532,0.6329528,0.60789466,0.4667604,0.62875503,0.65616333,0.7537616,0.5546765,0.6957446,0.61523503,0.49760196,0.65606815,0.75155574,0.7154068,0.4364154,0.6625007,0.6031726,0.50639796,0.67812103,0.51598734,0.6561865,0.6152384,0.5452597,0.5669472,0.7102254,0.6202369,0.60754025,0.58644915,0.5851693,0.65879196,0.8007335,0.76776,0.57015175,0.60443807,0.58080274,0.6685144,0.44501233,0.74397963,0.48931903,0.6157293,0.6305344,0.6747937,0.64534,0.47299907,0.48028752,0.43012848,0.66966724,0.5844505,0.5484944,0.6304709,0.50143033,0.5417218,0.63126045,0.5925753,0.5575367,0.5929,0.7587491,0.69227064,0.6380379,0.5955619,0.68630713,0.5856815,0.7113055,0.5453025,0.64919615,0.68625903,0.51566553,0.5641576,0.5808027,0.65500134,0.6201877,0.71395,0.75910956,0.6383318,0.6410587,0.5203129,0.6405547,0.5455178,0.51688325,0.50138044,0.6132425,0.53650045,0.75170994,0.62345576,0.64259404,0.6397549,0.59684384,0.69130075,0.6470424,0.64882725,0.54335284,0.52974784,0.5451232,0.5412525,0.59505415,0.46573257,0.5517724,0.62473655,0.5584874,0.67792374,0.67792374,0.66085696,0.6321814,0.73190075,1.0000005,0.6432716,0.5354677,0.728093,0.50776625,0.5859663,0.5922005,0.53969204,0.62211156,0.52701885,0.7263755,0.5967821,0.6143837,0.5781045
ve,0.6554507,0.48241183,0.5405014,0.57976604,0.49786025,0.67182875,0.7895117,0.5599625,0.49797904,0.5953867,0.44591483,0.67781156,0.5228009,0.61188585,0.37186587,0.43585166,0.5632851,0.55822015,0.46530685,0.63301253,0.58602726,0.84480655,0.7070445,0.70481193,0.7097181,0.7332118,0.73991853,0.78011864,0.524037,0.6659685,0.46939415,0.29779336,0.7983203,0.70847255,0.60362214,0.5668957,0.5699707,0.68535024,0.42260927,0.4926123,0.576306,0.6868375,0.69364876,0.6586821,0.5432787,0.71493655,0.6520885,0.7445384,0.84895676,0.5235775,0.5287491,0.36976254,0.4000003,0.5014034,0.7296636,0.75392896,0.3789087,0.57838845,0.6944182,0.42010257,0.56278384,0.59338385,0.8558154,0.45507124,0.530889,0.32179964,0.6057147,0.65678316,0.558494,0.723013,0.62574846,0.5321126,0.651186,0.7308762,0.61050653,0.40735734,0.7218621,0.7199744,0.5841967,0.64493763,0.584878,0.78015226,0.70316684,0.5714272,0.7189016,0.47799116,0.7576117,0.7539077,0.6855353,0.66111803,0.36341578,0.67832446,0.57506204,0.5397173,0.6454516,0.48155886,0.70659256,0.5705672,0.7357998,0.4799254,0.41613647,0.57527316,0.52807754,0.61690617,0.621253,0.6856012,0.5812965,0.7350729,0.6520869,0.6375343,0.5354145,0.6493282,0.42548022,0.6418337,0.7231728,0.55575526,0.33800906,0.7211372,0.2604823,0.6742859,0.36606935,0.61389035,0.6981989,0.5722947,0.52858627,0.71217287,0.54695255,0.5308684,0.45052308,0.72097504,0.7060758,0.61762697,0.57107484,0.7432728,0.677911,0.342321,0.97051555,0.55594426,0.66017914,0.53892344,0.7749158,0.62099266,0.6538082,0.70569736,0.61050653,0.64353985,0.43829137,0.7372116,0.6725443,0.89331144,0.63282377,0.4923844,0.4334136,0.5535794,0.67656565,0.5223248,0.6984757,0.5352509,0.74475384,0.31022674,0.63286984,0.626736,0.57028943,0.5350353,0.28511816,0.59134495,0.57014334,0.5599026,0.3736206,0.5535239,0.7084721,0.65912384,0.30178052,0.7065184,0.52254015,0.6571202,0.647574,0.69948727,0.69637805,0.573265,0.5382878,0.48276922,0.7829646,0.5367986,0.53491205,0.6590785,0.3344048,0.5823439,0.4040458,0.56837916,0.6554847,0.63785416,0.64279515,0.7088339,0.8644058,0.44819012,0.47501785,0.49048322,0.59344935,0.53011185,0.36688957,0.66537815,0.51152897,0.84346205,0.70847255,0.85053456,0.4848366,0.7121502,0.6762928,0.5509977,0.6119563,0.3064869,0.43004644,0.35560906,0.59845406,0.40161908,0.6124254,0.5053072,0.63651896,0.5723004,0.5913098,0.74876964,0.5441093,0.42902797,0.72266614,0.54081494,0.6937106,0.68571067,0.7017535,0.6684821,0.511327,0.60008997,0.45836106,0.48945037,0.6646449,0.6809582,0.6809582,0.68605274,0.4772154,0.7439982,0.6432716,0.9999999,0.5275757,0.7460934,0.66610086,0.53094614,0.7050922,0.64682126,0.5064448,0.53070503,0.74576443,0.61836326,0.5392425,0.61841273
vg,0.4704158,0.5642298,0.45710564,0.39677683,0.92940015,0.29919016,0.4644266,0.47226086,0.73374754,0.76823163,0.5637866,0.6038889,0.9088303,0.7602862,0.6004546,0.60853153,0.63243085,0.5405492,0.60066825,0.3706807,0.6128021,0.64558536,0.59421813,0.623474,0.4562288,0.7183027,0.660985,0.5408799,0.57583183,0.7130996,0.59623164,0.5623567,0.5389252,0.581965,0.7302861,0.55840266,0.58727366,0.52978015,0.4499082,0.65324163,0.5864755,0.41716814,0.4418367,0.6272685,0.9069731,0.5497489,0.47377533,0.4570498,0.5637833,0.6479076,0.65221465,0.6127337,0.63081926,0.5837477,0.7297451,0.6034899,0.22228502,0.73530966,0.57609683,0.5443461,0.51382875,0.5457343,0.5586015,0.4986622,0.59433657,0.5130578,0.5956277,0.48126093,0.4864112,0.65027595,0.8270685,0.94938445,0.78323764,0.6824923,0.5376458,0.6102687,0.6884372,0.68559957,0.72302556,0.6842169,0.6562437,0.50429577,0.6418196,0.4532126,0.66649395,0.5604291,0.6555031,0.64679784,0.63373846,0.52997637,0.36443666,0.55151534,0.71596,0.9629419,0.740719,0.6474589,0.541742,0.6327877,0.4896067,0.8784599,0.7330837,0.64216924,0.52614045,0.67864555,0.5357158,0.6118542,0.7298737,0.49169272,0.67508334,0.7644232,0.6024525,0.59002054,0.6952552,0.57265866,0.6855741,0.46154785,0.5105701,0.7164178,0.40554732,0.3354161,0.5978236,0.5633422,0.61193764,0.4060658,0.62668025,0.71903765,0.49327618,0.97236896,0.70429873,0.4987256,0.63717777,0.7475506,0.47409198,0.5190698,0.5940273,0.6600208,0.54344064,0.7148437,0.5892199,0.3740565,0.52101344,0.56856704,0.48857874,0.35622713,0.5376458,0.653773,0.64806724,0.5060843,0.45144427,0.5474944,0.58057284,0.6602698,0.6904763,0.55630445,0.511606,0.94359666,0.6611832,0.50974774,0.5018169,0.4191715,0.548264,0.47631788,0.4359577,0.549156,0.58640796,0.62379247,0.59750426,0.6129393,0.722158,0.68242294,0.5819654,0.6352737,0.60720754,0.52553916,0.9410765,0.5761888,0.7266262,0.56058496,0.63715726,0.38751537,0.5824711,0.60299474,0.6898405,0.68242013,0.9621634,0.5469197,0.53004634,0.28421047,0.6774248,0.69134796,0.6421403,0.63946223,0.45547828,0.61514014,0.6552821,0.5950422,0.66130954,0.64502615,0.5642384,0.54937536,0.6173463,0.62324274,0.95422,0.60863423,0.581965,0.6605158,0.68764246,0.79868966,0.46558017,0.77524334,0.57854766,0.5353069,0.5086377,0.7046563,0.6280625,0.5549908,0.60809594,0.9434897,0.4217823,0.82100546,0.5774347,0.61831474,0.61802155,0.5015503,0.42424738,0.63399005,0.42352283,0.5262837,0.42823073,0.4550581,0.8581179,0.2766781,0.545831,0.46214682,0.39316234,0.583375,0.583375,0.74703246,0.71053314,0.59784734,0.5354677,0.5275757,1.0,0.70971376,0.3307649,0.48846042,0.50375026,0.37518227,0.73114944,0.5967774,0.72959316,0.56999844,0.34788036,0.47437954
vi,0.70156914,0.6162213,0.59887165,0.6028178,0.68571734,0.57055634,0.7222918,0.50522053,0.78066933,0.90727955,0.6391511,0.7529088,0.69183636,0.8752699,0.73155856,0.7760466,0.6758825,0.6995553,0.7220385,0.65114534,0.7381399,0.8047738,0.81826067,0.7770717,0.7361548,0.96019876,0.7670706,0.8001449,0.7214751,0.77440876,0.72359556,0.6689881,0.81088656,0.74185574,0.87600845,0.7376355,0.6756816,0.7511412,0.57830703,0.76693285,0.76248026,0.7577933,0.621184,0.782202,0.7033734,0.77061975,0.7611232,0.714987,0.73875666,0.75264597,0.70837826,0.7154076,0.68495584,0.68094265,0.9638461,0.7785695,0.5842681,0.82921433,0.7555016,0.7109775,0.7070263,0.79972064,0.771167,0.7519095,0.63202655,0.5948595,0.79102594,0.7201966,0.69932365,0.86874866,0.8978789,0.7035899,0.92138076,0.9105655,0.7000098,0.7909416,0.9204074,0.91243505,0.7943582,0.81523263,0.78948,0.74797827,0.88945675,0.7450515,0.91205853,0.70926166,0.8271229,0.8280245,0.74727964,0.73996764,0.49957758,0.74143326,0.83432674,0.7062779,0.8804732,0.6905054,0.73730266,0.80382466,0.705579,0.6291909,0.8065523,0.7197925,0.6679373,0.7974068,0.81435937,0.8284557,0.8644836,0.71861374,0.773545,0.84076047,0.6281863,0.7502022,0.747884,0.76309055,0.9314134,0.62791836,0.6028613,0.9553932,0.524075,0.591548,0.66067654,0.76733375,0.76301134,0.6405735,0.7402887,0.9436114,0.64127624,0.70946586,0.7834422,0.64772224,0.79504067,0.90207744,0.6875212,0.8183193,0.81775844,0.7139101,0.78306717,0.80452824,0.7608914,0.5744366,0.78143746,0.8479344,0.7348608,0.64580613,0.7000098,0.8085619,0.7280876,0.77759755,0.7425182,0.7839674,0.7426384,0.76810753,0.69704413,0.66407305,0.7380189,0.69487405,0.83206916,0.7444392,0.7265398,0.6499304,0.74125606,0.7883618,0.7104366,0.7480981,0.700712,0.770894,0.73793703,0.7372076,0.7630847,0.7607467,0.7418558,0.80187416,0.6464967,0.8137233,0.69087297,0.7589,0.7944845,0.74263215,0.79409504,0.5348407,0.7358897,0.68108696,0.8282025,0.8010298,0.718564,0.6966441,0.6181501,0.5598422,0.7581061,0.75303096,0.8082794,0.7705312,0.70486736,0.86148864,0.7989167,0.73958033,0.71110547,0.7447376,0.7741085,0.6001274,0.7181623,0.8821382,0.69654816,0.73039424,0.74185574,0.8161832,0.77407664,0.9289462,0.7411649,0.85122806,0.7790873,0.6308988,0.71275914,0.7331457,0.7513037,0.6019869,0.78611994,0.70043063,0.68356156,0.79003984,0.7257301,0.78635806,0.69312304,0.65851235,0.69116986,0.7620498,0.6253922,0.6633596,0.6628641,0.7114239,0.7914442,0.57855076,0.698224,0.7498719,0.6011439,0.84807116,0.84807116,0.8853439,0.7953514,0.8878008,0.728093,0.7460934,0.70971376,0.99999833,0.5829973,0.67586315,0.7139927,0.6965857,0.8106564,0.627782,0.9681606,0.71746147,0.6389186,0.6914721
vn,0.6818143,0.50593424,0.5035977,0.66786665,0.32254538,0.9330787,0.6680274,0.7146474,0.2868744,0.48452634,0.4649279,0.7527349,0.3111792,0.35272917,0.45284235,0.4491412,0.3697432,0.40096408,0.32384735,0.7189071,0.5925667,0.5384386,0.734533,0.61022556,0.6159601,0.57571006,0.7955217,0.6421916,0.6563103,0.4229128,0.28980437,0.3200111,0.81099117,0.7060083,0.3910215,0.7283117,0.483382,0.760658,0.2231428,0.2866722,0.54553604,0.65610886,0.8867345,0.56293863,0.32026765,0.65453666,0.6318939,0.9577989,0.6956134,0.54101986,0.45209157,0.29681578,0.22257999,0.21395376,0.60228276,0.59625137,0.68889534,0.4048869,0.79243195,0.35394472,0.5729753,0.4401633,0.698969,0.29701728,0.5958301,0.4466902,0.6164371,0.8624669,0.6042247,0.4504514,0.44409558,0.33254004,0.41414976,0.5591909,0.58085155,0.4463659,0.6141689,0.6247359,0.36621934,0.50212425,0.58972496,0.7100511,0.66365486,0.53174293,0.65956783,0.66230905,0.6456514,0.6741429,0.57901233,0.6585501,0.3781636,0.5829653,0.3935453,0.33423546,0.42954946,0.28742072,0.64651185,0.5689851,0.93686175,0.28431463,0.27649146,0.61136436,0.5616348,0.63549435,0.71328837,0.58317065,0.46610832,0.94878143,0.58083105,0.49626577,0.58806026,0.60374236,0.37316307,0.5569542,0.6271498,0.48827893,0.48679027,0.5842225,0.5018095,0.98818314,0.552064,0.68388796,0.5230779,0.51063657,0.65709984,0.54910254,0.5327224,0.3359743,0.13029581,0.65851635,0.68212014,0.35239956,0.60994995,0.7679422,0.6651118,0.34922874,0.675595,0.53021353,0.7456322,0.4781396,0.9414393,0.6754707,0.6230444,0.951558,0.58085155,0.5574132,0.29887462,0.8720648,0.6742836,0.7262622,0.67098784,0.24384762,0.21525066,0.45692214,0.516195,0.29679585,0.67962956,0.57707083,0.75840086,0.6010365,0.56484365,0.62277925,0.5305587,0.43288338,0.45079258,0.57027143,0.33725038,0.34806073,0.31121504,0.57300925,0.7060082,0.62334335,0.21497045,0.7416837,0.29001904,0.65279675,0.5693876,0.77275336,0.6972918,0.6667064,0.5264946,0.35202843,0.6869709,0.42080516,0.3402378,0.5911171,0.45571053,0.75848615,0.19338065,0.553959,0.62047863,0.46016765,0.6843714,0.5794034,0.5242002,0.32468912,0.16301773,0.28032404,0.58830816,0.54791814,0.38215983,0.6905589,0.31461027,0.51495075,0.7060083,0.5972116,0.35288632,0.48008367,0.6485733,0.30106038,0.60645306,0.31312898,0.50608945,0.3220942,0.558911,0.37684703,0.6163377,0.32793057,0.6977353,0.34575805,0.5842448,0.5727494,0.5824796,0.42408887,0.8671729,0.26638108,0.9338703,0.8035052,0.9326237,0.7825837,0.2201425,0.810338,0.19943261,0.48452377,0.71394324,0.628718,0.628718,0.47701627,0.43404713,0.6708342,0.50776625,0.66610086,0.3307649,0.5829973,0.9999995,0.5562232,0.84337854,0.7910657,0.32677928,0.59276813,0.5761741,0.45880195,0.42111823,0.5826931
vu,0.57111204,0.4057027,0.5313011,0.3967851,0.48809248,0.4949857,0.6066818,0.68012905,0.53489774,0.6259658,0.49437594,0.5737842,0.47289425,0.5447142,0.53055054,0.50464886,0.53738606,0.50981265,0.5153507,0.60626566,0.85181034,0.5410296,0.58249533,0.6249614,0.54561424,0.6672673,0.58092475,0.63665354,0.76450086,0.58043337,0.5314658,0.52824175,0.65830076,0.5388826,0.60459423,0.77812636,0.48707485,0.6284647,0.47622073,0.54167855,0.5329331,0.5382198,0.55953634,0.6232103,0.49393293,0.5408963,0.6162787,0.6158736,0.6112252,0.56489605,0.5442392,0.40130752,0.38363647,0.41846615,0.69256204,0.52543163,0.41867954,0.5928824,0.5958662,0.49552855,0.57255024,0.60905796,0.60122705,0.42211157,0.58737886,0.49854738,0.60010004,0.6262412,0.38099724,0.61010665,0.63920516,0.49505633,0.6193777,0.6668529,0.58212066,0.53761846,0.6716422,0.6743183,0.5605734,0.6787065,0.60542154,0.60850465,0.66285384,0.47953892,0.6810346,0.76344615,0.54217136,0.5867946,0.7231053,0.6089004,0.38620314,0.40718564,0.54917204,0.48912513,0.6208142,0.4337436,0.7481315,0.62100637,0.6195967,0.40905643,0.52492344,0.6423048,0.32927817,0.6857482,0.7101332,0.6618173,0.58231896,0.6140965,0.70250267,0.60832584,0.5840992,0.41503823,0.48916635,0.6195291,0.6708303,0.5498168,0.50125355,0.66416365,0.48295555,0.562738,0.5031644,0.69210243,0.6314462,0.33715552,0.56763077,0.65984106,0.33844638,0.4948454,0.49855322,0.52556795,0.5848257,0.57161415,0.27289206,0.65007186,0.63062024,0.51818377,0.5993719,0.7246663,0.56783307,0.7236053,0.65045816,0.69021624,0.5655093,0.59072435,0.58212066,0.7014417,0.48787898,0.6527416,0.6276754,0.60460806,0.5717564,0.5227164,0.44163197,0.3532589,0.54990727,0.4624784,0.5984497,0.7161249,0.5795831,0.6136874,0.6048193,0.57443935,0.43042898,0.6157533,0.5683831,0.7224871,0.5660176,0.56435,0.49258274,0.6402965,0.53888255,0.5305933,0.43409216,0.66029197,0.46787834,0.6897236,0.65247375,0.63136744,0.59590894,0.6330925,0.3092159,0.4151794,0.567272,0.5525392,0.50562304,0.5491172,0.51488346,0.5278423,0.47878528,0.65811205,0.5374724,0.3822099,0.5900233,0.66071457,0.5193115,0.42665723,0.5077597,0.46909577,0.6982961,0.6115099,0.52106994,0.7187185,0.48602125,0.42155987,0.5388826,0.53088593,0.51777995,0.695559,0.6251934,0.5482508,0.6051752,0.49525395,0.5540587,0.47056288,0.6565779,0.3679389,0.6036882,0.5054378,0.5861116,0.5579994,0.6017823,0.59101564,0.64247596,0.4304756,0.6405883,0.53982604,0.56924933,0.51275384,0.5783758,0.5838415,0.53991365,0.43029433,0.4993822,0.42968437,0.47312996,0.5946938,0.5946938,0.62550706,0.547096,0.7073811,0.5859663,0.53094614,0.48846042,0.67586315,0.5562232,0.9999998,0.58576375,0.48385686,0.51809216,0.58269465,0.6722802,0.66049546,0.45809788,0.48595643
wf,0.722517,0.57073617,0.55462885,0.64248794,0.5143595,0.81165314,0.67595094,0.64935964,0.5100455,0.67484206,0.5744066,0.7987201,0.46878022,0.5683028,0.5873644,0.6097091,0.5245477,0.527578,0.50597256,0.6860538,0.60059434,0.6687814,0.8215609,0.7039633,0.6898735,0.7311292,0.86419666,0.7369359,0.67050797,0.53555685,0.46704754,0.45179045,0.81563765,0.7438658,0.5874313,0.7162852,0.5896759,0.7715697,0.3022625,0.49573788,0.6841794,0.7092036,0.8108197,0.6092978,0.4790895,0.7555428,0.7181598,0.90494657,0.71011084,0.6463916,0.55950034,0.48427278,0.432838,0.3854039,0.75169015,0.72380793,0.64455515,0.5689411,0.797317,0.5093396,0.66899407,0.58346236,0.7219884,0.44388798,0.6584662,0.51635027,0.6591455,0.8160778,0.6827964,0.604813,0.58929086,0.5210734,0.6216422,0.70413435,0.63833916,0.57398766,0.75133044,0.74346536,0.55576605,0.63497055,0.71917665,0.7288284,0.7652017,0.5678079,0.76561815,0.6737906,0.7908154,0.7771232,0.6514474,0.64641184,0.43687648,0.70209587,0.60070574,0.50645995,0.612561,0.4493391,0.6367677,0.6472235,0.8669726,0.4386747,0.5022059,0.68027514,0.6819653,0.7186998,0.71669596,0.68513036,0.64652854,0.88665134,0.6746537,0.61971796,0.6456292,0.7278682,0.5589253,0.64626765,0.7515141,0.5138897,0.54552054,0.7417417,0.5248292,0.85041124,0.62439513,0.6819755,0.638064,0.6202698,0.71635175,0.69705635,0.63211447,0.5099892,0.3671849,0.6633391,0.7643041,0.58380955,0.7194453,0.79997617,0.7555759,0.53680587,0.703441,0.632456,0.78229815,0.44005126,0.9021567,0.71229345,0.7071826,0.83185494,0.63833916,0.68236125,0.5237327,0.83985555,0.71145415,0.7386923,0.6947782,0.4331596,0.43098745,0.5130332,0.5884001,0.48074073,0.76906,0.6145147,0.7373117,0.61537623,0.64898217,0.70456374,0.5604941,0.5864329,0.56363475,0.6558229,0.481537,0.48528013,0.5255225,0.66822606,0.74386644,0.7186045,0.40973753,0.75893164,0.46045655,0.6789998,0.69461983,0.75291455,0.7819136,0.6819845,0.64432,0.48922536,0.80416036,0.55022883,0.5147227,0.68259066,0.5156641,0.7232094,0.4136445,0.65128374,0.7477761,0.6373861,0.7133225,0.6463635,0.6706179,0.51988,0.36246964,0.4812497,0.69761324,0.6330159,0.525937,0.75334144,0.4982157,0.6557109,0.7438658,0.7155529,0.5314913,0.6625476,0.69430125,0.52433765,0.67249656,0.4586418,0.5568796,0.5302714,0.6328315,0.5277797,0.68737024,0.49814308,0.7091217,0.6037833,0.6316677,0.66385835,0.64992726,0.52995145,0.847247,0.42971635,0.8472293,0.8028589,0.866943,0.7856362,0.40548977,0.84466064,0.38461012,0.6051637,0.6567977,0.7344822,0.7344822,0.61469257,0.61917746,0.7190977,0.5922005,0.7050922,0.50375026,0.7139927,0.84337854,0.58576375,1.0,0.85150695,0.53506595,0.6514374,0.7340992,0.59414196,0.46095616,0.61430323
ws,0.7444954,0.50279796,0.4929284,0.67951447,0.3753007,0.7798659,0.66101027,0.4924006,0.4956806,0.64653456,0.578505,0.7414074,0.3396434,0.5781809,0.5054209,0.62162924,0.49156362,0.4994542,0.4423121,0.7001408,0.45174596,0.64446557,0.776521,0.651135,0.72312194,0.7038001,0.84278226,0.6710546,0.54412174,0.45789438,0.41751748,0.44666132,0.7381042,0.7421996,0.57906675,0.6276243,0.57788986,0.7500233,0.18084988,0.5275893,0.6382544,0.778543,0.76337785,0.5305783,0.36881062,0.7937926,0.7289657,0.8460809,0.58299434,0.6428798,0.5362923,0.53423685,0.46066457,0.35874262,0.7124527,0.72228897,0.68263966,0.5198791,0.7715335,0.45260864,0.69963896,0.60283816,0.615573,0.52672595,0.54592246,0.44679555,0.59994864,0.74747425,0.6850376,0.6131315,0.5488475,0.3897809,0.6101865,0.68332845,0.67924905,0.54410213,0.7187124,0.71526015,0.5374126,0.5638709,0.67365474,0.675398,0.73232496,0.5351839,0.7313975,0.549822,0.73598886,0.73039436,0.56825715,0.54134,0.4413488,0.6856377,0.5752178,0.3776744,0.5982318,0.4724564,0.53510857,0.5703238,0.8237909,0.31528732,0.48455843,0.57899487,0.7455257,0.63564366,0.6707186,0.70784533,0.6209258,0.8456601,0.55875915,0.58283514,0.53672236,0.7043632,0.5081697,0.6724182,0.7223074,0.48114607,0.46146965,0.71530193,0.48404756,0.79513735,0.6062839,0.6131299,0.5769432,0.6602654,0.7055432,0.6752416,0.63046914,0.38574475,0.3709576,0.6434889,0.710836,0.5769254,0.80033165,0.7439977,0.7670207,0.498501,0.6389628,0.543375,0.73742014,0.3670452,0.85674304,0.6869255,0.73340815,0.7793393,0.67924905,0.59538287,0.5176929,0.7845657,0.7034776,0.6767581,0.6927706,0.42329887,0.43599036,0.44469845,0.5570421,0.34398758,0.7582547,0.5893005,0.70858157,0.57980853,0.68101084,0.7708396,0.59786594,0.602494,0.5182623,0.54329103,0.45533127,0.46946773,0.50339115,0.58429456,0.74219966,0.6680003,0.4188336,0.77107644,0.3305454,0.63083404,0.6480767,0.73951983,0.72443,0.6111176,0.68149483,0.42354274,0.76964796,0.54610795,0.38321754,0.7103315,0.45179752,0.7570355,0.38244063,0.5505352,0.6987574,0.6580282,0.7341196,0.6393094,0.65691376,0.57501984,0.3300317,0.52806735,0.6699947,0.5280349,0.45606956,0.71173054,0.3604098,0.66633034,0.7421996,0.6779998,0.4800618,0.602069,0.70866996,0.52650553,0.6538469,0.47613838,0.5047426,0.502322,0.5591019,0.47270045,0.6644842,0.36491305,0.722356,0.44976893,0.53209084,0.65573347,0.5545363,0.58308357,0.80507636,0.3508897,0.7971912,0.78504086,0.8239312,0.78496176,0.3149018,0.9581796,0.34798953,0.6916132,0.62564147,0.7765979,0.7765979,0.58882725,0.59163445,0.6551268,0.53969204,0.64682126,0.37518227,0.6965857,0.7910657,0.48385686,0.85150695,0.99999774,0.5451752,0.5433273,0.7114262,0.5305765,0.4607461,0.5891646
xk,0.617832,0.61693424,0.6094305,0.49284932,0.7213669,0.22859742,0.4835875,0.38792217,0.9186455,0.90437764,0.7284474,0.6486737,0.72701144,0.8999246,0.72146785,0.7600967,0.7329476,0.74683744,0.78272223,0.52903736,0.58446896,0.6800209,0.62116784,0.71053576,0.5847131,0.8074591,0.6084812,0.5750487,0.5458912,0.73992276,0.6416795,0.73774207,0.5659378,0.6195869,0.85789955,0.544904,0.78968966,0.5742503,0.44595218,0.8139493,0.6406203,0.626642,0.45705697,0.7062886,0.7560094,0.6895528,0.5690134,0.4546062,0.48822075,0.75083053,0.74258924,0.82759315,0.78096247,0.7222904,0.83779824,0.70102096,0.33859894,0.80143005,0.6129204,0.66599613,0.68596274,0.7299415,0.5225514,0.6898094,0.5897621,0.597428,0.6564569,0.4875639,0.5114829,0.7692203,0.86462605,0.74542165,0.92728776,0.79936445,0.70214134,0.7590708,0.77323633,0.77579826,0.86558634,0.6935531,0.73193115,0.5855256,0.71945286,0.53956974,0.7626088,0.53354204,0.67704904,0.7115243,0.62618786,0.6246095,0.6122389,0.6576967,0.85970783,0.7391497,0.91913867,0.8416523,0.52874035,0.7297022,0.51501226,0.7029142,0.89089304,0.6727031,0.6928165,0.7277267,0.63029647,0.7580329,0.8320265,0.5110819,0.6636436,0.7869211,0.57911646,0.6803481,0.8118189,0.7329209,0.78216577,0.54715544,0.5840619,0.79547346,0.44957837,0.33372653,0.7109623,0.6386633,0.6846086,0.4839529,0.67648727,0.789587,0.6352469,0.73734885,0.8975914,0.6199546,0.6619901,0.90749973,0.62834686,0.56229573,0.71947986,0.7463899,0.52056164,0.7756882,0.6509211,0.3741132,0.52612144,0.69329315,0.6323615,0.35777795,0.70214134,0.65264314,0.8079282,0.5343779,0.59612954,0.585844,0.561199,0.87405246,0.9046856,0.5600227,0.63816744,0.74631256,0.70325065,0.62193215,0.52395135,0.5219019,0.69320256,0.6567611,0.50747687,0.71540546,0.70414126,0.6408101,0.7252252,0.79340374,0.87390375,0.7408042,0.6195869,0.69073033,0.77986586,0.55782515,0.7458602,0.6210964,0.6972227,0.63682485,0.67453796,0.36401176,0.6785771,0.61852616,0.7222096,0.7696264,0.73754615,0.6566017,0.61059135,0.36995474,0.90415895,0.7256681,0.65904456,0.7704369,0.630306,0.7188794,0.6922317,0.7774165,0.77162904,0.78864884,0.67028385,0.59206766,0.7381958,0.72911644,0.73553824,0.64100397,0.6195869,0.686846,0.8090533,0.865077,0.6076032,0.9531099,0.7011262,0.66587555,0.5882019,0.8423995,0.62896186,0.63947195,0.67253375,0.7188571,0.5980198,0.82956725,0.5805457,0.6967307,0.63983464,0.71423507,0.47784457,0.6886162,0.43772665,0.4438798,0.43685818,0.5052712,0.8419741,0.40300792,0.6344109,0.6637938,0.404863,0.7639261,0.7639261,0.81934136,0.834211,0.69191825,0.62211156,0.5064448,0.73114944,0.8106564,0.32677928,0.51809216,0.53506595,0.5451752,1.0000014,0.59405863,0.8257994,0.65330064,0.43014237,0.47700375
ye,0.5674407,0.82675683,0.5629369,0.51706463,0.6377298,0.496707,0.5261796,0.65664315,0.62278247,0.7566501,0.6989662,0.9221715,0.55987626,0.5997863,0.5544981,0.52729625,0.5507029,0.47580606,0.54490054,0.5484065,0.7067167,0.5387673,0.64182585,0.6421505,0.58372813,0.6463952,0.6873665,0.6192397,0.8735815,0.63102347,0.5508663,0.5160852,0.68982863,0.71498376,0.50608265,0.7106749,0.6191282,0.55082905,0.430995,0.5235734,0.6182854,0.5544764,0.7079319,0.60674936,0.5804772,0.62081915,0.59223264,0.63588417,0.63645774,0.5053783,0.56264824,0.5469556,0.4378459,0.5153134,0.6681236,0.60731864,0.31048575,0.68055654,0.76619136,0.6100092,0.7509496,0.57124484,0.64524406,0.07784307,0.99571544,0.78685427,0.55468,0.7231486,0.6005709,0.41235062,0.6483712,0.62633216,0.65856093,0.533638,0.5727749,0.60915446,0.54851395,0.5505633,0.5710021,0.63819665,0.626823,0.5837124,0.55258304,0.46366155,0.5444517,0.8214702,0.74195296,0.6834999,0.76413006,0.5852926,0.33961764,0.7576318,0.652354,0.5974915,0.62106776,0.54953367,0.6529993,0.6132521,0.7002171,0.51998436,0.6960174,0.92632127,0.5341459,0.9535817,0.6131918,0.6384591,0.7163764,0.6771631,0.94579756,0.62985706,0.99063414,0.8041667,0.6440048,0.5993445,0.69467497,0.38625464,0.7663703,0.6178777,0.5124235,0.59603465,0.5932796,0.6484797,0.7052884,0.42067528,0.60225505,0.6471713,0.6878071,0.59471583,0.52022386,0.63270754,0.81372106,0.5986688,0.4326635,0.63355905,0.6371095,0.79107213,0.54512614,0.8795202,0.8668092,0.3547935,0.66812986,0.6114519,0.55076,0.5861702,0.5727749,0.66924834,0.61006665,0.68172455,0.58756554,0.660551,0.609268,0.60313976,0.5330492,0.5072326,0.60618186,0.6019723,0.65519285,0.6380379,0.60824394,0.55147827,0.55026627,0.51541245,0.2770382,0.56920785,0.5969243,0.8966135,0.5078911,0.5407154,0.7661127,0.94752824,0.71498376,0.60839224,0.53843844,0.6224976,0.5716109,0.58821625,0.65329415,0.6346365,0.82771385,0.6135605,0.55447125,0.49867076,0.69298714,0.6090146,0.6195322,0.6086986,0.79556376,0.5515989,0.50723624,0.93616074,0.6190872,0.5837437,0.5753926,0.4827246,0.5069375,0.56425786,0.5414331,0.5310682,0.6708888,0.9082191,0.59279406,0.65128684,0.6143569,0.50143254,0.71498376,0.55437905,0.7924001,0.68497217,0.5731033,0.6196251,0.48035818,0.575245,0.6056113,0.7958398,0.69309163,0.85514635,0.5458847,0.6176506,0.5628994,0.6080368,0.58701706,0.44308192,0.9358748,0.44903886,0.6191218,0.50320125,0.66375566,0.60433996,0.6428033,0.5997134,0.56975496,0.47467571,0.43850106,0.45317668,0.41609624,0.6279706,0.6279706,0.5984359,0.81744885,0.6394143,0.52701885,0.53070503,0.5967774,0.627782,0.59276813,0.58269465,0.6514374,0.5433273,0.59405863,1.0000004,0.6451947,0.6164706,0.42887002,0.48054376
yt,0.69681674,0.6264797,0.598948,0.61157036,0.70954883,0.5753354,0.71952033,0.513747,0.80071324,0.92877465,0.66484547,0.7642097,0.70858854,0.8936519,0.7464062,0.794902,0.68292433,0.6979802,0.7253907,0.6337089,0.7330037,0.8250935,0.83337724,0.8086225,0.737461,0.97588015,0.7884853,0.8136162,0.7298456,0.7908906,0.7327302,0.6651335,0.81503886,0.75056016,0.8947545,0.7442146,0.6900065,0.7554383,0.5678188,0.76482815,0.79222506,0.7508287,0.62508047,0.7782324,0.7270766,0.79704726,0.76353896,0.71958745,0.73341584,0.7943693,0.7517932,0.734169,0.70573676,0.6829834,0.9684589,0.80011624,0.57145315,0.8557755,0.7577064,0.71704423,0.721913,0.808826,0.76601255,0.7537824,0.6533452,0.59938663,0.7944704,0.72270715,0.7190914,0.88518,0.9007889,0.73645484,0.9398047,0.9254179,0.69440705,0.79545176,0.9318387,0.9190908,0.8147323,0.82958186,0.8147824,0.7506902,0.89608586,0.74004924,0.92154574,0.7202079,0.8578846,0.8396253,0.75965786,0.7292744,0.48562896,0.74247956,0.8507201,0.73136425,0.89201224,0.70137495,0.72994274,0.80272,0.70852077,0.6473493,0.8274184,0.73667586,0.70286334,0.8092483,0.7989214,0.82668626,0.89217657,0.7217264,0.791392,0.8445134,0.65103775,0.7704862,0.76551074,0.75830984,0.9270213,0.6118866,0.60237736,0.96650994,0.5466331,0.5861177,0.66438854,0.7522534,0.78485024,0.65932953,0.75115615,0.9560747,0.6423279,0.73243135,0.7958386,0.6361724,0.8302294,0.9229764,0.7109964,0.81009,0.8209403,0.7474461,0.78155136,0.8142047,0.7686821,0.55232346,0.7888292,0.83643615,0.73410213,0.6376411,0.69440705,0.8234265,0.7363342,0.78106844,0.72995186,0.77082217,0.7591831,0.76516336,0.7185067,0.6797872,0.74570745,0.72215116,0.84274536,0.75099456,0.73067045,0.648314,0.7398348,0.7898405,0.7174971,0.7431367,0.71193665,0.78569835,0.73788524,0.7317035,0.78844583,0.7731631,0.75056016,0.81344664,0.6714229,0.8086532,0.7119153,0.7763833,0.80397946,0.7388842,0.8257097,0.5426897,0.7727915,0.6961088,0.85864955,0.814981,0.7384024,0.74179184,0.6203676,0.5554458,0.76295954,0.7682463,0.8300442,0.79621047,0.6947353,0.8536345,0.8229327,0.7665581,0.73296297,0.7622111,0.77710974,0.6082441,0.7296722,0.8765201,0.7167491,0.75581074,0.75056016,0.83128977,0.7853705,0.94715756,0.7330336,0.86703044,0.80943793,0.6569764,0.7122731,0.7620264,0.76445436,0.62308764,0.7796959,0.7196634,0.67088777,0.8139859,0.7395767,0.8245345,0.71518046,0.653229,0.6956854,0.7697961,0.630187,0.6724397,0.671196,0.72633266,0.80260605,0.59607357,0.69328654,0.7655949,0.5951407,0.85505235,0.85505235,0.8999888,0.8202557,0.88598704,0.7263755,0.74576443,0.72959316,0.9681606,0.5761741,0.6722802,0.7340992,0.7114262,0.8257994,0.6451947,0.99999815,0.7190279,0.63729995,0.70074636
za,0.55949867,0.5521459,0.54505575,0.47872716,0.5893323,0.409899,0.534108,0.5434376,0.6726201,0.72409403,0.5892663,0.6328627,0.55136925,0.6681154,0.5767284,0.5211246,0.6320392,0.5546908,0.561312,0.56351,0.6853549,0.64745724,0.58496,0.66145074,0.6320374,0.7065944,0.61545193,0.66171664,0.676906,0.6485467,0.56457585,0.58904076,0.65481246,0.6529964,0.739449,0.60466486,0.5904195,0.5873785,0.44504517,0.63728476,0.5335598,0.6076442,0.5395588,0.64193237,0.57833827,0.62796885,0.5963105,0.5471777,0.6406881,0.6014123,0.6789757,0.5280956,0.5361449,0.5892629,0.73117554,0.6477733,0.26593634,0.6162404,0.5781096,0.5426679,0.60273033,0.6615728,0.6407902,0.45715034,0.61801934,0.5609525,0.5698208,0.58403194,0.49513942,0.66662514,0.705571,0.5908766,0.73239,0.6946339,0.62559706,0.61578226,0.7147263,0.722594,0.6201904,0.64323914,0.6225425,0.6068032,0.68548954,0.459078,0.69770336,0.66472274,0.6225934,0.6559022,0.7378481,0.56004685,0.3719006,0.58231646,0.6982451,0.57089543,0.7180209,0.58740246,0.6782501,0.6376619,0.593535,0.5113579,0.64818037,0.6834633,0.46882796,0.7031635,0.6324737,0.7066144,0.68574643,0.57135457,0.71588653,0.6545703,0.62625456,0.567335,0.58183753,0.6747966,0.70648086,0.44686455,0.5370434,0.6842107,0.42585155,0.47080913,0.5522343,0.6229893,0.7397643,0.44700754,0.56863886,0.6967744,0.5467334,0.5693886,0.62974834,0.57493675,0.6537071,0.68081343,0.3942511,0.6271645,0.65850145,0.56975806,0.6623275,0.7417356,0.56578034,0.5157347,0.60346043,0.6440294,0.5718675,0.48820215,0.62559706,0.66192657,0.621766,0.5809938,0.61775434,0.6754182,0.5892409,0.6355151,0.6087932,0.46160996,0.62313807,0.57409376,0.6377642,0.6298985,0.59844613,0.4528412,0.6427711,0.60542554,0.3714134,0.6349701,0.51147085,0.6781988,0.6236206,0.6409052,0.6301613,0.69692934,0.6529964,0.5795994,0.48940837,0.60376674,0.55938846,0.6083569,0.6569017,0.6255779,0.6492717,0.5637709,0.429669,0.45390525,0.6589864,0.58035105,0.5853171,0.6298909,0.557118,0.5004624,0.60326654,0.7195919,0.57694227,0.532544,0.5773636,0.6472971,0.6277779,0.55440605,0.6210509,0.5406787,0.71401954,0.6711649,0.5433256,0.683019,0.5879361,0.5638041,0.6529964,0.63481575,0.65623873,0.7588449,0.6328128,0.6863091,0.58487725,0.4754752,0.5697844,0.6135559,0.6187993,0.51279414,0.6323371,0.5825504,0.5625633,0.66156983,0.61242044,0.63826185,0.65001357,0.46424183,0.53972036,0.5944697,0.537237,0.48603055,0.50845057,0.58180356,0.63392663,0.42361212,0.58709633,0.45085895,0.4332557,0.6576848,0.6576848,0.65667856,0.6237277,0.6938304,0.5967821,0.61836326,0.56999844,0.71746147,0.45880195,0.66049546,0.59414196,0.5305765,0.65330064,0.6164706,0.7190279,1.0000001,0.47267583,0.4530313
zm,0.5574741,0.4640753,0.3997629,0.45800704,0.33621997,0.37908083,0.45840666,0.2790011,0.52468556,0.60381293,0.4673357,0.50324273,0.3087638,0.5438837,0.5121245,0.61031824,0.44370055,0.4246207,0.47223228,0.6190981,0.51323867,0.56627256,0.5693729,0.5840499,0.71793467,0.6438916,0.4683718,0.654775,0.583765,0.46321565,0.64520615,0.5481552,0.71379244,0.46379852,0.55684865,0.47561458,0.33405194,0.5119266,0.70572984,0.40096682,0.56345034,0.736725,0.45428467,0.5336015,0.3510043,0.55599004,0.6494898,0.472578,0.596258,0.5002875,0.41914532,0.41199788,0.3845907,0.5490209,0.6507601,0.56526583,0.5224494,0.5690601,0.49153948,0.56947446,0.44058815,0.61587286,0.6271878,0.4615086,0.43125737,0.4428615,0.4846288,0.6144261,0.6578578,0.5506749,0.55738705,0.34758618,0.58686066,0.58812034,0.550627,0.6597818,0.59783167,0.6123344,0.50481135,0.5551315,0.50352144,0.58757746,0.5836411,0.65881956,0.6114012,0.5561004,0.56133926,0.56529623,0.45719868,0.48752055,0.39361703,0.6284679,0.54138905,0.34198886,0.5559347,0.3296514,0.5415633,0.58355063,0.4898473,0.18896316,0.5606016,0.42063,0.42138398,0.5500096,0.51557225,0.6975906,0.5494873,0.46184748,0.5630278,0.5213734,0.42785847,0.6081528,0.44345745,0.6504071,0.6099712,0.5780291,0.4212495,0.6077292,0.44949841,0.43432826,0.3726203,0.501514,0.6201064,0.6390179,0.4766072,0.62047434,0.54824805,0.35005215,0.5343094,0.38064343,0.5566175,0.56972855,0.42004806,0.6528894,0.54809326,0.50445944,0.60862494,0.50277126,0.5072563,0.33763105,0.5185866,0.53625196,0.60202926,0.5045111,0.550627,0.52336675,0.41177064,0.5995225,0.74756354,0.6532573,0.5404872,0.5810301,0.33811414,0.47273946,0.58832693,0.32737082,0.5806681,0.55106866,0.49222893,0.5035158,0.6168976,0.52937907,0.55395645,0.4361338,0.55198866,0.5927357,0.57262146,0.54603857,0.48979512,0.49040502,0.46379852,0.48209274,0.3398562,0.7310942,0.30859005,0.48813418,0.55005085,0.53078,0.5418568,0.4258446,0.47115764,0.4722285,0.5685252,0.530653,0.3620875,0.4849993,0.46632835,0.58642435,0.45597365,0.46949655,0.509867,0.4337759,0.6128431,0.5212861,0.5008841,0.59491175,0.62860316,0.5040856,0.5376751,0.44404802,0.5262929,0.5670732,0.33260766,0.4078216,0.46379852,0.5110596,0.5875495,0.59779775,0.7305396,0.49605826,0.5742913,0.51298636,0.66933197,0.46218586,0.42740232,0.5117191,0.5323137,0.36032075,0.608463,0.41937232,0.564148,0.50627834,0.5170878,0.47543463,0.5407603,0.61773014,0.4255942,0.45140904,0.4373565,0.44276786,0.454804,0.39292938,0.49276578,0.6123351,0.5458252,0.56888765,0.56888765,0.5424785,0.5645711,0.71931756,0.6143837,0.5392425,0.34788036,0.6389186,0.42111823,0.45809788,0.46095616,0.4607461,0.43014237,0.42887002,0.63729995,0.47267583,1.0000004,0.5772054
zw,0.5743485,0.41063008,0.41451374,0.5536314,0.4203398,0.5623019,0.59452033,0.46753302,0.504642,0.6162781,0.43044767,0.5794689,0.45137545,0.5789679,0.53488904,0.60537356,0.4367889,0.47173342,0.564274,0.5020508,0.58954537,0.5818686,0.7689204,0.56202114,0.6090582,0.69810134,0.6271551,0.6436047,0.60715425,0.58157605,0.5940225,0.32334644,0.7181221,0.58203804,0.59482974,0.6961599,0.3205447,0.60322523,0.52724266,0.47220594,0.60735047,0.622648,0.57086766,0.5694812,0.46886134,0.5637598,0.6186908,0.6656314,0.6121533,0.7302877,0.5603665,0.46310246,0.45103112,0.44967037,0.70036834,0.5355651,0.5992459,0.6506705,0.5911335,0.5520271,0.5038407,0.4866653,0.6288732,0.48492396,0.49005124,0.38424546,0.6227346,0.66549754,0.5715936,0.6165755,0.5869699,0.45552796,0.59599096,0.6563189,0.47673088,0.57055706,0.69473773,0.6866204,0.5044248,0.63343114,0.6132323,0.6558947,0.6890796,0.6703845,0.70401263,0.597226,0.64595604,0.63714695,0.601766,0.5910818,0.38922286,0.5673115,0.60430485,0.47361872,0.5670055,0.30781722,0.588472,0.611103,0.61871827,0.37310785,0.51188165,0.5172435,0.45097634,0.5976722,0.6395431,0.5930888,0.52960336,0.6317199,0.6085408,0.58053756,0.49542397,0.6003354,0.46138474,0.5411931,0.69889194,0.50155383,0.41910475,0.7115463,0.5468111,0.58971274,0.49863088,0.5892643,0.5822677,0.5568733,0.7113826,0.6673568,0.36436328,0.4743093,0.45390522,0.39639533,0.6308571,0.5940168,0.5202885,0.64516413,0.61310315,0.5073733,0.64025867,0.557436,0.58232176,0.39126396,0.6873447,0.64270097,0.60746956,0.6193608,0.47673088,0.71575433,0.4482974,0.68232846,0.65085685,0.62930036,0.57639986,0.47432068,0.3955133,0.5599612,0.45909852,0.4391038,0.7195192,0.5949095,0.5163842,0.61533034,0.5301075,0.56861997,0.6314454,0.5581545,0.5727948,0.6352732,0.46033537,0.4722328,0.46581578,0.53572017,0.58203804,0.6547038,0.3212554,0.72699946,0.44194475,0.60681057,0.57550174,0.56933665,0.63523,0.4262926,0.6583443,0.64266366,0.6416858,0.5932878,0.47978893,0.5646788,0.4339777,0.53703004,0.44828063,0.5289556,0.73455685,0.5104746,0.57940185,0.6190082,0.57907623,0.53317124,0.4781859,0.5306566,0.615443,0.36548096,0.46376464,0.67450386,0.44018647,0.5268574,0.58203804,0.6003377,0.52771354,0.64451104,0.6162637,0.49395844,0.7567245,0.57015336,0.6508502,0.44776094,0.6822913,0.44042748,0.6642189,0.44956625,0.5675858,0.50896037,0.74733776,0.68220717,0.56306815,0.50250596,0.5546363,0.54357576,0.5655913,0.64156246,0.6369926,0.5927274,0.4640224,0.55307376,0.45435068,0.57533216,0.69792783,0.61203,0.61203,0.54503185,0.55680305,0.680629,0.5781045,0.61841273,0.47437954,0.6914721,0.5826931,0.48595643,0.61430323,0.5891646,0.47700375,0.48054376,0.70074636,0.4530313,0.5772054,0.9999997
